"id","internal_id","state_name","city_name","village_name","neighborhood_name","location_type"
1,21,"Варна",NULL,NULL,NULL,"state"
2,2976,"Сливен",NULL,NULL,NULL,"state"
3,4668,"София",NULL,NULL,NULL,"state"
4,10399,"Хасково",NULL,NULL,NULL,"state"
5,12790,"Софийска",NULL,NULL,NULL,"state"
6,16513,"Силистра",NULL,NULL,NULL,"state"
7,17789,"Видин",NULL,NULL,NULL,"state"
8,18921,"Шумен",NULL,NULL,NULL,"state"
9,20651,"Бургас",NULL,NULL,NULL,"state"
10,24661,"Благоевград",NULL,NULL,NULL,"state"
11,28119,"Търговище",NULL,NULL,NULL,"state"
12,29397,"Габрово",NULL,NULL,NULL,"state"
13,31286,"Смолян",NULL,NULL,NULL,"state"
14,32975,"Русе",NULL,NULL,NULL,"state"
15,35391,"Враца",NULL,NULL,NULL,"state"
16,37506,"Пазарджик",NULL,NULL,NULL,"state"
17,40131,"Плевен",NULL,NULL,NULL,"state"
18,42874,"Ямбол",NULL,NULL,NULL,"state"
19,43947,"Кюстендил",NULL,NULL,NULL,"state"
20,45699,"Велико Търново",NULL,NULL,NULL,"state"
21,48646,"Монтана",NULL,NULL,NULL,"state"
22,50372,"Ловеч",NULL,NULL,NULL,"state"
23,52378,"Пловдив",NULL,NULL,NULL,"state"
24,58094,"Перник",NULL,NULL,NULL,"state"
25,59587,"Кърджали",NULL,NULL,NULL,"state"
26,61154,"Стара Загора",NULL,NULL,NULL,"state"
27,63804,"Добрич",NULL,NULL,NULL,"state"
28,65828,"Разград",NULL,NULL,NULL,"state"
29,22,"Варна","Варна",NULL,NULL,"city"
30,1040,"Варна","Девня",NULL,NULL,"city"
31,1255,"Варна","Белослав",NULL,NULL,"city"
32,1348,"Варна","Златни Пясъци",NULL,NULL,"city"
33,1373,"Варна","Провадия",NULL,NULL,"city"
34,1509,"Варна","Вълчи Дол",NULL,NULL,"city"
35,1575,"Варна","Долни Чифлик",NULL,NULL,"city"
36,1726,"Варна","Бяла",NULL,NULL,"city"
37,1829,"Варна","Аксаково",NULL,NULL,"city"
38,2207,"Варна","Дългопол",NULL,NULL,"city"
39,2327,"Варна","Игнатиево",NULL,NULL,"city"
40,2665,"Варна","Суворово",NULL,NULL,"city"
41,2977,"Сливен","Нова Загора",NULL,NULL,"city"
42,3171,"Сливен","Сливен",NULL,NULL,"city"
43,3666,"Сливен","Котел",NULL,NULL,"city"
44,3773,"Сливен","Твърдица",NULL,NULL,"city"
45,3886,"Сливен","Шивачево",NULL,NULL,"city"
46,4191,"Сливен","Кермен",NULL,NULL,"city"
47,4669,"София","София",NULL,NULL,"city"
48,8692,"София","Банкя",NULL,NULL,"city"
49,9698,"София","Нови Искър",NULL,NULL,"city"
50,10023,"София","Бухово",NULL,NULL,"city"
51,10400,"Хасково","Хасково",NULL,NULL,"city"
52,10906,"Хасково","Свиленград",NULL,NULL,"city"
53,11145,"Хасково","Димитровград",NULL,NULL,"city"
54,11369,"Хасково","Харманли",NULL,NULL,"city"
55,11529,"Хасково","Любимец",NULL,NULL,"city"
56,11657,"Хасково","Симеоновград",NULL,NULL,"city"
57,12073,"Хасково","Ивайловград",NULL,NULL,"city"
58,12265,"Хасково","Маджарово",NULL,NULL,"city"
59,12319,"Хасково","Меричлери",NULL,NULL,"city"
60,12574,"Хасково","Тополовград",NULL,NULL,"city"
61,12791,"Софийска","Ботевград",NULL,NULL,"city"
62,12932,"Софийска","Ихтиман",NULL,NULL,"city"
63,13058,"Софийска","Костенец",NULL,NULL,"city"
64,13179,"Софийска","Елин Пелин",NULL,NULL,"city"
65,13284,"Софийска","Етрополе",NULL,NULL,"city"
66,13425,"Софийска","Правец",NULL,NULL,"city"
67,13507,"Софийска","Божурище",NULL,NULL,"city"
68,13603,"Софийска","Боровец",NULL,NULL,"city"
69,13654,"Софийска","Драгоман",NULL,NULL,"city"
70,13727,"Софийска","Костинброд",NULL,NULL,"city"
71,13955,"Софийска","Самоков",NULL,NULL,"city"
72,14154,"Софийска","Своге",NULL,NULL,"city"
73,14300,"Софийска","Сливница",NULL,NULL,"city"
74,14443,"Софийска","Пирдоп",NULL,NULL,"city"
75,14566,"Софийска","Златица",NULL,NULL,"city"
76,14681,"Софийска","Долна Баня",NULL,NULL,"city"
77,15123,"Софийска","Годеч",NULL,NULL,"city"
78,15461,"Софийска","Копривщица",NULL,NULL,"city"
79,15710,"Софийска","Момин Проход",NULL,NULL,"city"
80,16514,"Силистра","Силистра",NULL,NULL,"city"
81,16816,"Силистра","Тутракан",NULL,NULL,"city"
82,16957,"Силистра","Дулово",NULL,NULL,"city"
83,17035,"Силистра","Алфатар",NULL,NULL,"city"
84,17201,"Силистра","Главиница",NULL,NULL,"city"
85,17790,"Видин","Видин",NULL,NULL,"city"
86,18095,"Видин","Кула",NULL,NULL,"city"
87,18159,"Видин","Белоградчик",NULL,NULL,"city"
88,18306,"Видин","Брегово",NULL,NULL,"city"
89,18454,"Видин","Грамада",NULL,NULL,"city"
90,18493,"Видин","Димово",NULL,NULL,"city"
91,18566,"Видин","Дунавци",NULL,NULL,"city"
92,18922,"Шумен","Шумен",NULL,NULL,"city"
93,19439,"Шумен","Велики Преслав",NULL,NULL,"city"
94,19567,"Шумен","Нови Пазар",NULL,NULL,"city"
95,19673,"Шумен","Плиска",NULL,NULL,"city"
96,19702,"Шумен","Смядово",NULL,NULL,"city"
97,19802,"Шумен","Каспичан",NULL,NULL,"city"
98,19981,"Шумен","Върбица",NULL,NULL,"city"
99,20170,"Шумен","Каолиново",NULL,NULL,"city"
100,20652,"Бургас","Айтос",NULL,NULL,"city"
101,20839,"Бургас","Бургас",NULL,NULL,"city"
102,21448,"Бургас","Карнобат",NULL,NULL,"city"
103,21627,"Бургас","Поморие",NULL,NULL,"city"
104,21777,"Бургас","Ахелой",NULL,NULL,"city"
105,21811,"Бургас","Царево",NULL,NULL,"city"
106,21926,"Бургас","Созопол",NULL,NULL,"city"
107,22040,"Бургас","Слънчев Бряг",NULL,NULL,"city"
108,22634,"Бургас","Приморско",NULL,NULL,"city"
109,22718,"Бургас","Несебър",NULL,NULL,"city"
110,22835,"Бургас","Черноморец",NULL,NULL,"city"
111,22921,"Бургас","Каблешково",NULL,NULL,"city"
112,22986,"Бургас","Китен",NULL,NULL,"city"
113,23082,"Бургас","Свети Влас",NULL,NULL,"city"
114,23182,"Бургас","Средец",NULL,NULL,"city"
115,23298,"Бургас","Ахтопол",NULL,NULL,"city"
116,23342,"Бургас","Малко Търново",NULL,NULL,"city"
117,23427,"Бургас","Обзор",NULL,NULL,"city"
118,23579,"Бургас","Българово",NULL,NULL,"city"
119,23869,"Бургас","Камено",NULL,NULL,"city"
120,24426,"Бургас","Сунгурларе",NULL,NULL,"city"
121,24662,"Благоевград","Благоевград",NULL,NULL,"city"
122,25012,"Благоевград","Петрич",NULL,NULL,"city"
123,25233,"Благоевград","Сандански",NULL,NULL,"city"
124,25444,"Благоевград","Банско",NULL,NULL,"city"
125,25678,"Благоевград","Кресна",NULL,NULL,"city"
126,25755,"Благоевград","Гоце Делчев",NULL,NULL,"city"
127,25959,"Благоевград","Мелник",NULL,NULL,"city"
128,25974,"Благоевград","Симитли",NULL,NULL,"city"
129,26132,"Благоевград","Хаджидимово",NULL,NULL,"city"
130,26439,"Благоевград","Разлог",NULL,NULL,"city"
131,26650,"Благоевград","Добринище",NULL,NULL,"city"
132,26748,"Благоевград","Белица",NULL,NULL,"city"
133,26794,"Благоевград","Якоруда",NULL,NULL,"city"
134,28120,"Търговище","Търговище",NULL,NULL,"city"
135,28392,"Търговище","Попово",NULL,NULL,"city"
136,28554,"Търговище","Омуртаг",NULL,NULL,"city"
137,28677,"Търговище","Антоново",NULL,NULL,"city"
138,29135,"Търговище","Опака",NULL,NULL,"city"
139,29398,"Габрово","Габрово",NULL,NULL,"city"
140,30032,"Габрово","Дряново",NULL,NULL,"city"
141,30113,"Габрово","Севлиево",NULL,NULL,"city"
142,30303,"Габрово","Плачковци",NULL,NULL,"city"
143,30334,"Габрово","Трявна",NULL,NULL,"city"
144,31287,"Смолян","Смолян",NULL,NULL,"city"
145,31556,"Смолян","Златоград",NULL,NULL,"city"
146,31656,"Смолян","Мадан",NULL,NULL,"city"
147,31727,"Смолян","Рудозем",NULL,NULL,"city"
148,31773,"Смолян","Чепеларе",NULL,NULL,"city"
149,31874,"Смолян","Девин",NULL,NULL,"city"
150,32010,"Смолян","Доспат",NULL,NULL,"city"
151,32535,"Смолян","Неделино",NULL,NULL,"city"
152,33156,"Русе","Русе",NULL,NULL,"city"
153,35392,"Враца","Враца",NULL,NULL,"city"
154,35728,"Враца","Козлодуй",NULL,NULL,"city"
155,35947,"Враца","Мездра",NULL,NULL,"city"
156,36049,"Враца","Бяла Слатина",NULL,NULL,"city"
157,36160,"Враца","Роман",NULL,NULL,"city"
158,36213,"Враца","Мизия",NULL,NULL,"city"
159,36286,"Враца","Оряхово",NULL,NULL,"city"
160,36384,"Враца","Криводол",NULL,NULL,"city"
161,37507,"Пазарджик","Пазарджик",NULL,NULL,"city"
162,37819,"Пазарджик","Велинград",NULL,NULL,"city"
163,38120,"Пазарджик","Панагюрище",NULL,NULL,"city"
164,38354,"Пазарджик","Пещера",NULL,NULL,"city"
165,38510,"Пазарджик","Батак",NULL,NULL,"city"
166,38587,"Пазарджик","Белово",NULL,NULL,"city"
167,38663,"Пазарджик","Септември",NULL,NULL,"city"
168,38734,"Пазарджик","Стрелча",NULL,NULL,"city"
169,38834,"Пазарджик","Ракитово",NULL,NULL,"city"
170,38931,"Пазарджик","Брацигово",NULL,NULL,"city"
171,39125,"Пазарджик","Ветрен",NULL,NULL,"city"
172,39538,"Пазарджик","Костандово",NULL,NULL,"city"
173,39968,"Пазарджик","Сърница",NULL,NULL,"city"
174,40132,"Плевен","Плевен",NULL,NULL,"city"
175,40587,"Плевен","Белене",NULL,NULL,"city"
176,40679,"Плевен","Кнежа",NULL,NULL,"city"
177,40803,"Плевен","Долни Дъбник",NULL,NULL,"city"
178,40888,"Плевен","Никопол",NULL,NULL,"city"
179,40944,"Плевен","Червен Бряг",NULL,NULL,"city"
180,41073,"Плевен","Левски",NULL,NULL,"city"
181,41591,"Плевен","Гулянци",NULL,NULL,"city"
182,41682,"Плевен","Долна Митрополия",NULL,NULL,"city"
183,41820,"Плевен","Искър",NULL,NULL,"city"
184,41940,"Плевен","Койнаре",NULL,NULL,"city"
185,42309,"Плевен","Пордим",NULL,NULL,"city"
186,42478,"Плевен","Славяново",NULL,NULL,"city"
187,42654,"Плевен","Тръстеник",NULL,NULL,"city"
188,42875,"Ямбол","Ямбол",NULL,NULL,"city"
189,43218,"Ямбол","Елхово",NULL,NULL,"city"
190,43321,"Ямбол","Стралджа",NULL,NULL,"city"
191,43420,"Ямбол","Болярово",NULL,NULL,"city"
192,43948,"Кюстендил","Дупница",NULL,NULL,"city"
193,44262,"Кюстендил","Кюстендил",NULL,NULL,"city"
194,44669,"Кюстендил","Бобов Дол",NULL,NULL,"city"
195,44731,"Кюстендил","Рила",NULL,NULL,"city"
196,44790,"Кюстендил","Бобошево",NULL,NULL,"city"
197,44852,"Кюстендил","Кочериново",NULL,NULL,"city"
198,45380,"Кюстендил","Сапарева Баня",NULL,NULL,"city"
199,45700,"Велико Търново","Велико Търново",NULL,NULL,"city"
200,46029,"Велико Търново","Горна Оряховица",NULL,NULL,"city"
201,46238,"Велико Търново","Лясковец",NULL,NULL,"city"
202,46322,"Велико Търново","Свищов",NULL,NULL,"city"
203,46527,"Велико Търново","Долна Оряховица",NULL,NULL,"city"
204,46589,"Велико Търново","Стражица",NULL,NULL,"city"
205,46669,"Велико Търново","Елена",NULL,NULL,"city"
206,46813,"Велико Търново","Дебелец",NULL,NULL,"city"
207,46862,"Велико Търново","Златарица",NULL,NULL,"city"
208,46916,"Велико Търново","Килифарево",NULL,NULL,"city"
209,46963,"Велико Търново","Павликени",NULL,NULL,"city"
210,47067,"Велико Търново","Полски Тръмбеш",NULL,NULL,"city"
211,47132,"Велико Търново","Сухиндол",NULL,NULL,"city"
212,47373,"Велико Търново","Бяла Черква",NULL,NULL,"city"
213,48647,"Монтана","Лом",NULL,NULL,"city"
214,48939,"Монтана","Монтана",NULL,NULL,"city"
215,49202,"Монтана","Вършец",NULL,NULL,"city"
216,49284,"Монтана","Бойчиновци",NULL,NULL,"city"
217,49313,"Монтана","Брусарци",NULL,NULL,"city"
218,49350,"Монтана","Вълчедръм",NULL,NULL,"city"
219,50109,"Монтана","Чипровци",NULL,NULL,"city"
220,50193,"Монтана","Берковица",NULL,NULL,"city"
221,50373,"Ловеч","Ловеч",NULL,NULL,"city"
222,50665,"Ловеч","Троян",NULL,NULL,"city"
223,50831,"Ловеч","Априлци",NULL,NULL,"city"
224,50999,"Ловеч","Луковит",NULL,NULL,"city"
225,51138,"Ловеч","Тетевен",NULL,NULL,"city"
226,51278,"Ловеч","Ябланица",NULL,NULL,"city"
227,51939,"Ловеч","Летница",NULL,NULL,"city"
228,52266,"Ловеч","Угърчин",NULL,NULL,"city"
229,52379,"Пловдив","Асеновград",NULL,NULL,"city"
230,52753,"Пловдив","Карлово",NULL,NULL,"city"
231,52948,"Пловдив","Пловдив",NULL,NULL,"city"
232,54096,"Пловдив","Сопот",NULL,NULL,"city"
233,54220,"Пловдив","Калофер",NULL,NULL,"city"
234,54316,"Пловдив","Брезово",NULL,NULL,"city"
235,54375,"Пловдив","Перущица",NULL,NULL,"city"
236,54464,"Пловдив","Съединение",NULL,NULL,"city"
237,54576,"Пловдив","Раковски",NULL,NULL,"city"
238,54786,"Пловдив","Първомай",NULL,NULL,"city"
239,54999,"Пловдив","Садово",NULL,NULL,"city"
240,55041,"Пловдив","Стамболийски",NULL,NULL,"city"
241,55160,"Пловдив","Хисаря",NULL,NULL,"city"
242,55272,"Пловдив","Клисура",NULL,NULL,"city"
243,55443,"Пловдив","Баня",NULL,NULL,"city"
244,56670,"Пловдив","Куклен",NULL,NULL,"city"
245,56843,"Пловдив","Лъки",NULL,NULL,"city"
246,57983,"Пловдив","Кричим",NULL,NULL,"city"
247,58095,"Перник","Перник",NULL,NULL,"city"
248,58690,"Перник","Батановци",NULL,NULL,"city"
249,58721,"Перник","Брезник",NULL,NULL,"city"
250,58812,"Перник","Радомир",NULL,NULL,"city"
251,58963,"Перник","Трън",NULL,NULL,"city"
252,59233,"Перник","Земен",NULL,NULL,"city"
253,59588,"Кърджали","Кърджали",NULL,NULL,"city"
254,59843,"Кърджали","Ардино",NULL,NULL,"city"
255,59884,"Кърджали","Джебел",NULL,NULL,"city"
256,59936,"Кърджали","Крумовград",NULL,NULL,"city"
257,59997,"Кърджали","Момчилград",NULL,NULL,"city"
258,61155,"Стара Загора","Казанлък",NULL,NULL,"city"
259,61422,"Стара Загора","Стара Загора",NULL,NULL,"city"
260,61825,"Стара Загора","Чирпан",NULL,NULL,"city"
261,62019,"Стара Загора","Раднево",NULL,NULL,"city"
262,62145,"Стара Загора","Гълъбово",NULL,NULL,"city"
263,62316,"Стара Загора","Гурково",NULL,NULL,"city"
264,62368,"Стара Загора","Крън",NULL,NULL,"city"
265,62423,"Стара Загора","Мъглиж",NULL,NULL,"city"
266,62458,"Стара Загора","Павел Баня",NULL,NULL,"city"
267,62518,"Стара Загора","Шипка",NULL,NULL,"city"
268,63187,"Стара Загора","Николаево",NULL,NULL,"city"
269,63805,"Добрич","Добрич",NULL,NULL,"city"
270,64330,"Добрич","Албена",NULL,NULL,"city"
271,64357,"Добрич","Балчик",NULL,NULL,"city"
272,64515,"Добрич","Генерал Тошево",NULL,NULL,"city"
273,64662,"Добрич","Каварна",NULL,NULL,"city"
274,64821,"Добрич","Тервел",NULL,NULL,"city"
275,64887,"Добрич","Шабла",NULL,NULL,"city"
276,65829,"Разград","Разград",NULL,NULL,"city"
277,66094,"Разград","Завет",NULL,NULL,"city"
278,66153,"Разград","Кубрат",NULL,NULL,"city"
279,66265,"Разград","Исперих",NULL,NULL,"city"
280,66363,"Разград","Цар Калоян",NULL,NULL,"city"
281,66430,"Разград","Лозница",NULL,NULL,"city"
282,67860,"Русе","Бяла",NULL,NULL,"city"
283,67861,"Русе","Борово",NULL,NULL,"city"
284,67862,"Русе","Ветово",NULL,NULL,"city"
285,67863,"Русе","Сеново",NULL,NULL,"city"
286,67865,"Русе","Мартен",NULL,NULL,"city"
287,67866,"Русе","Две Могили",NULL,NULL,"city"
288,67867,"Русе","Сливо Поле",NULL,NULL,"city"
289,67864,"Русе","Глоджево",NULL,NULL,"city"
290,13613,"Софийска",NULL,"Боровец",NULL,"village"
291,1660,"Варна",NULL,"Камчия",NULL,"village"
292,1666,"Варна",NULL,"Приселци",NULL,"village"
293,1690,"Варна",NULL,"Старо Оряхово",NULL,"village"
294,1806,"Варна",NULL,"Кичево",NULL,"village"
295,1895,"Варна",NULL,"Тополи",NULL,"village"
296,1944,"Варна",NULL,"Езерово",NULL,"village"
297,1972,"Варна",NULL,"Калиманци",NULL,"village"
298,1974,"Варна",NULL,"Аврен",NULL,"village"
299,1992,"Варна",NULL,"Арковна",NULL,"village"
300,1994,"Варна",NULL,"Аспарухово",NULL,"village"
301,1997,"Варна",NULL,"Баново",NULL,"village"
302,1999,"Варна",NULL,"Белоградец",NULL,"village"
303,2017,"Варна",NULL,"Бенковски",NULL,"village"
304,2019,"Варна",NULL,"Близнаци",NULL,"village"
305,2031,"Варна",NULL,"Блъсково",NULL,"village"
306,2038,"Варна",NULL,"Бозвелийско",NULL,"village"
307,2045,"Варна",NULL,"Болярци",NULL,"village"
308,2047,"Варна",NULL,"Боряна",NULL,"village"
309,2049,"Варна",NULL,"Ботево",NULL,"village"
310,2051,"Варна",NULL,"Бояна",NULL,"village"
311,2053,"Варна",NULL,"Брестак",NULL,"village"
312,2068,"Варна",NULL,"Булаир",NULL,"village"
313,2070,"Варна",NULL,"Бърдарево",NULL,"village"
314,2072,"Варна",NULL,"Бързица",NULL,"village"
315,2074,"Варна",NULL,"Величково",NULL,"village"
316,2076,"Варна",NULL,"Венелин",NULL,"village"
317,2078,"Варна",NULL,"Венчан",NULL,"village"
318,2080,"Варна",NULL,"Ветрино",NULL,"village"
319,2103,"Варна",NULL,"Водица",NULL,"village"
320,2107,"Варна",NULL,"Войводино",NULL,"village"
321,2111,"Варна",NULL,"Въглен",NULL,"village"
322,2113,"Варна",NULL,"Габърница",NULL,"village"
323,2115,"Варна",NULL,"Генерал Кантарджиево",NULL,"village"
324,2118,"Варна",NULL,"Генерал Киселово",NULL,"village"
325,2120,"Варна",NULL,"Генерал Колево",NULL,"village"
326,2122,"Варна",NULL,"Голица",NULL,"village"
327,2125,"Варна",NULL,"Горен Чифлик",NULL,"village"
328,2149,"Варна",NULL,"Господиново",NULL,"village"
329,2151,"Варна",NULL,"Градинарово",NULL,"village"
330,2153,"Варна",NULL,"Гроздьово",NULL,"village"
331,2174,"Варна",NULL,"Детелина",NULL,"village"
332,2178,"Варна",NULL,"Добри Дол",NULL,"village"
333,2180,"Варна",NULL,"Добрина",NULL,"village"
334,2182,"Варна",NULL,"Доброглед",NULL,"village"
335,2184,"Варна",NULL,"Доброплодно",NULL,"village"
336,2192,"Варна",NULL,"Добротич",NULL,"village"
337,2194,"Варна",NULL,"Долище",NULL,"village"
338,2196,"Варна",NULL,"Дръндар",NULL,"village"
339,2198,"Варна",NULL,"Дъбравино",NULL,"village"
340,2278,"Варна",NULL,"Дюлино",NULL,"village"
341,2280,"Варна",NULL,"Есеница",NULL,"village"
342,2283,"Варна",NULL,"Житница",NULL,"village"
343,2287,"Варна",NULL,"Засмяно",NULL,"village"
344,2289,"Варна",NULL,"Звездица",NULL,"village"
345,2309,"Варна",NULL,"Звънец",NULL,"village"
346,2311,"Варна",NULL,"Здравец",NULL,"village"
347,2320,"Варна",NULL,"Златина",NULL,"village"
348,2322,"Варна",NULL,"Зорница",NULL,"village"
349,2377,"Варна",NULL,"Изворник",NULL,"village"
350,2379,"Варна",NULL,"Изгрев",NULL,"village"
351,2382,"Варна",NULL,"Искър",NULL,"village"
352,2384,"Варна",NULL,"Казашка Река",NULL,"village"
353,2387,"Варна",NULL,"Калоян",NULL,"village"
354,2389,"Варна",NULL,"Камен Дял",NULL,"village"
355,2391,"Варна",NULL,"Каменар",NULL,"village"
356,2409,"Варна",NULL,"Караманите",NULL,"village"
357,2411,"Варна",NULL,"Кипра",NULL,"village"
358,2417,"Варна",NULL,"Китен",NULL,"village"
359,2421,"Варна",NULL,"Китка",NULL,"village"
360,2423,"Варна",NULL,"Климентово",NULL,"village"
361,2425,"Варна",NULL,"Комарево",NULL,"village"
362,2427,"Варна",NULL,"Комунари",NULL,"village"
363,2429,"Варна",NULL,"Константиново",NULL,"village"
364,2444,"Варна",NULL,"Кракра",NULL,"village"
365,2446,"Варна",NULL,"Красимир",NULL,"village"
366,2448,"Варна",NULL,"Кривини",NULL,"village"
367,2450,"Варна",NULL,"Кривня",NULL,"village"
368,2452,"Варна",NULL,"Крумово",NULL,"village"
369,2455,"Варна",NULL,"Круша",NULL,"village"
370,2457,"Варна",NULL,"Куманово",NULL,"village"
371,2461,"Варна",NULL,"Левски",NULL,"village"
372,2466,"Варна",NULL,"Лопушна",NULL,"village"
373,2476,"Варна",NULL,"Любен Каравелово",NULL,"village"
374,2483,"Варна",NULL,"Манастир",NULL,"village"
375,2485,"Варна",NULL,"Медовец",NULL,"village"
376,2494,"Варна",NULL,"Метличина",NULL,"village"
377,2496,"Варна",NULL,"Михалич",NULL,"village"
378,2499,"Варна",NULL,"Млада Гвардия",NULL,"village"
379,2501,"Варна",NULL,"Момчилово",NULL,"village"
380,2503,"Варна",NULL,"Невша",NULL,"village"
381,2505,"Варна",NULL,"Неново",NULL,"village"
382,2507,"Варна",NULL,"Неофит Рилски",NULL,"village"
383,2511,"Варна",NULL,"Николаевка",NULL,"village"
384,2514,"Варна",NULL,"Нова Шипка",NULL,"village"
385,2516,"Варна",NULL,"Новаково",NULL,"village"
386,2519,"Варна",NULL,"Ново Оряхово",NULL,"village"
387,2522,"Варна",NULL,"Оборище",NULL,"village"
388,2528,"Варна",NULL,"Овчага",NULL,"village"
389,2530,"Варна",NULL,"Осеново",NULL,"village"
390,2532,"Варна",NULL,"Падина",NULL,"village"
391,2534,"Варна",NULL,"Партизани",NULL,"village"
392,2546,"Варна",NULL,"Петров Дол",NULL,"village"
393,2551,"Варна",NULL,"Поляците",NULL,"village"
394,2558,"Варна",NULL,"Попович",NULL,"village"
395,2560,"Варна",NULL,"Припек",NULL,"village"
396,2562,"Варна",NULL,"Просечен",NULL,"village"
397,2564,"Варна",NULL,"Пчелник",NULL,"village"
398,2583,"Варна",NULL,"Равна",NULL,"village"
399,2585,"Варна",NULL,"Равна Гора",NULL,"village"
400,2587,"Варна",NULL,"Радан Войвода",NULL,"village"
401,2590,"Варна",NULL,"Радево",NULL,"village"
402,2592,"Варна",NULL,"Разделна",NULL,"village"
403,2599,"Варна",NULL,"Рояк",NULL,"village"
404,2601,"Варна",NULL,"Рудник",NULL,"village"
405,2604,"Варна",NULL,"Сава",NULL,"village"
406,2606,"Варна",NULL,"Садово",NULL,"village"
407,2608,"Варна",NULL,"Синдел",NULL,"village"
408,2626,"Варна",NULL,"Славейково",NULL,"village"
409,2630,"Варна",NULL,"Сладка Вода",NULL,"village"
410,2633,"Варна",NULL,"Слънчево",NULL,"village"
411,2641,"Варна",NULL,"Снежина",NULL,"village"
412,2643,"Варна",NULL,"Солник",NULL,"village"
413,2645,"Варна",NULL,"Средно Село",NULL,"village"
414,2647,"Варна",NULL,"Староселец",NULL,"village"
415,2649,"Варна",NULL,"Стефан Караджа",NULL,"village"
416,2651,"Варна",NULL,"Страхил",NULL,"village"
417,2653,"Варна",NULL,"Страшимирово",NULL,"village"
418,2736,"Варна",NULL,"Тръстиково",NULL,"village"
419,2742,"Варна",NULL,"Тутраканци",NULL,"village"
420,2744,"Варна",NULL,"Храброво",NULL,"village"
421,2748,"Варна",NULL,"Царевци",NULL,"village"
422,2752,"Варна",NULL,"Цонево",NULL,"village"
423,2766,"Варна",NULL,"Чайка",NULL,"village"
424,2769,"Варна",NULL,"Червенци",NULL,"village"
425,2772,"Варна",NULL,"Черковна",NULL,"village"
426,2775,"Варна",NULL,"Чернево",NULL,"village"
427,2793,"Варна",NULL,"Черноок",NULL,"village"
428,2795,"Варна",NULL,"Шкорпиловци",NULL,"village"
429,2816,"Варна",NULL,"Щипско",NULL,"village"
430,2818,"Варна",NULL,"Юнак",NULL,"village"
431,2820,"Варна",NULL,"Юнец",NULL,"village"
432,2822,"Варна",NULL,"Ягнило",NULL,"village"
433,2825,"Варна",NULL,"Яребична",NULL,"village"
434,2831,"Варна",NULL,"Казашко",NULL,"village"
435,2834,"Варна",NULL,"Орешак",NULL,"village"
436,2837,"Варна",NULL,"Изворско",NULL,"village"
437,2844,"Варна",NULL,"Горица",NULL,"village"
438,2846,"Варна",NULL,"Самотино",NULL,"village"
439,10246,"Софийска",NULL,"Ярема",NULL,"village"
440,3936,"Сливен",NULL,"Асеновец",NULL,"village"
441,3946,"Сливен",NULL,"Баня",NULL,"village"
442,3956,"Сливен",NULL,"Биково",NULL,"village"
443,3958,"Сливен",NULL,"Бинкос",NULL,"village"
444,3960,"Сливен",NULL,"Блатец",NULL,"village"
445,3962,"Сливен",NULL,"Близнец",NULL,"village"
446,3964,"Сливен",NULL,"Богданово",NULL,"village"
447,3970,"Сливен",NULL,"Божевци",NULL,"village"
448,3972,"Сливен",NULL,"Бозаджии",NULL,"village"
449,3974,"Сливен",NULL,"Боринци",NULL,"village"
450,3976,"Сливен",NULL,"Боров Дол",NULL,"village"
451,3981,"Сливен",NULL,"Братан",NULL,"village"
452,3983,"Сливен",NULL,"Брястово",NULL,"village"
453,3986,"Сливен",NULL,"Бял Кладенец",NULL,"village"
454,3988,"Сливен",NULL,"Бяла",NULL,"village"
455,4011,"Сливен",NULL,"Бяла Паланка",NULL,"village"
456,4022,"Сливен",NULL,"Въглен",NULL,"village"
457,4024,"Сливен",NULL,"Гавраилово",NULL,"village"
458,4045,"Сливен",NULL,"Гергевец",NULL,"village"
459,4048,"Сливен",NULL,"Глуфишево",NULL,"village"
460,4050,"Сливен",NULL,"Глушник",NULL,"village"
461,4052,"Сливен",NULL,"Голямо Чочовени",NULL,"village"
462,4054,"Сливен",NULL,"Горно Александрово",NULL,"village"
463,4057,"Сливен",NULL,"Градец",NULL,"village"
464,4078,"Сливен",NULL,"Градско",NULL,"village"
465,4080,"Сливен",NULL,"Графитово",NULL,"village"
466,4082,"Сливен",NULL,"Драгоданово",NULL,"village"
467,4085,"Сливен",NULL,"Дъбова",NULL,"village"
468,4087,"Сливен",NULL,"Дядово",NULL,"village"
469,4089,"Сливен",NULL,"Езеро",NULL,"village"
470,4091,"Сливен",NULL,"Еленово",NULL,"village"
471,4102,"Сливен",NULL,"Желю Войвода",NULL,"village"
472,4134,"Сливен",NULL,"Жеравна",NULL,"village"
473,4137,"Сливен",NULL,"Жълт Бряг",NULL,"village"
474,4139,"Сливен",NULL,"Загорци",NULL,"village"
475,4141,"Сливен",NULL,"Зайчари",NULL,"village"
476,4143,"Сливен",NULL,"Злати Войвода",NULL,"village"
477,4154,"Сливен",NULL,"Изгрев",NULL,"village"
478,4156,"Сливен",NULL,"Ичера",NULL,"village"
479,4158,"Сливен",NULL,"Калояново",NULL,"village"
480,4161,"Сливен",NULL,"Камен",NULL,"village"
481,4177,"Сливен",NULL,"Каменово",NULL,"village"
482,4181,"Сливен",NULL,"Караново",NULL,"village"
483,4189,"Сливен",NULL,"Катунище",NULL,"village"
484,4228,"Сливен",NULL,"Кипилово",NULL,"village"
485,4236,"Сливен",NULL,"Ковачите",NULL,"village"
486,4246,"Сливен",NULL,"Коньово",NULL,"village"
487,4261,"Сливен",NULL,"Кортен",NULL,"village"
488,4288,"Сливен",NULL,"Крива Круша",NULL,"village"
489,4290,"Сливен",NULL,"Крушаре",NULL,"village"
490,4310,"Сливен",NULL,"Любенец",NULL,"village"
491,4315,"Сливен",NULL,"Любенова Махала",NULL,"village"
492,4322,"Сливен",NULL,"Малко Село",NULL,"village"
493,4326,"Сливен",NULL,"Малко Чочовени",NULL,"village"
494,4328,"Сливен",NULL,"Медвен",NULL,"village"
495,4340,"Сливен",NULL,"Мечкарево",NULL,"village"
496,4342,"Сливен",NULL,"Младово",NULL,"village"
497,4347,"Сливен",NULL,"Мокрен",NULL,"village"
498,4362,"Сливен",NULL,"Научене",NULL,"village"
499,4364,"Сливен",NULL,"Нейково",NULL,"village"
500,4370,"Сливен",NULL,"Николаево",NULL,"village"
501,4379,"Сливен",NULL,"Новачево",NULL,"village"
502,4383,"Сливен",NULL,"Новоселец",NULL,"village"
503,4385,"Сливен",NULL,"Омарчево",NULL,"village"
504,4387,"Сливен",NULL,"Оризари",NULL,"village"
505,4393,"Сливен",NULL,"Орлово",NULL,"village"
506,4395,"Сливен",NULL,"Остра Могила",NULL,"village"
507,4397,"Сливен",NULL,"Панаретовци",NULL,"village"
508,4399,"Сливен",NULL,"Пет Могили",NULL,"village"
509,4403,"Сливен",NULL,"Питово",NULL,"village"
510,4405,"Сливен",NULL,"Полско Пъдарево",NULL,"village"
511,4407,"Сливен",NULL,"Прохорово",NULL,"village"
512,4411,"Сливен",NULL,"Пъдарево",NULL,"village"
513,4416,"Сливен",NULL,"Радево",NULL,"village"
514,4418,"Сливен",NULL,"Радецки",NULL,"village"
515,4422,"Сливен",NULL,"Раково",NULL,"village"
516,4426,"Сливен",NULL,"Самуилово",NULL,"village"
517,4448,"Сливен",NULL,"Сборище",NULL,"village"
518,4476,"Сливен",NULL,"Седларево",NULL,"village"
519,4478,"Сливен",NULL,"Селиминово",NULL,"village"
520,4485,"Сливен",NULL,"Скобелево",NULL,"village"
521,4493,"Сливен",NULL,"Сокол",NULL,"village"
522,4496,"Сливен",NULL,"Соколарци",NULL,"village"
523,4498,"Сливен",NULL,"Сотиря",NULL,"village"
524,4509,"Сливен",NULL,"Средорек",NULL,"village"
525,4511,"Сливен",NULL,"Стара Река",NULL,"village"
526,4515,"Сливен",NULL,"Старо Село",NULL,"village"
527,4518,"Сливен",NULL,"Стоил Войвода",NULL,"village"
528,4525,"Сливен",NULL,"Стрелци",NULL,"village"
529,4527,"Сливен",NULL,"Струпец",NULL,"village"
530,4530,"Сливен",NULL,"Събрано",NULL,"village"
531,4532,"Сливен",NULL,"Съдиево",NULL,"village"
532,4536,"Сливен",NULL,"Съдийско Поле",NULL,"village"
533,4538,"Сливен",NULL,"Сърцево",NULL,"village"
534,4540,"Сливен",NULL,"Тича",NULL,"village"
535,4561,"Сливен",NULL,"Тополчане",NULL,"village"
536,4591,"Сливен",NULL,"Топузево",NULL,"village"
537,4593,"Сливен",NULL,"Трапоклово",NULL,"village"
538,4595,"Сливен",NULL,"Филаретово",NULL,"village"
539,4603,"Сливен",NULL,"Ценино",NULL,"village"
540,4605,"Сливен",NULL,"Червенаково",NULL,"village"
541,4607,"Сливен",NULL,"Чинтулово",NULL,"village"
542,4617,"Сливен",NULL,"Чокоба",NULL,"village"
543,4620,"Сливен",NULL,"Ябланово",NULL,"village"
544,4658,"Сливен",NULL,"Млекарево",NULL,"village"
545,8974,"София",NULL,"Бистрица",NULL,"village"
546,9087,"София",NULL,"Владая",NULL,"village"
547,9163,"София",NULL,"Волуяк",NULL,"village"
548,9241,"София",NULL,"Горни Богров",NULL,"village"
549,9278,"София",NULL,"Доброславци",NULL,"village"
550,9312,"София",NULL,"Долни Богров",NULL,"village"
551,9341,"София",NULL,"Житен",NULL,"village"
552,9366,"София",NULL,"Иваняне",NULL,"village"
553,9396,"София",NULL,"Кривина",NULL,"village"
554,9423,"София",NULL,"Кубратово",NULL,"village"
555,9433,"София",NULL,"Лозен",NULL,"village"
556,9567,"София",NULL,"Мало Бучино",NULL,"village"
557,9582,"София",NULL,"Мировяне",NULL,"village"
558,9627,"София",NULL,"Мрамор",NULL,"village"
559,9667,"София",NULL,"Негован",NULL,"village"
560,9903,"София",NULL,"Подгумер",NULL,"village"
561,9913,"София",NULL,"Световрачене",NULL,"village"
562,9951,"София",NULL,"Чепинци",NULL,"village"
563,10013,"София",NULL,"Балша",NULL,"village"
564,10054,"София",NULL,"Кътина",NULL,"village"
565,10072,"София",NULL,"Клисура",NULL,"village"
566,10084,"София",NULL,"Долни Пасарел",NULL,"village"
567,10105,"София",NULL,"Кокаляне",NULL,"village"
568,10160,"София",NULL,"Бусманци",NULL,"village"
569,10185,"София",NULL,"Герман",NULL,"village"
570,10230,"София",NULL,"Железница",NULL,"village"
571,10252,"София",NULL,"Желява",NULL,"village"
572,10259,"София",NULL,"Казичене",NULL,"village"
573,10329,"София",NULL,"Локорско",NULL,"village"
574,10346,"София",NULL,"Мърчаево",NULL,"village"
575,10362,"София",NULL,"Яна",NULL,"village"
576,10390,"София",NULL,"Войнеговци",NULL,"village"
577,11634,"Хасково",NULL,"Капитан Андреево",NULL,"village"
578,11760,"Хасково",NULL,"Александрово",NULL,"village"
579,11765,"Хасково",NULL,"Ангел Войвода",NULL,"village"
580,11767,"Хасково",NULL,"Балкан",NULL,"village"
581,11769,"Хасково",NULL,"Бели Дол",NULL,"village"
582,11771,"Хасково",NULL,"Белица",NULL,"village"
583,11773,"Хасково",NULL,"Белополци",NULL,"village"
584,11776,"Хасково",NULL,"Белополяне",NULL,"village"
585,11778,"Хасково",NULL,"Бисер",NULL,"village"
586,11783,"Хасково",NULL,"Богомил",NULL,"village"
587,11786,"Хасково",NULL,"Бодрово",NULL,"village"
588,11788,"Хасково",NULL,"Болярски Извор",NULL,"village"
589,11790,"Хасково",NULL,"Бориславци",NULL,"village"
590,11794,"Хасково",NULL,"Ботурче",NULL,"village"
591,11796,"Хасково",NULL,"Боян Ботево",NULL,"village"
592,11798,"Хасково",NULL,"Браница",NULL,"village"
593,11800,"Хасково",NULL,"Брод",NULL,"village"
594,11812,"Хасково",NULL,"Брусевци",NULL,"village"
595,11814,"Хасково",NULL,"Брусино",NULL,"village"
596,11816,"Хасково",NULL,"Брягово",NULL,"village"
597,11818,"Хасково",NULL,"Бряст",NULL,"village"
598,11820,"Хасково",NULL,"Брястово",NULL,"village"
599,11822,"Хасково",NULL,"Бубино",NULL,"village"
600,11824,"Хасково",NULL,"Българин",NULL,"village"
601,11826,"Хасково",NULL,"Българска Поляна",NULL,"village"
602,11828,"Хасково",NULL,"Бял Кладенец",NULL,"village"
603,11830,"Хасково",NULL,"Бялградец",NULL,"village"
604,11832,"Хасково",NULL,"Варник",NULL,"village"
605,11834,"Хасково",NULL,"Васково",NULL,"village"
606,11836,"Хасково",NULL,"Великан",NULL,"village"
607,11838,"Хасково",NULL,"Ветрушка",NULL,"village"
608,11840,"Хасково",NULL,"Винево",NULL,"village"
609,11842,"Хасково",NULL,"Вис",NULL,"village"
610,11844,"Хасково",NULL,"Владимирово",NULL,"village"
611,11846,"Хасково",NULL,"Воден",NULL,"village"
612,11848,"Хасково",NULL,"Воденци",NULL,"village"
613,11850,"Хасково",NULL,"Войводенец",NULL,"village"
614,11852,"Хасково",NULL,"Войводово",NULL,"village"
615,11857,"Хасково",NULL,"Въгларово",NULL,"village"
616,11859,"Хасково",NULL,"Вълче Поле",NULL,"village"
617,11861,"Хасково",NULL,"Върбица",NULL,"village"
618,11866,"Хасково",NULL,"Върбово",NULL,"village"
619,11868,"Хасково",NULL,"Габерово",NULL,"village"
620,11927,"Хасково",NULL,"Гарваново",NULL,"village"
621,11929,"Хасково",NULL,"Генералово",NULL,"village"
622,11931,"Хасково",NULL,"Георги Добрево",NULL,"village"
623,11933,"Хасково",NULL,"Гледка",NULL,"village"
624,11935,"Хасково",NULL,"Глумово",NULL,"village"
625,11939,"Хасково",NULL,"Големанци",NULL,"village"
626,11941,"Хасково",NULL,"Голобрадово",NULL,"village"
627,11943,"Хасково",NULL,"Голям Извор",NULL,"village"
628,11945,"Хасково",NULL,"Голяма Долина",NULL,"village"
629,11947,"Хасково",NULL,"Голямо Асеново",NULL,"village"
630,11949,"Хасково",NULL,"Горни Главанак",NULL,"village"
631,11951,"Хасково",NULL,"Горно Войводино",NULL,"village"
632,11953,"Хасково",NULL,"Горно Луково",NULL,"village"
633,11955,"Хасково",NULL,"Горно Поле",NULL,"village"
634,11959,"Хасково",NULL,"Горноселци",NULL,"village"
635,11961,"Хасково",NULL,"Горски Извор",NULL,"village"
636,11980,"Хасково",NULL,"Горско",NULL,"village"
637,11982,"Хасково",NULL,"Гугутка",NULL,"village"
638,11984,"Хасково",NULL,"Гълъбец",NULL,"village"
639,11986,"Хасково",NULL,"Дервишка Могила",NULL,"village"
640,11988,"Хасково",NULL,"Димитровче",NULL,"village"
641,11990,"Хасково",NULL,"Динево",NULL,"village"
642,11995,"Хасково",NULL,"Длъгнево",NULL,"village"
643,11997,"Хасково",NULL,"Добрич",NULL,"village"
644,12014,"Хасково",NULL,"Доброселец",NULL,"village"
645,12020,"Хасково",NULL,"Долни Главанак",NULL,"village"
646,12023,"Хасково",NULL,"Долно Белево",NULL,"village"
647,12025,"Хасково",NULL,"Долно Ботево",NULL,"village"
648,12027,"Хасково",NULL,"Долно Войводино",NULL,"village"
649,12029,"Хасково",NULL,"Долно Големанци",NULL,"village"
650,12031,"Хасково",NULL,"Долно Луково",NULL,"village"
651,12033,"Хасково",NULL,"Долно Поле",NULL,"village"
652,12035,"Хасково",NULL,"Долно Съдиево",NULL,"village"
653,12038,"Хасково",NULL,"Долно Черковище",NULL,"village"
654,12041,"Хасково",NULL,"Долноселци",NULL,"village"
655,12043,"Хасково",NULL,"Доситеево",NULL,"village"
656,12045,"Хасково",NULL,"Драбишна",NULL,"village"
657,12047,"Хасково",NULL,"Дрипчево",NULL,"village"
658,12049,"Хасково",NULL,"Дряново",NULL,"village"
659,12051,"Хасково",NULL,"Дъбовец",NULL,"village"
660,12053,"Хасково",NULL,"Елена",NULL,"village"
661,12055,"Хасково",NULL,"Ефрем",NULL,"village"
662,12057,"Хасково",NULL,"Железари",NULL,"village"
663,12059,"Хасково",NULL,"Железино",NULL,"village"
664,12061,"Хасково",NULL,"Жълти Бряг",NULL,"village"
665,12063,"Хасково",NULL,"Здравец",NULL,"village"
666,12065,"Хасково",NULL,"Зимовина",NULL,"village"
667,12067,"Хасково",NULL,"Златополе",NULL,"village"
668,12069,"Хасково",NULL,"Златоустово",NULL,"village"
669,12071,"Хасково",NULL,"Зорница",NULL,"village"
670,12154,"Хасково",NULL,"Иваново",NULL,"village"
671,12156,"Хасково",NULL,"Изворово",NULL,"village"
672,12160,"Хасково",NULL,"Йерусалимово",NULL,"village"
673,12162,"Хасково",NULL,"Казак",NULL,"village"
674,12164,"Хасково",NULL,"Калугерово",NULL,"village"
675,12168,"Хасково",NULL,"Камилски Дол",NULL,"village"
676,12170,"Хасково",NULL,"Караманци",NULL,"village"
677,12173,"Хасково",NULL,"Карловско",NULL,"village"
678,12175,"Хасково",NULL,"Каснаково",NULL,"village"
679,12177,"Хасково",NULL,"Кладенец",NULL,"village"
680,12179,"Хасково",NULL,"Клокотница",NULL,"village"
681,12182,"Хасково",NULL,"Книжовник",NULL,"village"
682,12185,"Хасково",NULL,"Княжево",NULL,"village"
683,12192,"Хасково",NULL,"Кобилино",NULL,"village"
684,12195,"Хасково",NULL,"Козлец",NULL,"village"
685,12197,"Хасково",NULL,"Коларово",NULL,"village"
686,12204,"Хасково",NULL,"Колец",NULL,"village"
687,12206,"Хасково",NULL,"Кондово",NULL,"village"
688,12208,"Хасково",NULL,"Конници",NULL,"village"
689,12210,"Хасково",NULL,"Константиново",NULL,"village"
690,12213,"Хасково",NULL,"Конуш",NULL,"village"
691,12217,"Хасково",NULL,"Корен",NULL,"village"
692,12219,"Хасково",NULL,"Костилково",NULL,"village"
693,12221,"Хасково",NULL,"Костур",NULL,"village"
694,12225,"Хасково",NULL,"Крепост",NULL,"village"
695,12241,"Хасково",NULL,"Криво Поле",NULL,"village"
696,12245,"Хасково",NULL,"Ламбух",NULL,"village"
697,12247,"Хасково",NULL,"Левка",NULL,"village"
698,12250,"Хасково",NULL,"Ленско",NULL,"village"
699,12252,"Хасково",NULL,"Лешниково",NULL,"village"
700,12254,"Хасково",NULL,"Лисово",NULL,"village"
701,12256,"Хасково",NULL,"Лозен",NULL,"village"
702,12258,"Хасково",NULL,"Любеново",NULL,"village"
703,12260,"Хасково",NULL,"Лясковец",NULL,"village"
704,12263,"Хасково",NULL,"Маджари",NULL,"village"
705,12275,"Хасково",NULL,"Малево",NULL,"village"
706,12289,"Хасково",NULL,"Малки Воден",NULL,"village"
707,12291,"Хасково",NULL,"Малко Асеново",NULL,"village"
708,12293,"Хасково",NULL,"Малко Брягово",NULL,"village"
709,12295,"Хасково",NULL,"Малко Градище",NULL,"village"
710,12299,"Хасково",NULL,"Малко Попово",NULL,"village"
711,12301,"Хасково",NULL,"Малък Извор",NULL,"village"
712,12303,"Хасково",NULL,"Манастир",NULL,"village"
713,12305,"Хасково",NULL,"Мандра",NULL,"village"
714,12307,"Хасково",NULL,"Мандрица",NULL,"village"
715,12309,"Хасково",NULL,"Маслиново",NULL,"village"
716,12311,"Хасково",NULL,"Маточина",NULL,"village"
717,12313,"Хасково",NULL,"Меден Бук",NULL,"village"
718,12315,"Хасково",NULL,"Мезек",NULL,"village"
719,12336,"Хасково",NULL,"Минерални Бани",NULL,"village"
720,12356,"Хасково",NULL,"Михалич",NULL,"village"
721,12359,"Хасково",NULL,"Младиново",NULL,"village"
722,12361,"Хасково",NULL,"Момино",NULL,"village"
723,12363,"Хасково",NULL,"Момково",NULL,"village"
724,12376,"Хасково",NULL,"Мрамор",NULL,"village"
725,12378,"Хасково",NULL,"Мустрак",NULL,"village"
726,12380,"Хасково",NULL,"Навъсен",NULL,"village"
727,12382,"Хасково",NULL,"Надежден",NULL,"village"
728,12384,"Хасково",NULL,"Николово",NULL,"village"
729,12386,"Хасково",NULL,"Нова Ливада",NULL,"village"
730,12388,"Хасково",NULL,"Нова Надежда",NULL,"village"
731,12390,"Хасково",NULL,"Овчарово",NULL,"village"
732,12392,"Хасково",NULL,"Одринци",NULL,"village"
733,12394,"Хасково",NULL,"Орешец",NULL,"village"
734,12397,"Хасково",NULL,"Орешино",NULL,"village"
735,12405,"Хасково",NULL,"Орлов Дол",NULL,"village"
736,12407,"Хасково",NULL,"Орлово",NULL,"village"
737,12409,"Хасково",NULL,"Оряхово",NULL,"village"
738,12411,"Хасково",NULL,"Остър Камък",NULL,"village"
739,12413,"Хасково",NULL,"Пашкул",NULL,"village"
740,12415,"Хасково",NULL,"Пашово",NULL,"village"
741,12418,"Хасково",NULL,"Плевун",NULL,"village"
742,12420,"Хасково",NULL,"Планинец",NULL,"village"
743,12422,"Хасково",NULL,"Планиново",NULL,"village"
744,12424,"Хасково",NULL,"Подкрепа",NULL,"village"
745,12426,"Хасково",NULL,"Покрован",NULL,"village"
746,12428,"Хасково",NULL,"Поляново",NULL,"village"
747,12430,"Хасково",NULL,"Поповец",NULL,"village"
748,12432,"Хасково",NULL,"Попско",NULL,"village"
749,12434,"Хасково",NULL,"Преславец",NULL,"village"
750,12436,"Хасково",NULL,"Присадец",NULL,"village"
751,12438,"Хасково",NULL,"Пчелари",NULL,"village"
752,12440,"Хасково",NULL,"Пъстрогор",NULL,"village"
753,12442,"Хасково",NULL,"Пъстроок",NULL,"village"
754,12444,"Хасково",NULL,"Пътниково",NULL,"village"
755,12446,"Хасково",NULL,"Пясъчево",NULL,"village"
756,12448,"Хасково",NULL,"Рабово",NULL,"village"
757,12450,"Хасково",NULL,"Равна Гора",NULL,"village"
758,12452,"Хасково",NULL,"Радиево",NULL,"village"
759,12463,"Хасково",NULL,"Радовец",NULL,"village"
760,12474,"Хасково",NULL,"Райкова Могила",NULL,"village"
761,12476,"Хасково",NULL,"Райново",NULL,"village"
762,12478,"Хасково",NULL,"Рогозиново",NULL,"village"
763,12480,"Хасково",NULL,"Родопи",NULL,"village"
764,12482,"Хасково",NULL,"Розино",NULL,"village"
765,12484,"Хасково",NULL,"Румелия",NULL,"village"
766,12486,"Хасково",NULL,"Ръженово",NULL,"village"
767,12488,"Хасково",NULL,"Сакарци",NULL,"village"
768,12490,"Хасково",NULL,"Сборино",NULL,"village"
769,12492,"Хасково",NULL,"Светлина",NULL,"village"
770,12494,"Хасково",NULL,"Светлина",NULL,"village"
771,12496,"Хасково",NULL,"Светослав",NULL,"village"
772,12498,"Хасково",NULL,"Свирачи",NULL,"village"
773,12503,"Хасково",NULL,"Свирково",NULL,"village"
774,12505,"Хасково",NULL,"Селска Поляна",NULL,"village"
775,12507,"Хасково",NULL,"Сеноклас",NULL,"village"
776,12509,"Хасково",NULL,"Сив Кладенец",NULL,"village"
777,12511,"Хасково",NULL,"Сива Река",NULL,"village"
778,12513,"Хасково",NULL,"Силен",NULL,"village"
779,12515,"Хасково",NULL,"Синапово",NULL,"village"
780,12521,"Хасково",NULL,"Сираково",NULL,"village"
781,12523,"Хасково",NULL,"Скобелево",NULL,"village"
782,12525,"Хасково",NULL,"Славеево",NULL,"village"
783,12530,"Хасково",NULL,"Славяново",NULL,"village"
784,12535,"Хасково",NULL,"Сладун",NULL,"village"
785,12538,"Хасково",NULL,"Смирненци",NULL,"village"
786,12540,"Хасково",NULL,"Соколенци",NULL,"village"
787,12544,"Хасково",NULL,"Спахиево",NULL,"village"
788,12546,"Хасково",NULL,"Срем",NULL,"village"
789,12549,"Хасково",NULL,"Сталево",NULL,"village"
790,12552,"Хасково",NULL,"Стамболово",NULL,"village"
791,12555,"Хасково",NULL,"Стойково",NULL,"village"
792,12557,"Хасково",NULL,"Странско",NULL,"village"
793,12562,"Хасково",NULL,"Студена",NULL,"village"
794,12564,"Хасково",NULL,"Сусам",NULL,"village"
795,12567,"Хасково",NULL,"Сърница",NULL,"village"
796,12569,"Хасково",NULL,"Татарево",NULL,"village"
797,12571,"Хасково",NULL,"Текето",NULL,"village"
798,12689,"Хасково",NULL,"Тополово",NULL,"village"
799,12691,"Хасково",NULL,"Тракиец",NULL,"village"
800,12693,"Хасково",NULL,"Троян",NULL,"village"
801,12695,"Хасково",NULL,"Тънково",NULL,"village"
802,12697,"Хасково",NULL,"Тянево",NULL,"village"
803,12699,"Хасково",NULL,"Узунджово",NULL,"village"
804,12718,"Хасково",NULL,"Устрем",NULL,"village"
805,12733,"Хасково",NULL,"Филипово",NULL,"village"
806,12735,"Хасково",NULL,"Хлябово",NULL,"village"
807,12742,"Хасково",NULL,"Хухла",NULL,"village"
808,12744,"Хасково",NULL,"Царева Поляна",NULL,"village"
809,12746,"Хасково",NULL,"Черепово",NULL,"village"
810,12748,"Хасково",NULL,"Черна Могила",NULL,"village"
811,12750,"Хасково",NULL,"Черни Рид",NULL,"village"
812,12752,"Хасково",NULL,"Черничино",NULL,"village"
813,12754,"Хасково",NULL,"Черногорово",NULL,"village"
814,12762,"Хасково",NULL,"Чернодъб",NULL,"village"
815,12764,"Хасково",NULL,"Чукарово",NULL,"village"
816,12766,"Хасково",NULL,"Чучулига",NULL,"village"
817,12768,"Хасково",NULL,"Широка Поляна",NULL,"village"
818,12770,"Хасково",NULL,"Шишманово",NULL,"village"
819,12772,"Хасково",NULL,"Щит",NULL,"village"
820,12774,"Хасково",NULL,"Ябълково",NULL,"village"
821,12785,"Хасково",NULL,"Стамболийски",NULL,"village"
822,12788,"Хасково",NULL,"Капитан Петко Войвода",NULL,"village"
823,13625,"Софийска",NULL,"Горна Малина",NULL,"village"
824,13722,"Софийска",NULL,"Калотина",NULL,"village"
825,13920,"Софийска",NULL,"Равно Поле",NULL,"village"
826,14278,"Софийска",NULL,"Скравена",NULL,"village"
827,14393,"Софийска",NULL,"Трудовец",NULL,"village"
828,14767,"Софийска",NULL,"Алдомировци",NULL,"village"
829,14792,"Софийска",NULL,"Алино",NULL,"village"
830,14794,"Софийска",NULL,"Антон",NULL,"village"
831,14834,"Софийска",NULL,"Априлово",NULL,"village"
832,14839,"Софийска",NULL,"Байлово",NULL,"village"
833,14841,"Софийска",NULL,"Бакьово",NULL,"village"
834,14843,"Софийска",NULL,"Бальовци",NULL,"village"
835,14845,"Софийска",NULL,"Банчовци",NULL,"village"
836,14847,"Софийска",NULL,"Батулия",NULL,"village"
837,14849,"Софийска",NULL,"Бахалин",NULL,"village"
838,14851,"Софийска",NULL,"Безден",NULL,"village"
839,14853,"Софийска",NULL,"Белица",NULL,"village"
840,14855,"Софийска",NULL,"Белопопци",NULL,"village"
841,14859,"Софийска",NULL,"Белчин",NULL,"village"
842,14863,"Софийска",NULL,"Белчински Бани",NULL,"village"
843,14866,"Софийска",NULL,"Бенковски",NULL,"village"
844,14869,"Софийска",NULL,"Бов",NULL,"village"
845,14871,"Софийска",NULL,"Богданлия",NULL,"village"
846,14873,"Софийска",NULL,"Богдановци",NULL,"village"
847,14875,"Софийска",NULL,"Богьовци",NULL,"village"
848,14877,"Софийска",NULL,"Боерица",NULL,"village"
849,14879,"Софийска",NULL,"Боженица",NULL,"village"
850,14881,"Софийска",NULL,"Бойковец",NULL,"village"
851,14885,"Софийска",NULL,"Борика",NULL,"village"
852,14887,"Софийска",NULL,"Бракьовци",NULL,"village"
853,14889,"Софийска",NULL,"Братушково",NULL,"village"
854,14891,"Софийска",NULL,"Брезе",NULL,"village"
855,14893,"Софийска",NULL,"Брезовдол",NULL,"village"
856,14895,"Софийска",NULL,"Брестака",NULL,"village"
857,14897,"Софийска",NULL,"Брусен",NULL,"village"
858,14899,"Софийска",NULL,"Бузяковци",NULL,"village"
859,14901,"Софийска",NULL,"Буковец",NULL,"village"
860,14903,"Софийска",NULL,"Букоровци",NULL,"village"
861,14905,"Софийска",NULL,"Буново",NULL,"village"
862,14908,"Софийска",NULL,"Бучин Проход",NULL,"village"
863,14910,"Софийска",NULL,"Бърдо",NULL,"village"
864,14912,"Софийска",NULL,"Бърложница",NULL,"village"
865,14914,"Софийска",NULL,"Бърля",NULL,"village"
866,14916,"Софийска",NULL,"Вакарел",NULL,"village"
867,14952,"Софийска",NULL,"Василовци",NULL,"village"
868,14954,"Софийска",NULL,"Венковец",NULL,"village"
869,14956,"Софийска",NULL,"Веринско",NULL,"village"
870,14958,"Софийска",NULL,"Видраре",NULL,"village"
871,14966,"Софийска",NULL,"Вишан",NULL,"village"
872,14968,"Софийска",NULL,"Владиславци",NULL,"village"
873,14970,"Софийска",NULL,"Владо Тричков",NULL,"village"
874,15001,"Софийска",NULL,"Врачеш",NULL,"village"
875,15033,"Софийска",NULL,"Връдловци",NULL,"village"
876,15035,"Софийска",NULL,"Върбница",NULL,"village"
877,15037,"Софийска",NULL,"Габер",NULL,"village"
878,15042,"Софийска",NULL,"Габра",NULL,"village"
879,15061,"Софийска",NULL,"Габровница",NULL,"village"
880,15063,"Софийска",NULL,"Гайтанево",NULL,"village"
881,15065,"Софийска",NULL,"Гара Бов",NULL,"village"
882,15074,"Софийска",NULL,"Гара Елин Пелин",NULL,"village"
883,15112,"Софийска",NULL,"Гара Лакатник",NULL,"village"
884,15121,"Софийска",NULL,"Гинци",NULL,"village"
885,15212,"Софийска",NULL,"Голак",NULL,"village"
886,15214,"Софийска",NULL,"Голема Раковица",NULL,"village"
887,15216,"Софийска",NULL,"Големо Малово",NULL,"village"
888,15218,"Софийска",NULL,"Голеш",NULL,"village"
889,15220,"Софийска",NULL,"Голяновци",NULL,"village"
890,15236,"Софийска",NULL,"Горна Василица",NULL,"village"
891,15239,"Софийска",NULL,"Горни Окол",NULL,"village"
892,15241,"Софийска",NULL,"Горно Камарци",NULL,"village"
893,15244,"Софийска",NULL,"Горно Село",NULL,"village"
894,15246,"Софийска",NULL,"Горунака",NULL,"village"
895,15248,"Софийска",NULL,"Градец",NULL,"village"
896,15252,"Софийска",NULL,"Григорево",NULL,"village"
897,15270,"Софийска",NULL,"Грълска Падина",NULL,"village"
898,15272,"Софийска",NULL,"Губеш",NULL,"village"
899,15274,"Софийска",NULL,"Губислав",NULL,"village"
900,15276,"Софийска",NULL,"Гургулят",NULL,"village"
901,15278,"Софийска",NULL,"Гурково",NULL,"village"
902,15282,"Софийска",NULL,"Гурмазово",NULL,"village"
903,15294,"Софийска",NULL,"Гуцал",NULL,"village"
904,15296,"Софийска",NULL,"Гълъбовци",NULL,"village"
905,15301,"Софийска",NULL,"Делян",NULL,"village"
906,15303,"Софийска",NULL,"Джамузовци",NULL,"village"
907,15305,"Софийска",NULL,"Джурово",NULL,"village"
908,15314,"Софийска",NULL,"Добравица",NULL,"village"
909,15316,"Софийска",NULL,"Добърчин",NULL,"village"
910,15318,"Софийска",NULL,"Доганово",NULL,"village"
911,15320,"Софийска",NULL,"Долна Василица",NULL,"village"
912,15322,"Софийска",NULL,"Долна Малина",NULL,"village"
913,15326,"Софийска",NULL,"Долна Невля",NULL,"village"
914,15328,"Софийска",NULL,"Долни Окол",NULL,"village"
915,15330,"Софийска",NULL,"Долно Камарци",NULL,"village"
916,15339,"Софийска",NULL,"Драговищица",NULL,"village"
917,15359,"Софийска",NULL,"Драгоил",NULL,"village"
918,15361,"Софийска",NULL,"Драготинци",NULL,"village"
919,15363,"Софийска",NULL,"Дреатин",NULL,"village"
920,15365,"Софийска",NULL,"Дреново",NULL,"village"
921,15367,"Софийска",NULL,"Дружево",NULL,"village"
922,15369,"Софийска",NULL,"Дръмша",NULL,"village"
923,15371,"Софийска",NULL,"Душанци",NULL,"village"
924,15391,"Софийска",NULL,"Еленов Дол",NULL,"village"
925,15393,"Софийска",NULL,"Елешница",NULL,"village"
926,15397,"Софийска",NULL,"Желен",NULL,"village"
927,15399,"Софийска",NULL,"Живково",NULL,"village"
928,15402,"Софийска",NULL,"Завидовци",NULL,"village"
929,15404,"Софийска",NULL,"Заноге",NULL,"village"
930,15406,"Софийска",NULL,"Заселе",NULL,"village"
931,15408,"Софийска",NULL,"Зимевица",NULL,"village"
932,15411,"Софийска",NULL,"Златуша",NULL,"village"
933,15413,"Софийска",NULL,"Злокучене",NULL,"village"
934,15415,"Софийска",NULL,"Извор",NULL,"village"
935,15417,"Софийска",NULL,"Илинден",NULL,"village"
936,15419,"Софийска",NULL,"Искрец",NULL,"village"
937,15440,"Софийска",NULL,"Каленовци",NULL,"village"
938,15442,"Софийска",NULL,"Калугерово",NULL,"village"
939,15445,"Софийска",NULL,"Камбелевци",NULL,"village"
940,15447,"Софийска",NULL,"Каменица",NULL,"village"
941,15449,"Софийска",NULL,"Караполци",NULL,"village"
942,15451,"Софийска",NULL,"Карлиево",NULL,"village"
943,15454,"Софийска",NULL,"Клисура",NULL,"village"
944,15456,"Софийска",NULL,"Ковачевци",NULL,"village"
945,15459,"Софийска",NULL,"Комщица",NULL,"village"
946,15536,"Софийска",NULL,"Костадинкино",NULL,"village"
947,15538,"Софийска",NULL,"Краево",NULL,"village"
948,15540,"Софийска",NULL,"Круша",NULL,"village"
949,15542,"Софийска",NULL,"Крушовица",NULL,"village"
950,15544,"Софийска",NULL,"Лакатник",NULL,"village"
951,15547,"Софийска",NULL,"Лесковдол",NULL,"village"
952,15549,"Софийска",NULL,"Лесново",NULL,"village"
953,15573,"Софийска",NULL,"Летница",NULL,"village"
954,15578,"Софийска",NULL,"Липница",NULL,"village"
955,15582,"Софийска",NULL,"Лисец",NULL,"village"
956,15584,"Софийска",NULL,"Литаково",NULL,"village"
957,15606,"Софийска",NULL,"Лопушня",NULL,"village"
958,15608,"Софийска",NULL,"Лопян",NULL,"village"
959,15614,"Софийска",NULL,"Луково",NULL,"village"
960,15616,"Софийска",NULL,"Лъга",NULL,"village"
961,15618,"Софийска",NULL,"Любница",NULL,"village"
962,15620,"Софийска",NULL,"Макоцево",NULL,"village"
963,15622,"Софийска",NULL,"Мала Раковица",NULL,"village"
964,15624,"Софийска",NULL,"Малки Искър",NULL,"village"
965,15626,"Софийска",NULL,"Мало Малово",NULL,"village"
966,15628,"Софийска",NULL,"Манаселска Река",NULL,"village"
967,15630,"Софийска",NULL,"Манастирище",NULL,"village"
968,15635,"Софийска",NULL,"Марица",NULL,"village"
969,15648,"Софийска",NULL,"Мечковци",NULL,"village"
970,15650,"Софийска",NULL,"Миланово",NULL,"village"
971,15652,"Софийска",NULL,"Мирково",NULL,"village"
972,15707,"Софийска",NULL,"Мирово",NULL,"village"
973,15735,"Софийска",NULL,"Мургаш",NULL,"village"
974,15737,"Софийска",NULL,"Мусачево",NULL,"village"
975,15769,"Софийска",NULL,"Мухово",NULL,"village"
976,15771,"Софийска",NULL,"Начево",NULL,"village"
977,15773,"Софийска",NULL,"Негушево",NULL,"village"
978,15778,"Софийска",NULL,"Неделище",NULL,"village"
979,15780,"Софийска",NULL,"Нейкьовец",NULL,"village"
980,15782,"Софийска",NULL,"Несла",NULL,"village"
981,15784,"Софийска",NULL,"Новачене",NULL,"village"
982,15804,"Софийска",NULL,"Нови Хан",NULL,"village"
983,15857,"Софийска",NULL,"Ново Село",NULL,"village"
984,15859,"Софийска",NULL,"Огняново",NULL,"village"
985,15862,"Софийска",NULL,"Огоя",NULL,"village"
986,15864,"Софийска",NULL,"Опицвет",NULL,"village"
987,15867,"Софийска",NULL,"Оплетня",NULL,"village"
988,15869,"Софийска",NULL,"Оселна",NULL,"village"
989,15871,"Софийска",NULL,"Осеновлаг",NULL,"village"
990,15873,"Софийска",NULL,"Осиковица",NULL,"village"
991,15876,"Софийска",NULL,"Осиковска Лакавица",NULL,"village"
992,15878,"Софийска",NULL,"Осоица",NULL,"village"
993,15880,"Софийска",NULL,"Очуша",NULL,"village"
994,15883,"Софийска",NULL,"Пановци",NULL,"village"
995,15885,"Софийска",NULL,"Пауново",NULL,"village"
996,15887,"Софийска",NULL,"Петково",NULL,"village"
997,15895,"Софийска",NULL,"Петърч",NULL,"village"
998,15943,"Софийска",NULL,"Пищане",NULL,"village"
999,15945,"София",NULL,"Плана",NULL,"village"
1000,15948,"Софийска",NULL,"Плъзище",NULL,"village"
1001,15950,"Софийска",NULL,"Повалиръж",NULL,"village"
1002,15952,"Софийска",NULL,"Подгорие",NULL,"village"
1003,15954,"Софийска",NULL,"Пожарево",NULL,"village"
1004,15958,"Софийска",NULL,"Полянци",NULL,"village"
1005,15960,"Софийска",NULL,"Понор",NULL,"village"
1006,15962,"Софийска",NULL,"Поповци",NULL,"village"
1007,15965,"Софийска",NULL,"Поповяне",NULL,"village"
1008,15967,"Софийска",NULL,"Потоп",NULL,"village"
1009,15969,"Софийска",NULL,"Правешка Лакавица",NULL,"village"
1010,15971,"Софийска",NULL,"Прекръсте",NULL,"village"
1011,15973,"Софийска",NULL,"Преспа",NULL,"village"
1012,15975,"Софийска",NULL,"Пролеша",NULL,"village"
1013,15989,"Софийска",NULL,"Пчелин",NULL,"village"
1014,15992,"Софийска",NULL,"Равна",NULL,"village"
1015,15994,"Софийска",NULL,"Равнище",NULL,"village"
1016,15997,"Софийска",NULL,"Радотина",NULL,"village"
1017,16000,"Софийска",NULL,"Радуил",NULL,"village"
1018,16031,"Софийска",NULL,"Радуловци",NULL,"village"
1019,16033,"Софийска",NULL,"Разбоище",NULL,"village"
1020,16035,"Софийска",NULL,"Разлив",NULL,"village"
1021,16040,"Софийска",NULL,"Райово",NULL,"village"
1022,16042,"Софийска",NULL,"Ракита",NULL,"village"
1023,16048,"Софийска",NULL,"Рашково",NULL,"village"
1024,16050,"Софийска",NULL,"Раяновци",NULL,"village"
1025,16052,"Софийска",NULL,"Реброво",NULL,"village"
1026,16063,"Софийска",NULL,"Редина",NULL,"village"
1027,16065,"Софийска",NULL,"Рельово",NULL,"village"
1028,16067,"Софийска",NULL,"Рибарица",NULL,"village"
1029,16074,"Софийска",NULL,"Ропот",NULL,"village"
1030,16076,"Софийска",NULL,"Росоман",NULL,"village"
1031,16078,"Софийска",NULL,"Ръжана",NULL,"village"
1032,16080,"Софийска",NULL,"Саранци",NULL,"village"
1033,16084,"Софийска",NULL,"Свидня",NULL,"village"
1034,16093,"Софийска",NULL,"Своде",NULL,"village"
1035,16095,"Софийска",NULL,"Селянин",NULL,"village"
1036,16097,"Софийска",NULL,"Смолско",NULL,"village"
1037,16099,"Софийска",NULL,"Смолча",NULL,"village"
1038,16103,"Софийска",NULL,"Стамболово",NULL,"village"
1039,16108,"Софийска",NULL,"Станянци",NULL,"village"
1040,16110,"Софийска",NULL,"Столник",NULL,"village"
1041,16121,"Софийска",NULL,"Стъргел",NULL,"village"
1042,16125,"Софийска",NULL,"Табан",NULL,"village"
1043,16127,"Софийска",NULL,"Томпсън",NULL,"village"
1044,16140,"Софийска",NULL,"Туден",NULL,"village"
1045,16142,"Софийска",NULL,"Хвърчил",NULL,"village"
1046,16144,"Софийска",NULL,"Хераково",NULL,"village"
1047,16159,"Софийска",NULL,"Храбърско",NULL,"village"
1048,16174,"Софийска",NULL,"Царичина",NULL,"village"
1049,16176,"Софийска",NULL,"Цацаровци",NULL,"village"
1050,16178,"Софийска",NULL,"Церецел",NULL,"village"
1051,16180,"Софийска",NULL,"Церово",NULL,"village"
1052,16204,"Софийска",NULL,"Цръклевци",NULL,"village"
1053,16206,"Софийска",NULL,"Чавдар",NULL,"village"
1054,16249,"Софийска",NULL,"Чеканец",NULL,"village"
1055,16251,"Софийска",NULL,"Чеканчево",NULL,"village"
1056,16254,"Софийска",NULL,"Челопеч",NULL,"village"
1057,16320,"Софийска",NULL,"Черньово",NULL,"village"
1058,16323,"Софийска",NULL,"Чибаовци",NULL,"village"
1059,16325,"Софийска",NULL,"Чорул",NULL,"village"
1060,16327,"Софийска",NULL,"Чуковезер",NULL,"village"
1061,16329,"Софийска",NULL,"Чурек",NULL,"village"
1062,16331,"Софийска",NULL,"Шипочане",NULL,"village"
1063,16333,"Софийска",NULL,"Широки Дол",NULL,"village"
1064,16344,"Софийска",NULL,"Шума",NULL,"village"
1065,16357,"Софийска",NULL,"Ялботина",NULL,"village"
1066,16359,"Софийска",NULL,"Ямна",NULL,"village"
1067,16362,"Софийска",NULL,"Яребковица",NULL,"village"
1068,16364,"Софийска",NULL,"Ярлово",NULL,"village"
1069,16367,"Софийска",NULL,"Петрич",NULL,"village"
1070,16369,"Софийска",NULL,"Продановци",NULL,"village"
1071,16373,"Софийска",NULL,"Драгушиново",NULL,"village"
1072,16376,"Софийска",NULL,"Бели Искър",NULL,"village"
1073,16378,"Софийска",NULL,"Доспей",NULL,"village"
1074,16387,"Софийска",NULL,"Говедарци",NULL,"village"
1075,16403,"Софийска",NULL,"Мала Църква",NULL,"village"
1076,16406,"Софийска",NULL,"Маджаре",NULL,"village"
1077,16408,"Софийска",NULL,"Липинци",NULL,"village"
1078,16410,"Софийска",NULL,"Ново Бърдо",NULL,"village"
1079,16412,"Софийска",NULL,"Беренде",NULL,"village"
1080,16414,"Софийска",NULL,"Беренде Извор",NULL,"village"
1081,16416,"Софийска",NULL,"Долно Ново Село",NULL,"village"
1082,16418,"Софийска",NULL,"Чепърлинци",NULL,"village"
1083,16497,"Софийска",NULL,"Левище",NULL,"village"
1084,16499,"Софийска",NULL,"Църквище",NULL,"village"
1085,16758,"Силистра",NULL,"Айдемир",NULL,"village"
1086,17085,"Силистра",NULL,"Ситово",NULL,"village"
1087,17103,"Силистра",NULL,"Алеково",NULL,"village"
1088,17110,"Силистра",NULL,"Антимово",NULL,"village"
1089,17113,"Силистра",NULL,"Бабук",NULL,"village"
1090,17119,"Силистра",NULL,"Бащино",NULL,"village"
1091,17121,"Силистра",NULL,"Белица",NULL,"village"
1092,17137,"Силистра",NULL,"Бистра",NULL,"village"
1093,17139,"Силистра",NULL,"Богданци",NULL,"village"
1094,17141,"Силистра",NULL,"Богорово",NULL,"village"
1095,17143,"Силистра",NULL,"Боил",NULL,"village"
1096,17151,"Силистра",NULL,"Босна",NULL,"village"
1097,17155,"Силистра",NULL,"Брадвари",NULL,"village"
1098,17164,"Силистра",NULL,"Бреница",NULL,"village"
1099,17166,"Силистра",NULL,"Българка",NULL,"village"
1100,17168,"Силистра",NULL,"Варненци",NULL,"village"
1101,17170,"Силистра",NULL,"Васил Левски",NULL,"village"
1102,17172,"Силистра",NULL,"Ветрен",NULL,"village"
1103,17175,"Силистра",NULL,"Водно",NULL,"village"
1104,17178,"Силистра",NULL,"Войново",NULL,"village"
1105,17182,"Силистра",NULL,"Вокил",NULL,"village"
1106,17194,"Силистра",NULL,"Върбино",NULL,"village"
1107,17196,"Силистра",NULL,"Гарван",NULL,"village"
1108,17199,"Силистра",NULL,"Главан",NULL,"village"
1109,17230,"Силистра",NULL,"Голеш",NULL,"village"
1110,17232,"Силистра",NULL,"Господиново",NULL,"village"
1111,17234,"Силистра",NULL,"Грънчарово",NULL,"village"
1112,17239,"Силистра",NULL,"Давидово",NULL,"village"
1113,17242,"Силистра",NULL,"Дичево",NULL,"village"
1114,17244,"Силистра",NULL,"Добротица",NULL,"village"
1115,17256,"Силистра",NULL,"Добруджанка",NULL,"village"
1116,17258,"Силистра",NULL,"Долец",NULL,"village"
1117,17260,"Силистра",NULL,"Долно Ряхово",NULL,"village"
1118,17262,"Силистра",NULL,"Дунавец",NULL,"village"
1119,17264,"Силистра",NULL,"Зарица",NULL,"village"
1120,17266,"Силистра",NULL,"Зарник",NULL,"village"
1121,17268,"Силистра",NULL,"Зафирово",NULL,"village"
1122,17288,"Силистра",NULL,"Звенимир",NULL,"village"
1123,17292,"Силистра",NULL,"Зебил",NULL,"village"
1124,17294,"Силистра",NULL,"Златоклас",NULL,"village"
1125,17298,"Силистра",NULL,"Искра",NULL,"village"
1126,17315,"Силистра",NULL,"Йорданово",NULL,"village"
1127,17317,"Силистра",NULL,"Казимир",NULL,"village"
1128,17319,"Силистра",NULL,"Кайнарджа",NULL,"village"
1129,17333,"Силистра",NULL,"Калипетрово",NULL,"village"
1130,17387,"Силистра",NULL,"Калугерене",NULL,"village"
1131,17395,"Силистра",NULL,"Каменци",NULL,"village"
1132,17398,"Силистра",NULL,"Козяк",NULL,"village"
1133,17400,"Силистра",NULL,"Коларово",NULL,"village"
1134,17409,"Силистра",NULL,"Колобър",NULL,"village"
1135,17411,"Силистра",NULL,"Косара",NULL,"village"
1136,17414,"Силистра",NULL,"Краново",NULL,"village"
1137,17417,"Силистра",NULL,"Кутловица",NULL,"village"
1138,17420,"Силистра",NULL,"Листец",NULL,"village"
1139,17424,"Силистра",NULL,"Любен",NULL,"village"
1140,17431,"Силистра",NULL,"Малък Преславец",NULL,"village"
1141,17436,"Силистра",NULL,"Межден",NULL,"village"
1142,17439,"Силистра",NULL,"Нова Попина",NULL,"village"
1143,17441,"Силистра",NULL,"Нова Черна",NULL,"village"
1144,17459,"Силистра",NULL,"Ножарево",NULL,"village"
1145,17465,"Силистра",NULL,"Овен",NULL,"village"
1146,17469,"Силистра",NULL,"Окорш",NULL,"village"
1147,17490,"Силистра",NULL,"Орешене",NULL,"village"
1148,17494,"Силистра",NULL,"Осен",NULL,"village"
1149,17496,"Силистра",NULL,"Падина",NULL,"village"
1150,17499,"Силистра",NULL,"Паисиево",NULL,"village"
1151,17512,"Силистра",NULL,"Подлес",NULL,"village"
1152,17514,"Силистра",NULL,"Пожарево",NULL,"village"
1153,17516,"Силистра",NULL,"Полковник Ламбриново",NULL,"village"
1154,17519,"Силистра",NULL,"Полковник Таслаково",NULL,"village"
1155,17524,"Силистра",NULL,"Полковник Чолаково",NULL,"village"
1156,17526,"Силистра",NULL,"Поляна",NULL,"village"
1157,17528,"Силистра",NULL,"Попина",NULL,"village"
1158,17539,"Силистра",NULL,"Попкралево",NULL,"village"
1159,17541,"Силистра",NULL,"Попрусаново",NULL,"village"
1160,17544,"Силистра",NULL,"Поройно",NULL,"village"
1161,17554,"Силистра",NULL,"Посев",NULL,"village"
1162,17556,"Силистра",NULL,"Правда",NULL,"village"
1163,17572,"Силистра",NULL,"Преславци",NULL,"village"
1164,17574,"Силистра",NULL,"Професор Иширково",NULL,"village"
1165,17588,"Силистра",NULL,"Прохлада",NULL,"village"
1166,17590,"Силистра",NULL,"Раздел",NULL,"village"
1167,17593,"Силистра",NULL,"Руйно",NULL,"village"
1168,17605,"Силистра",NULL,"Секулово",NULL,"village"
1169,17612,"Силистра",NULL,"Скала",NULL,"village"
1170,17614,"Силистра",NULL,"Слатина",NULL,"village"
1171,17625,"Силистра",NULL,"Смилец",NULL,"village"
1172,17628,"Силистра",NULL,"Сокол",NULL,"village"
1173,17638,"Силистра",NULL,"Срацимир",NULL,"village"
1174,17640,"Силистра",NULL,"Сребърна",NULL,"village"
1175,17653,"Силистра",NULL,"Средище",NULL,"village"
1176,17659,"Силистра",NULL,"Старо Село",NULL,"village"
1177,17672,"Силистра",NULL,"Стефан Караджа",NULL,"village"
1178,17686,"Силистра",NULL,"Стрелково",NULL,"village"
1179,17688,"Силистра",NULL,"Суходол",NULL,"village"
1180,17694,"Силистра",NULL,"Сърпово",NULL,"village"
1181,17696,"Силистра",NULL,"Сяново",NULL,"village"
1182,17698,"Силистра",NULL,"Търновци",NULL,"village"
1183,17700,"Силистра",NULL,"Цар Асен",NULL,"village"
1184,17702,"Силистра",NULL,"Цар Самуил",NULL,"village"
1185,17724,"Силистра",NULL,"Царев Дол",NULL,"village"
1186,17726,"Силистра",NULL,"Ценович",NULL,"village"
1187,17728,"Силистра",NULL,"Черковна",NULL,"village"
1188,17731,"Силистра",NULL,"Черник",NULL,"village"
1189,17749,"Силистра",NULL,"Черногор",NULL,"village"
1190,17755,"Силистра",NULL,"Чернолик",NULL,"village"
1191,17770,"Силистра",NULL,"Чуковец",NULL,"village"
1192,17772,"Силистра",NULL,"Шуменци",NULL,"village"
1193,17780,"Силистра",NULL,"Яребица",NULL,"village"
1194,17787,"Силистра",NULL,"Ястребна",NULL,"village"
1195,18240,"Видин",NULL,"Акациево",NULL,"village"
1196,18242,"Видин",NULL,"Антимово",NULL,"village"
1197,18244,"Видин",NULL,"Арчар",NULL,"village"
1198,18265,"Видин",NULL,"Балей",NULL,"village"
1199,18269,"Видин",NULL,"Бела",NULL,"village"
1200,18273,"Видин",NULL,"Бела Рада",NULL,"village"
1201,18275,"Видин",NULL,"Бело Поле",NULL,"village"
1202,18283,"Видин",NULL,"Бойница",NULL,"village"
1203,18291,"Видин",NULL,"Бориловец",NULL,"village"
1204,18293,"Видин",NULL,"Боровица",NULL,"village"
1205,18300,"Видин",NULL,"Ботево",NULL,"village"
1206,18302,"Видин",NULL,"Бояново",NULL,"village"
1207,18304,"Видин",NULL,"Бранковци",NULL,"village"
1208,18373,"Видин",NULL,"Буковец",NULL,"village"
1209,18375,"Видин",NULL,"Вещица",NULL,"village"
1210,18377,"Видин",NULL,"Винарово",NULL,"village"
1211,18379,"Видин",NULL,"Владиченци",NULL,"village"
1212,18381,"Видин",NULL,"Водна",NULL,"village"
1213,18383,"Видин",NULL,"Воднянци",NULL,"village"
1214,18386,"Видин",NULL,"Войница",NULL,"village"
1215,18388,"Видин",NULL,"Връв",NULL,"village"
1216,18394,"Видин",NULL,"Вълчек",NULL,"village"
1217,18396,"Видин",NULL,"Върба",NULL,"village"
1218,18398,"Видин",NULL,"Върбово",NULL,"village"
1219,18401,"Видин",NULL,"Върбовчец",NULL,"village"
1220,18403,"Видин",NULL,"Въртоп",NULL,"village"
1221,18405,"Видин",NULL,"Гайтанци",NULL,"village"
1222,18407,"Видин",NULL,"Гара Орешец",NULL,"village"
1223,18422,"Видин",NULL,"Генерал Мариново",NULL,"village"
1224,18425,"Видин",NULL,"Големаново",NULL,"village"
1225,18427,"Видин",NULL,"Гомотарци",NULL,"village"
1226,18432,"Видин",NULL,"Горни Лом",NULL,"village"
1227,18442,"Видин",NULL,"Градец",NULL,"village"
1228,18452,"Видин",NULL,"Градсковски Колиби",NULL,"village"
1229,18480,"Видин",NULL,"Гранитово",NULL,"village"
1230,18482,"Видин",NULL,"Граничак",NULL,"village"
1231,18484,"Видин",NULL,"Гъмзово",NULL,"village"
1232,18491,"Видин",NULL,"Делейна",NULL,"village"
1233,18523,"Видин",NULL,"Динковица",NULL,"village"
1234,18525,"Видин",NULL,"Динково",NULL,"village"
1235,18527,"Видин",NULL,"Долни Бошняк",NULL,"village"
1236,18529,"Видин",NULL,"Долни Лом",NULL,"village"
1237,18537,"Видин",NULL,"Дражинци",NULL,"village"
1238,18540,"Видин",NULL,"Дреновец",NULL,"village"
1239,18564,"Видин",NULL,"Дружба",NULL,"village"
1240,18605,"Видин",NULL,"Дъбравка",NULL,"village"
1241,18607,"Видин",NULL,"Дълго Поле",NULL,"village"
1242,18609,"Видин",NULL,"Държаница",NULL,"village"
1243,18611,"Видин",NULL,"Жеглица",NULL,"village"
1244,18614,"Видин",NULL,"Ивановци",NULL,"village"
1245,18616,"Видин",NULL,"Извор",NULL,"village"
1246,18618,"Видин",NULL,"Извор Махала",NULL,"village"
1247,18620,"Видин",NULL,"Иново",NULL,"village"
1248,18632,"Видин",NULL,"Каленик",NULL,"village"
1249,18635,"Видин",NULL,"Калина",NULL,"village"
1250,18637,"Видин",NULL,"Каниц",NULL,"village"
1251,18639,"Видин",NULL,"Капитановци",NULL,"village"
1252,18650,"Видин",NULL,"Карбинци",NULL,"village"
1253,18652,"Видин",NULL,"Киреево",NULL,"village"
1254,18654,"Видин",NULL,"Кладоруб",NULL,"village"
1255,18656,"Видин",NULL,"Косово",NULL,"village"
1256,18665,"Видин",NULL,"Коста Перчево",NULL,"village"
1257,18667,"Видин",NULL,"Костичовци",NULL,"village"
1258,18670,"Видин",NULL,"Кошава",NULL,"village"
1259,18675,"Видин",NULL,"Крачимир",NULL,"village"
1260,18677,"Видин",NULL,"Куделин",NULL,"village"
1261,18680,"Видин",NULL,"Кутово",NULL,"village"
1262,18682,"Видин",NULL,"Лагошевци",NULL,"village"
1263,18684,"Видин",NULL,"Майор Узуново",NULL,"village"
1264,18686,"Видин",NULL,"Макреш",NULL,"village"
1265,18688,"Видин",NULL,"Мали Дреновец",NULL,"village"
1266,18690,"Видин",NULL,"Медешевци",NULL,"village"
1267,18692,"Видин",NULL,"Медовница",NULL,"village"
1268,18697,"Видин",NULL,"Милчина Лъка",NULL,"village"
1269,18699,"Видин",NULL,"Неговановци",NULL,"village"
1270,18705,"Видин",NULL,"Ново Село",NULL,"village"
1271,18729,"Видин",NULL,"Новоселци",NULL,"village"
1272,18735,"Видин",NULL,"Орешец",NULL,"village"
1273,18741,"Видин",NULL,"Острокапци",NULL,"village"
1274,18743,"Видин",NULL,"Ошане",NULL,"village"
1275,18745,"Видин",NULL,"Периловец",NULL,"village"
1276,18747,"Видин",NULL,"Пешаково",NULL,"village"
1277,18749,"Видин",NULL,"Плакудер",NULL,"village"
1278,18751,"Видин",NULL,"Плешивец",NULL,"village"
1279,18756,"Видин",NULL,"Покрайна",NULL,"village"
1280,18769,"Видин",NULL,"Полетковци",NULL,"village"
1281,18771,"Видин",NULL,"Праужда",NULL,"village"
1282,18773,"Видин",NULL,"Пролазница",NULL,"village"
1283,18775,"Видин",NULL,"Протопопинци",NULL,"village"
1284,18777,"Видин",NULL,"Рабиша",NULL,"village"
1285,18782,"Видин",NULL,"Раброво",NULL,"village"
1286,18784,"Видин",NULL,"Ракитница",NULL,"village"
1287,18786,"Видин",NULL,"Раковица",NULL,"village"
1288,18791,"Видин",NULL,"Раяновци",NULL,"village"
1289,18793,"Видин",NULL,"Репляна",NULL,"village"
1290,18795,"Видин",NULL,"Роглец",NULL,"village"
1291,18798,"Видин",NULL,"Ружинци",NULL,"village"
1292,18813,"Видин",NULL,"Рупци",NULL,"village"
1293,18816,"Видин",NULL,"Салаш",NULL,"village"
1294,18818,"Видин",NULL,"Септемврийци",NULL,"village"
1295,18820,"Видин",NULL,"Синаговци",NULL,"village"
1296,18823,"Видин",NULL,"Скомля",NULL,"village"
1297,18825,"Видин",NULL,"Слана Бара",NULL,"village"
1298,18831,"Видин",NULL,"Сланотрън",NULL,"village"
1299,18834,"Видин",NULL,"Сливовник",NULL,"village"
1300,18836,"Видин",NULL,"Срацимирово",NULL,"village"
1301,18838,"Видин",NULL,"Средогрив",NULL,"village"
1302,18840,"Видин",NULL,"Стакевци",NULL,"village"
1303,18845,"Видин",NULL,"Старопатица",NULL,"village"
1304,18847,"Видин",NULL,"Струиндол",NULL,"village"
1305,18849,"Видин",NULL,"Тияновци",NULL,"village"
1306,18851,"Видин",NULL,"Толовица",NULL,"village"
1307,18855,"Видин",NULL,"Тополовец",NULL,"village"
1308,18862,"Видин",NULL,"Тошевци",NULL,"village"
1309,18864,"Видин",NULL,"Търговище",NULL,"village"
1310,18867,"Видин",NULL,"Търняне",NULL,"village"
1311,18870,"Видин",NULL,"Флорентин",NULL,"village"
1312,18874,"Видин",NULL,"Цар Петрово",NULL,"village"
1313,18876,"Видин",NULL,"Цар Симеоново",NULL,"village"
1314,18878,"Видин",NULL,"Цар Шишманово",NULL,"village"
1315,18880,"Видин",NULL,"Черно Поле",NULL,"village"
1316,18882,"Видин",NULL,"Чифлик",NULL,"village"
1317,18884,"Видин",NULL,"Чичил",NULL,"village"
1318,18886,"Видин",NULL,"Чупрене",NULL,"village"
1319,18902,"Видин",NULL,"Шипикова Махала",NULL,"village"
1320,18904,"Видин",NULL,"Шипот",NULL,"village"
1321,18906,"Видин",NULL,"Шишенци",NULL,"village"
1322,18909,"Видин",NULL,"Яньовец",NULL,"village"
1323,18911,"Видин",NULL,"Ярловица",NULL,"village"
1324,18913,"Видин",NULL,"Ясен",NULL,"village"
1325,18919,"Видин",NULL,"Фалковец",NULL,"village"
1326,19870,"Шумен",NULL,"Александрово",NULL,"village"
1327,19872,"Шумен",NULL,"Байково",NULL,"village"
1328,19874,"Шумен",NULL,"Беджене",NULL,"village"
1329,19876,"Шумен",NULL,"Белокопитово",NULL,"village"
1330,19883,"Шумен",NULL,"Благово",NULL,"village"
1331,19885,"Шумен",NULL,"Близнаци",NULL,"village"
1332,19891,"Шумен",NULL,"Божурово",NULL,"village"
1333,19896,"Шумен",NULL,"Борци",NULL,"village"
1334,19900,"Шумен",NULL,"Боян",NULL,"village"
1335,19902,"Шумен",NULL,"Браничево",NULL,"village"
1336,19914,"Шумен",NULL,"Буйновица",NULL,"village"
1337,19916,"Шумен",NULL,"Бял Бряг",NULL,"village"
1338,19918,"Шумен",NULL,"Бяла Река",NULL,"village"
1339,19927,"Шумен",NULL,"Васил Друмев",NULL,"village"
1340,19929,"Шумен",NULL,"Векилски",NULL,"village"
1341,19931,"Шумен",NULL,"Велино",NULL,"village"
1342,19935,"Шумен",NULL,"Венец",NULL,"village"
1343,19955,"Шумен",NULL,"Веселиново",NULL,"village"
1344,19961,"Шумен",NULL,"Ветрище",NULL,"village"
1345,19964,"Шумен",NULL,"Вехтово",NULL,"village"
1346,19966,"Шумен",NULL,"Висока Поляна",NULL,"village"
1347,19968,"Шумен",NULL,"Войвода",NULL,"village"
1348,19970,"Шумен",NULL,"Вълнари",NULL,"village"
1349,19979,"Шумен",NULL,"Върбак",NULL,"village"
1350,20030,"Шумен",NULL,"Върбяне",NULL,"village"
1351,20034,"Шумен",NULL,"Габрица",NULL,"village"
1352,20036,"Шумен",NULL,"Хитрино",NULL,"village"
1353,20048,"Шумен",NULL,"Градище",NULL,"village"
1354,20057,"Шумен",NULL,"Гусла",NULL,"village"
1355,20059,"Шумен",NULL,"Денница",NULL,"village"
1356,20061,"Шумен",NULL,"Дибич",NULL,"village"
1357,20081,"Шумен",NULL,"Длъжко",NULL,"village"
1358,20083,"Шумен",NULL,"Добри Войниково",NULL,"village"
1359,20085,"Шумен",NULL,"Дойранци",NULL,"village"
1360,20087,"Шумен",NULL,"Долина",NULL,"village"
1361,20089,"Шумен",NULL,"Драгоево",NULL,"village"
1362,20099,"Шумен",NULL,"Дренци",NULL,"village"
1363,20103,"Шумен",NULL,"Друмево",NULL,"village"
1364,20107,"Шумен",NULL,"Единаковци",NULL,"village"
1365,20110,"Шумен",NULL,"Енево",NULL,"village"
1366,20113,"Шумен",NULL,"Желъд",NULL,"village"
1367,20115,"Шумен",NULL,"Живково",NULL,"village"
1368,20117,"Шумен",NULL,"Жилино",NULL,"village"
1369,20119,"Шумен",NULL,"Загориче",NULL,"village"
1370,20123,"Шумен",NULL,"Зайчино Ореше",NULL,"village"
1371,20125,"Шумен",NULL,"Звегор",NULL,"village"
1372,20129,"Шумен",NULL,"Златар",NULL,"village"
1373,20131,"Шумен",NULL,"Иваново",NULL,"village"
1374,20137,"Шумен",NULL,"Ивански",NULL,"village"
1375,20146,"Шумен",NULL,"Иглика",NULL,"village"
1376,20148,"Шумен",NULL,"Избул",NULL,"village"
1377,20150,"Шумен",NULL,"Изгрев",NULL,"village"
1378,20156,"Шумен",NULL,"Илия Блъсково",NULL,"village"
1379,20158,"Шумен",NULL,"Имренчево",NULL,"village"
1380,20163,"Шумен",NULL,"Калино",NULL,"village"
1381,20166,"Шумен",NULL,"Каменяк",NULL,"village"
1382,20188,"Шумен",NULL,"Капитан Петко",NULL,"village"
1383,20192,"Шумен",NULL,"Каравелово",NULL,"village"
1384,20194,"Шумен",NULL,"Каспичан-Село",NULL,"village"
1385,20208,"Шумен",NULL,"Кладенец",NULL,"village"
1386,20210,"Шумен",NULL,"Климент",NULL,"village"
1387,20219,"Шумен",NULL,"Конево",NULL,"village"
1388,20222,"Шумен",NULL,"Коньовец",NULL,"village"
1389,20224,"Шумен",NULL,"Косово",NULL,"village"
1390,20226,"Шумен",NULL,"Костена Река",NULL,"village"
1391,20228,"Шумен",NULL,"Кочово",NULL,"village"
1392,20231,"Шумен",NULL,"Крайгорци",NULL,"village"
1393,20234,"Шумен",NULL,"Красен Дол",NULL,"village"
1394,20236,"Шумен",NULL,"Крива Река",NULL,"village"
1395,20238,"Шумен",NULL,"Кълново",NULL,"village"
1396,20240,"Шумен",NULL,"Кьолмен",NULL,"village"
1397,20242,"Шумен",NULL,"Кюлевча",NULL,"village"
1398,20253,"Шумен",NULL,"Лиси Връх",NULL,"village"
1399,20255,"Шумен",NULL,"Ловец",NULL,"village"
1400,20258,"Шумен",NULL,"Лозево",NULL,"village"
1401,20261,"Шумен",NULL,"Лятно",NULL,"village"
1402,20267,"Шумен",NULL,"Мадара",NULL,"village"
1403,20294,"Шумен",NULL,"Маломир",NULL,"village"
1404,20296,"Шумен",NULL,"Мараш",NULL,"village"
1405,20305,"Шумен",NULL,"Марково",NULL,"village"
1406,20313,"Шумен",NULL,"Менгишево",NULL,"village"
1407,20315,"Шумен",NULL,"Методиево",NULL,"village"
1408,20317,"Шумен",NULL,"Миланово",NULL,"village"
1409,20320,"Шумен",NULL,"Мировци",NULL,"village"
1410,20322,"Шумен",NULL,"Могила",NULL,"village"
1411,20324,"Шумен",NULL,"Мокреш",NULL,"village"
1412,20328,"Шумен",NULL,"Мостич",NULL,"village"
1413,20330,"Шумен",NULL,"Наум",NULL,"village"
1414,20343,"Шумен",NULL,"Нова Бяла Река",NULL,"village"
1415,20350,"Шумен",NULL,"Ново Янково",NULL,"village"
1416,20352,"Шумен",NULL,"Новосел",NULL,"village"
1417,20354,"Шумен",NULL,"Овчарово",NULL,"village"
1418,20357,"Шумен",NULL,"Омарчево",NULL,"village"
1419,20359,"Шумен",NULL,"Осеновец",NULL,"village"
1420,20361,"Шумен",NULL,"Осмар",NULL,"village"
1421,20368,"Шумен",NULL,"Памукчии",NULL,"village"
1422,20372,"Шумен",NULL,"Панайот Волово",NULL,"village"
1423,20376,"Шумен",NULL,"Пет Могили",NULL,"village"
1424,20386,"Шумен",NULL,"Писарево",NULL,"village"
1425,20388,"Шумен",NULL,"Правенци",NULL,"village"
1426,20390,"Шумен",NULL,"Преселка",NULL,"village"
1427,20393,"Шумен",NULL,"Пристое",NULL,"village"
1428,20400,"Шумен",NULL,"Радко Димитриево",NULL,"village"
1429,20412,"Шумен",NULL,"Развигорово",NULL,"village"
1430,20414,"Шумен",NULL,"Риш",NULL,"village"
1431,20422,"Шумен",NULL,"Ружица",NULL,"village"
1432,20424,"Шумен",NULL,"Салманово",NULL,"village"
1433,20426,"Шумен",NULL,"Сечище",NULL,"village"
1434,20428,"Шумен",NULL,"Сини Вир",NULL,"village"
1435,20431,"Шумен",NULL,"Сливак",NULL,"village"
1436,20433,"Шумен",NULL,"Средковец",NULL,"village"
1437,20439,"Шумен",NULL,"Средня",NULL,"village"
1438,20441,"Шумен",NULL,"Стан",NULL,"village"
1439,20445,"Шумен",NULL,"Становец",NULL,"village"
1440,20447,"Шумен",NULL,"Станянци",NULL,"village"
1441,20455,"Шумен",NULL,"Стоян Михайловски",NULL,"village"
1442,20465,"Шумен",NULL,"Страхилица",NULL,"village"
1443,20467,"Шумен",NULL,"Струино",NULL,"village"
1444,20469,"Шумен",NULL,"Студеница",NULL,"village"
1445,20471,"Шумен",NULL,"Суха Река",NULL,"village"
1446,20473,"Шумен",NULL,"Сушина",NULL,"village"
1447,20477,"Шумен",NULL,"Тервел",NULL,"village"
1448,20485,"Шумен",NULL,"Тимарево",NULL,"village"
1449,20501,"Шумен",NULL,"Тодор Икономово",NULL,"village"
1450,20519,"Шумен",NULL,"Трем",NULL,"village"
1451,20521,"Шумен",NULL,"Троица",NULL,"village"
1452,20526,"Шумен",NULL,"Тръница",NULL,"village"
1453,20528,"Шумен",NULL,"Тушовица",NULL,"village"
1454,20531,"Шумен",NULL,"Тъкач",NULL,"village"
1455,20537,"Шумен",NULL,"Хан Крум",NULL,"village"
1456,20548,"Шумен",NULL,"Хърсово",NULL,"village"
1457,20552,"Шумен",NULL,"Цани Гинчево",NULL,"village"
1458,20554,"Шумен",NULL,"Царев Брод",NULL,"village"
1459,20583,"Шумен",NULL,"Църквица",NULL,"village"
1460,20588,"Шумен",NULL,"Черенча",NULL,"village"
1461,20590,"Шумен",NULL,"Черна",NULL,"village"
1462,20593,"Шумен",NULL,"Черни Връх",NULL,"village"
1463,20595,"Шумен",NULL,"Черноглавци",NULL,"village"
1464,20602,"Шумен",NULL,"Янково",NULL,"village"
1465,20604,"Шумен",NULL,"Ясенково",NULL,"village"
1466,20623,"Шумен",NULL,"Никола Козлево",NULL,"village"
1467,20645,"Шумен",NULL,"Златна Нива",NULL,"village"
1468,21901,"Бургас",NULL,"Синеморец",NULL,"village"
1469,22571,"Бургас",NULL,"Равда",NULL,"village"
1470,22976,"Бургас",NULL,"Елените",NULL,"village"
1471,23029,"Бургас",NULL,"Лозенец",NULL,"village"
1472,23279,"Бургас",NULL,"Дебелт",NULL,"village"
1473,23413,"Бургас",NULL,"Граматиково",NULL,"village"
1474,23425,"Бургас",NULL,"Българи",NULL,"village"
1475,23485,"Бургас",NULL,"Александрово",NULL,"village"
1476,23491,"Бургас",NULL,"Аспарухово",NULL,"village"
1477,23493,"Бургас",NULL,"Атия",NULL,"village"
1478,23514,"Бургас",NULL,"Баня",NULL,"village"
1479,23524,"Бургас",NULL,"Бата",NULL,"village"
1480,23536,"Бургас",NULL,"Белеврен",NULL,"village"
1481,23538,"Бургас",NULL,"Белила",NULL,"village"
1482,23540,"Бургас",NULL,"Белодол",NULL,"village"
1483,23545,"Бургас",NULL,"Бероново",NULL,"village"
1484,23547,"Бургас",NULL,"Билка",NULL,"village"
1485,23552,"Бургас",NULL,"Бистрец",NULL,"village"
1486,23554,"Бургас",NULL,"Близнак",NULL,"village"
1487,23556,"Бургас",NULL,"Богданово",NULL,"village"
1488,23558,"Бургас",NULL,"Босилково",NULL,"village"
1489,23560,"Бургас",NULL,"Братово",NULL,"village"
1490,23562,"Бургас",NULL,"Бродилово",NULL,"village"
1491,23566,"Бургас",NULL,"Бръшлян",NULL,"village"
1492,23569,"Бургас",NULL,"Брястовец",NULL,"village"
1493,23614,"Бургас",NULL,"Бяла Вода",NULL,"village"
1494,23616,"Бургас",NULL,"Варвара",NULL,"village"
1495,23623,"Бургас",NULL,"Варовник",NULL,"village"
1496,23625,"Бургас",NULL,"Ведрово",NULL,"village"
1497,23627,"Бургас",NULL,"Везенково",NULL,"village"
1498,23630,"Бургас",NULL,"Велика",NULL,"village"
1499,23634,"Бургас",NULL,"Велислав",NULL,"village"
1500,23636,"Бургас",NULL,"Венец",NULL,"village"
1501,23640,"Бургас",NULL,"Веселие",NULL,"village"
1502,23651,"Бургас",NULL,"Визица",NULL,"village"
1503,23653,"Бургас",NULL,"Винарско",NULL,"village"
1504,23655,"Бургас",NULL,"Вишна",NULL,"village"
1505,23657,"Бургас",NULL,"Вратица",NULL,"village"
1506,23659,"Бургас",NULL,"Вресово",NULL,"village"
1507,23662,"Бургас",NULL,"Вълчаново",NULL,"village"
1508,23664,"Бургас",NULL,"Вълчин",NULL,"village"
1509,23666,"Бургас",NULL,"Вършило",NULL,"village"
1510,23668,"Бургас",NULL,"Габерово",NULL,"village"
1511,23673,"Бургас",NULL,"Габър",NULL,"village"
1512,23675,"Бургас",NULL,"Завет",NULL,"village"
1513,23677,"Бургас",NULL,"Глумче",NULL,"village"
1514,23679,"Бургас",NULL,"Голямо Буково",NULL,"village"
1515,23681,"Бургас",NULL,"Горица",NULL,"village"
1516,23688,"Бургас",NULL,"Горно Ябълково",NULL,"village"
1517,23690,"Бургас",NULL,"Горово",NULL,"village"
1518,23692,"Бургас",NULL,"Гранитец",NULL,"village"
1519,23694,"Бургас",NULL,"Граничар",NULL,"village"
1520,23696,"Бургас",NULL,"Грозден",NULL,"village"
1521,23699,"Бургас",NULL,"Гълъбец",NULL,"village"
1522,23712,"Бургас",NULL,"Гюльовца",NULL,"village"
1523,23726,"Бургас",NULL,"Деветак",NULL,"village"
1524,23728,"Бургас",NULL,"Деветинци",NULL,"village"
1525,23730,"Бургас",NULL,"Детелина",NULL,"village"
1526,23732,"Бургас",NULL,"Димчево",NULL,"village"
1527,23735,"Бургас",NULL,"Добра Поляна",NULL,"village"
1528,23737,"Бургас",NULL,"Добриново",NULL,"village"
1529,23739,"Бургас",NULL,"Добромир",NULL,"village"
1530,23752,"Бургас",NULL,"Долно Ябълково",NULL,"village"
1531,23754,"Бургас",NULL,"Драганово",NULL,"village"
1532,23756,"Бургас",NULL,"Драганци",NULL,"village"
1533,23758,"Бургас",NULL,"Драгово",NULL,"village"
1534,23760,"Бургас",NULL,"Драка",NULL,"village"
1535,23762,"Бургас",NULL,"Драчево",NULL,"village"
1536,23764,"Бургас",NULL,"Дропла",NULL,"village"
1537,23766,"Бургас",NULL,"Дрянковец",NULL,"village"
1538,23768,"Бургас",NULL,"Дъбник",NULL,"village"
1539,23774,"Бургас",NULL,"Дъбовица",NULL,"village"
1540,23776,"Бургас",NULL,"Дъскотна",NULL,"village"
1541,23783,"Бургас",NULL,"Дюлево",NULL,"village"
1542,23788,"Бургас",NULL,"Дюля",NULL,"village"
1543,23790,"Бургас",NULL,"Евренозово",NULL,"village"
1544,23793,"Бургас",NULL,"Екзарх Антимово",NULL,"village"
1545,23802,"Бургас",NULL,"Емона",NULL,"village"
1546,23804,"Бургас",NULL,"Есен",NULL,"village"
1547,23806,"Бургас",NULL,"Железник",NULL,"village"
1548,23808,"Бургас",NULL,"Желязово",NULL,"village"
1549,23810,"Бургас",NULL,"Житосвят",NULL,"village"
1550,23812,"Бургас",NULL,"Заберново",NULL,"village"
1551,23814,"Бургас",NULL,"Загорци",NULL,"village"
1552,23816,"Бургас",NULL,"Заимчево",NULL,"village"
1553,23818,"Бургас",NULL,"Зайчар",NULL,"village"
1554,23820,"Бургас",NULL,"Звезда",NULL,"village"
1555,23822,"Бургас",NULL,"Звездец",NULL,"village"
1556,23830,"Бургас",NULL,"Зетьово",NULL,"village"
1557,23832,"Бургас",NULL,"Зидарово",NULL,"village"
1558,23836,"Бургас",NULL,"Зимен",NULL,"village"
1559,23838,"Бургас",NULL,"Зорница",NULL,"village"
1560,23840,"Бургас",NULL,"Извор",NULL,"village"
1561,23846,"Бургас",NULL,"Изворище",NULL,"village"
1562,23849,"Бургас",NULL,"Изгрев",NULL,"village"
1563,23852,"Бургас",NULL,"Индже Войвода",NULL,"village"
1564,23854,"Бургас",NULL,"Искра",NULL,"village"
1565,23856,"Бургас",NULL,"Калово",NULL,"village"
1566,23858,"Бургас",NULL,"Каменар",NULL,"village"
1567,23942,"Бургас",NULL,"Каменяк",NULL,"village"
1568,23944,"Бургас",NULL,"Камчия",NULL,"village"
1569,23946,"Бургас",NULL,"Каравельово",NULL,"village"
1570,23948,"Бургас",NULL,"Карагеоргиево",NULL,"village"
1571,23952,"Бургас",NULL,"Караново",NULL,"village"
1572,23954,"Бургас",NULL,"Кирово",NULL,"village"
1573,23958,"Бургас",NULL,"Кликач",NULL,"village"
1574,23961,"Бургас",NULL,"Климаш",NULL,"village"
1575,23963,"Бургас",NULL,"Козаре",NULL,"village"
1576,23965,"Бургас",NULL,"Козичино",NULL,"village"
1577,23967,"Бургас",NULL,"Козница",NULL,"village"
1578,23970,"Бургас",NULL,"Кондолово",NULL,"village"
1579,23972,"Бургас",NULL,"Константиново",NULL,"village"
1580,23974,"Бургас",NULL,"Косовец",NULL,"village"
1581,23976,"Бургас",NULL,"Костен",NULL,"village"
1582,23978,"Бургас",NULL,"Кости",NULL,"village"
1583,23980,"Бургас",NULL,"Кошарица",NULL,"village"
1584,24011,"Бургас",NULL,"Крумово Градище",NULL,"village"
1585,24013,"Бургас",NULL,"Крушевец",NULL,"village"
1586,24017,"Бургас",NULL,"Крушово",NULL,"village"
1587,24019,"Бургас",NULL,"Кръстина",NULL,"village"
1588,24021,"Бургас",NULL,"Кубадин",NULL,"village"
1589,24030,"Бургас",NULL,"Ливада",NULL,"village"
1590,24032,"Бургас",NULL,"Листец",NULL,"village"
1591,24034,"Бургас",NULL,"Лозарево",NULL,"village"
1592,24050,"Бургас",NULL,"Лозица",NULL,"village"
1593,24052,"Бургас",NULL,"Лъка",NULL,"village"
1594,24059,"Бургас",NULL,"Люляково",NULL,"village"
1595,24075,"Бургас",NULL,"Лясково",NULL,"village"
1596,24077,"Бургас",NULL,"Малина",NULL,"village"
1597,24079,"Бургас",NULL,"Малка Поляна",NULL,"village"
1598,24082,"Бургас",NULL,"Манолич",NULL,"village"
1599,24096,"Бургас",NULL,"Маринка",NULL,"village"
1600,24118,"Бургас",NULL,"Медово",NULL,"village"
1601,24125,"Бургас",NULL,"Миролюбово",NULL,"village"
1602,24130,"Бургас",NULL,"Младежко",NULL,"village"
1603,24132,"Бургас",NULL,"Момина Църква",NULL,"village"
1604,24135,"Бургас",NULL,"Мрежичко",NULL,"village"
1605,24137,"Бургас",NULL,"Мъглен",NULL,"village"
1606,24141,"Бургас",NULL,"Мъдрино",NULL,"village"
1607,24144,"Бургас",NULL,"Невестино",NULL,"village"
1608,24146,"Бургас",NULL,"Ново Паничарево",NULL,"village"
1609,24159,"Бургас",NULL,"Огнен",NULL,"village"
1610,24161,"Бургас",NULL,"Оризаре",NULL,"village"
1611,24180,"Бургас",NULL,"Орлинци",NULL,"village"
1612,24182,"Бургас",NULL,"Паницово",NULL,"village"
1613,24184,"Бургас",NULL,"Пещерско",NULL,"village"
1614,24187,"Бургас",NULL,"Пирне",NULL,"village"
1615,24189,"Бургас",NULL,"Писменово",NULL,"village"
1616,24192,"Бургас",NULL,"Планиница",NULL,"village"
1617,24195,"Бургас",NULL,"Подвис",NULL,"village"
1618,24205,"Бургас",NULL,"Подгорец",NULL,"village"
1619,24207,"Бургас",NULL,"Полски Извор",NULL,"village"
1620,24210,"Бургас",NULL,"Поляново",NULL,"village"
1621,24212,"Бургас",NULL,"Порой",NULL,"village"
1622,24222,"Бургас",NULL,"Преображенци",NULL,"village"
1623,24225,"Бургас",NULL,"Прилеп",NULL,"village"
1624,24229,"Бургас",NULL,"Припек",NULL,"village"
1625,24231,"Бургас",NULL,"Присад",NULL,"village"
1626,24233,"Бургас",NULL,"Приселци (Бургаско)",NULL,"village"
1627,24235,"Бургас",NULL,"Просеник",NULL,"village"
1628,24247,"Бургас",NULL,"Проход",NULL,"village"
1629,24249,"Бургас",NULL,"Пчелин",NULL,"village"
1630,24251,"Бургас",NULL,"Пънчево",NULL,"village"
1631,24254,"Бургас",NULL,"Равадиново",NULL,"village"
1632,24266,"Бургас",NULL,"Равна Гора",NULL,"village"
1633,24268,"Бургас",NULL,"Равнец",NULL,"village"
1634,24276,"Бургас",NULL,"Радойново",NULL,"village"
1635,24278,"Бургас",NULL,"Разбойна",NULL,"village"
1636,24280,"Бургас",NULL,"Раклиново",NULL,"village"
1637,24282,"Бургас",NULL,"Раклица",NULL,"village"
1638,24284,"Бургас",NULL,"Раковсково",NULL,"village"
1639,24286,"Бургас",NULL,"Резово",NULL,"village"
1640,24291,"Бургас",NULL,"Речица",NULL,"village"
1641,24293,"Бургас",NULL,"Рожден",NULL,"village"
1642,24295,"Бургас",NULL,"Росен",NULL,"village"
1643,24312,"Бургас",NULL,"Росеново",NULL,"village"
1644,24314,"Бургас",NULL,"Рудина",NULL,"village"
1645,24316,"Бургас",NULL,"Руен",NULL,"village"
1646,24337,"Бургас",NULL,"Рупча",NULL,"village"
1647,24339,"Бургас",NULL,"Русокастро",NULL,"village"
1648,24346,"Бургас",NULL,"Ръжица",NULL,"village"
1649,24353,"Бургас",NULL,"Садово",NULL,"village"
1650,24355,"Бургас",NULL,"Сан Стефано",NULL,"village"
1651,24357,"Бургас",NULL,"Светлина",NULL,"village"
1652,24359,"Бургас",NULL,"Свобода",NULL,"village"
1653,24361,"Бургас",NULL,"Сигмен",NULL,"village"
1654,24363,"Бургас",NULL,"Сини Рид",NULL,"village"
1655,24365,"Бургас",NULL,"Синьо Камене",NULL,"village"
1656,24367,"Бургас",NULL,"Скала",NULL,"village"
1657,24369,"Бургас",NULL,"Скалак",NULL,"village"
1658,24374,"Бургас",NULL,"Славянци",NULL,"village"
1659,24390,"Бургас",NULL,"Сливарово",NULL,"village"
1660,24392,"Бургас",NULL,"Сливово",NULL,"village"
1661,24394,"Бургас",NULL,"Смолник",NULL,"village"
1662,24396,"Бургас",NULL,"Снежа",NULL,"village"
1663,24398,"Бургас",NULL,"Снягово",NULL,"village"
1664,24401,"Бургас",NULL,"Соколец",NULL,"village"
1665,24403,"Бургас",NULL,"Соколово",NULL,"village"
1666,24405,"Бургас",NULL,"Средна Махала",NULL,"village"
1667,24407,"Бургас",NULL,"Стоилово",NULL,"village"
1668,24409,"Бургас",NULL,"Страцин",NULL,"village"
1669,24423,"Бургас",NULL,"Струя",NULL,"village"
1670,24486,"Бургас",NULL,"Суходол",NULL,"village"
1671,24488,"Бургас",NULL,"Съдиево",NULL,"village"
1672,24490,"Бургас",NULL,"Съединение",NULL,"village"
1673,24502,"Бургас",NULL,"Сърнево",NULL,"village"
1674,24504,"Бургас",NULL,"Твърдица",NULL,"village"
1675,24514,"Бургас",NULL,"Терзийско",NULL,"village"
1676,24516,"Бургас",NULL,"Тополица",NULL,"village"
1677,24524,"Бургас",NULL,"Топчийско",NULL,"village"
1678,24535,"Бургас",NULL,"Тракийци",NULL,"village"
1679,24537,"Бургас",NULL,"Трояново",NULL,"village"
1680,24544,"Бургас",NULL,"Трънак",NULL,"village"
1681,24558,"Бургас",NULL,"Тръстиково",NULL,"village"
1682,24562,"Бургас",NULL,"Тънково",NULL,"village"
1683,24588,"Бургас",NULL,"Фазаново",NULL,"village"
1684,24590,"Бургас",NULL,"Факия",NULL,"village"
1685,24592,"Бургас",NULL,"Хаджиите",NULL,"village"
1686,24594,"Бургас",NULL,"Церковски",NULL,"village"
1687,24601,"Бургас",NULL,"Черково",NULL,"village"
1688,24603,"Бургас",NULL,"Черна Могила",NULL,"village"
1689,24605,"Бургас",NULL,"Черни Връх",NULL,"village"
1690,24612,"Бургас",NULL,"Черница",NULL,"village"
1691,24615,"Бургас",NULL,"Черноград",NULL,"village"
1692,24619,"Бургас",NULL,"Чубра",NULL,"village"
1693,24623,"Бургас",NULL,"Чукарка",NULL,"village"
1694,24625,"Бургас",NULL,"Шиварово",NULL,"village"
1695,24627,"Бургас",NULL,"Ябълчево",NULL,"village"
1696,24631,"Бургас",NULL,"Ясеново",NULL,"village"
1697,24633,"Бургас",NULL,"Ясна Поляна",NULL,"village"
1698,25736,"Благоевград",NULL,"Дамяница",NULL,"village"
1699,25962,"Благоевград",NULL,"Рилци",NULL,"village"
1700,26051,"Благоевград",NULL,"Кулата",NULL,"village"
1701,26076,"Благоевград",NULL,"Мосомище",NULL,"village"
1702,26099,"Благоевград",NULL,"Борово",NULL,"village"
1703,26103,"Благоевград",NULL,"Баничан",NULL,"village"
1704,26108,"Благоевград",NULL,"Ново Лески",NULL,"village"
1705,26110,"Благоевград",NULL,"Копривлен",NULL,"village"
1706,26170,"Благоевград",NULL,"Блатска",NULL,"village"
1707,26172,"Благоевград",NULL,"Абланица",NULL,"village"
1708,26206,"Благоевград",NULL,"Боголин",NULL,"village"
1709,26210,"Благоевград",NULL,"Вълкосел",NULL,"village"
1710,26238,"Благоевград",NULL,"Фъргово",NULL,"village"
1711,26240,"Благоевград",NULL,"Кочан",NULL,"village"
1712,26273,"Благоевград",NULL,"Сатовча",NULL,"village"
1713,26315,"Благоевград",NULL,"Долно Дряново",NULL,"village"
1714,26317,"Благоевград",NULL,"Дъбница",NULL,"village"
1715,26327,"Благоевград",NULL,"Дебрен",NULL,"village"
1716,26340,"Благоевград",NULL,"Гърмен",NULL,"village"
1717,26360,"Благоевград",NULL,"Огняново",NULL,"village"
1718,26381,"Благоевград",NULL,"Лъжница",NULL,"village"
1719,26394,"Благоевград",NULL,"Корница",NULL,"village"
1720,26410,"Благоевград",NULL,"Брезница",NULL,"village"
1721,26603,"Благоевград",NULL,"Баня",NULL,"village"
1722,26725,"Благоевград",NULL,"Долно Драглище",NULL,"village"
1723,26730,"Благоевград",NULL,"Горно Драглище",NULL,"village"
1724,26740,"Благоевград",NULL,"Добърско",NULL,"village"
1725,26742,"Благоевград",NULL,"Горно Краище",NULL,"village"
1726,26866,"Благоевград",NULL,"Дагоново",NULL,"village"
1727,26868,"Благоевград",NULL,"Юруково",NULL,"village"
1728,26872,"Благоевград",NULL,"Елешница",NULL,"village"
1729,26887,"Благоевград",NULL,"Аврамово",NULL,"village"
1730,26889,"Благоевград",NULL,"Бабяк",NULL,"village"
1731,26892,"Благоевград",NULL,"Балдево",NULL,"village"
1732,26894,"Благоевград",NULL,"Баскалци",NULL,"village"
1733,26896,"Благоевград",NULL,"Бачево",NULL,"village"
1734,26914,"Благоевград",NULL,"Бел Камен",NULL,"village"
1735,26916,"Благоевград",NULL,"Беласица",NULL,"village"
1736,26950,"Благоевград",NULL,"Бело Поле",NULL,"village"
1737,26959,"Благоевград",NULL,"Бельово",NULL,"village"
1738,26961,"Благоевград",NULL,"Беслен",NULL,"village"
1739,26963,"Благоевград",NULL,"Бистрица",NULL,"village"
1740,26965,"Благоевград",NULL,"Бождово",NULL,"village"
1741,26967,"Благоевград",NULL,"Боровичене",NULL,"village"
1742,26969,"Благоевград",NULL,"Брежани",NULL,"village"
1743,26976,"Благоевград",NULL,"Брестово",NULL,"village"
1744,26980,"Благоевград",NULL,"Буково",NULL,"village"
1745,26983,"Благоевград",NULL,"Бунцево",NULL,"village"
1746,26985,"Благоевград",NULL,"Бучино",NULL,"village"
1747,26987,"Благоевград",NULL,"Българчево",NULL,"village"
1748,26989,"Благоевград",NULL,"Ваклиново",NULL,"village"
1749,27003,"Благоевград",NULL,"Велющец",NULL,"village"
1750,27005,"Благоевград",NULL,"Виногради",NULL,"village"
1751,27007,"Благоевград",NULL,"Вишлене",NULL,"village"
1752,27009,"Благоевград",NULL,"Влахи",NULL,"village"
1753,27011,"Благоевград",NULL,"Волно",NULL,"village"
1754,27013,"Благоевград",NULL,"Вракуповица",NULL,"village"
1755,27015,"Благоевград",NULL,"Враня",NULL,"village"
1756,27017,"Благоевград",NULL,"Вълково",NULL,"village"
1757,27019,"Благоевград",NULL,"Габрене",NULL,"village"
1758,27038,"Благоевград",NULL,"Габрово",NULL,"village"
1759,27040,"Благоевград",NULL,"Гайтаниново",NULL,"village"
1760,27042,"Благоевград",NULL,"Гега",NULL,"village"
1761,27044,"Благоевград",NULL,"Генерал Тодоров",NULL,"village"
1762,27049,"Благоевград",NULL,"Годешево",NULL,"village"
1763,27060,"Благоевград",NULL,"Годлево",NULL,"village"
1764,27063,"Благоевград",NULL,"Голешово",NULL,"village"
1765,27065,"Благоевград",NULL,"Гореме",NULL,"village"
1766,27067,"Благоевград",NULL,"Горна Брезница",NULL,"village"
1767,27072,"Благоевград",NULL,"Горна Крушица",NULL,"village"
1768,27074,"Благоевград",NULL,"Горна Рибница",NULL,"village"
1769,27076,"Благоевград",NULL,"Горна Сушица",NULL,"village"
1770,27078,"Благоевград",NULL,"Горно Дряново",NULL,"village"
1771,27080,"Благоевград",NULL,"Горно Осеново",NULL,"village"
1772,27082,"Благоевград",NULL,"Горно Спанчево",NULL,"village"
1773,27085,"Благоевград",NULL,"Горно Хърсово",NULL,"village"
1774,27087,"Благоевград",NULL,"Горчево",NULL,"village"
1775,27089,"Благоевград",NULL,"Господинци",NULL,"village"
1776,27091,"Благоевград",NULL,"Гостун",NULL,"village"
1777,27093,"Благоевград",NULL,"Градево",NULL,"village"
1778,27095,"Благоевград",NULL,"Гълъбово",NULL,"village"
1779,27099,"Благоевград",NULL,"Дебочица",NULL,"village"
1780,27101,"Благоевград",NULL,"Дебрене",NULL,"village"
1781,27103,"Благоевград",NULL,"Делвино",NULL,"village"
1782,27105,"Благоевград",NULL,"Делчево",NULL,"village"
1783,27107,"Благоевград",NULL,"Джигурово",NULL,"village"
1784,27109,"Благоевград",NULL,"Добри Лаки",NULL,"village"
1785,27111,"Благоевград",NULL,"Добротино",NULL,"village"
1786,27113,"Благоевград",NULL,"Докатичево",NULL,"village"
1787,27115,"Благоевград",NULL,"Долен",NULL,"village"
1788,27119,"Благоевград",NULL,"Долене",NULL,"village"
1789,27121,"Благоевград",NULL,"Долени",NULL,"village"
1790,27123,"Благоевград",NULL,"Долна Градешница",NULL,"village"
1791,27131,"Благоевград",NULL,"Долна Крушица",NULL,"village"
1792,27133,"Благоевград",NULL,"Долна Рибница",NULL,"village"
1793,27135,"Благоевград",NULL,"Долно Осеново",NULL,"village"
1794,27139,"Благоевград",NULL,"Долно Спанчево",NULL,"village"
1795,27141,"Благоевград",NULL,"Драгуш",NULL,"village"
1796,27143,"Благоевград",NULL,"Драката",NULL,"village"
1797,27145,"Благоевград",NULL,"Дрангово",NULL,"village"
1798,27150,"Благоевград",NULL,"Дренково",NULL,"village"
1799,27152,"Благоевград",NULL,"Дреновица",NULL,"village"
1800,27154,"Благоевград",NULL,"Дреново",NULL,"village"
1801,27156,"Благоевград",NULL,"Дъбрава",NULL,"village"
1802,27161,"Благоевград",NULL,"Еленово",NULL,"village"
1803,27168,"Благоевград",NULL,"Железница",NULL,"village"
1804,27173,"Благоевград",NULL,"Жижево",NULL,"village"
1805,27179,"Благоевград",NULL,"Зелендол",NULL,"village"
1806,27181,"Благоевград",NULL,"Златолист",NULL,"village"
1807,27183,"Благоевград",NULL,"Зойчене",NULL,"village"
1808,27185,"Благоевград",NULL,"Зорница",NULL,"village"
1809,27187,"Благоевград",NULL,"Иваново",NULL,"village"
1810,27189,"Благоевград",NULL,"Игралище",NULL,"village"
1811,27191,"Благоевград",NULL,"Изгрев",NULL,"village"
1812,27211,"Благоевград",NULL,"Кавракирово",NULL,"village"
1813,27241,"Благоевград",NULL,"Калиманци",NULL,"village"
1814,27243,"Благоевград",NULL,"Камена",NULL,"village"
1815,27245,"Благоевград",NULL,"Каменица",NULL,"village"
1816,27248,"Благоевград",NULL,"Капатово",NULL,"village"
1817,27251,"Благоевград",NULL,"Катунци",NULL,"village"
1818,27276,"Благоевград",NULL,"Кладенци",NULL,"village"
1819,27278,"Благоевград",NULL,"Клепало",NULL,"village"
1820,27280,"Благоевград",NULL,"Клисура",NULL,"village"
1821,27282,"Благоевград",NULL,"Ключ",NULL,"village"
1822,27313,"Благоевград",NULL,"Ковачево",NULL,"village"
1823,27315,"Благоевград",NULL,"Колибите",NULL,"village"
1824,27317,"Благоевград",NULL,"Конарско",NULL,"village"
1825,27320,"Благоевград",NULL,"Краище",NULL,"village"
1826,27341,"Благоевград",NULL,"Кремен",NULL,"village"
1827,27343,"Благоевград",NULL,"Крибул",NULL,"village"
1828,27346,"Благоевград",NULL,"Кромидово",NULL,"village"
1829,27348,"Благоевград",NULL,"Крупник",NULL,"village"
1830,27376,"Благоевград",NULL,"Крушево",NULL,"village"
1831,27378,"Благоевград",NULL,"Крънджилица",NULL,"village"
1832,27380,"Благоевград",NULL,"Кръстилци",NULL,"village"
1833,27382,"Благоевград",NULL,"Кузьово",NULL,"village"
1834,27384,"Благоевград",NULL,"Кукурахцево",NULL,"village"
1835,27388,"Благоевград",NULL,"Ладарево",NULL,"village"
1836,27390,"Благоевград",NULL,"Ласкарево",NULL,"village"
1837,27392,"Благоевград",NULL,"Лебница",NULL,"village"
1838,27396,"Благоевград",NULL,"Левуново",NULL,"village"
1839,27406,"Благоевград",NULL,"Лехово",NULL,"village"
1840,27410,"Благоевград",NULL,"Лешница",NULL,"village"
1841,27418,"Благоевград",NULL,"Лещен",NULL,"village"
1842,27420,"Благоевград",NULL,"Лиляново",NULL,"village"
1843,27422,"Благоевград",NULL,"Лисия",NULL,"village"
1844,27424,"Благоевград",NULL,"Логодаж",NULL,"village"
1845,27427,"Благоевград",NULL,"Лозеница",NULL,"village"
1846,27429,"Благоевград",NULL,"Лъки",NULL,"village"
1847,27434,"Благоевград",NULL,"Любовка",NULL,"village"
1848,27436,"Благоевград",NULL,"Лютово",NULL,"village"
1849,27438,"Благоевград",NULL,"Марикостиново",NULL,"village"
1850,27463,"Благоевград",NULL,"Марино Поле",NULL,"village"
1851,27465,"Благоевград",NULL,"Марулево",NULL,"village"
1852,27467,"Благоевград",NULL,"Марчево",NULL,"village"
1853,27470,"Благоевград",NULL,"Махалата",NULL,"village"
1854,27472,"Благоевград",NULL,"Мендово",NULL,"village"
1855,27474,"Благоевград",NULL,"Места",NULL,"village"
1856,27476,"Благоевград",NULL,"Мечкул",NULL,"village"
1857,27509,"Благоевград",NULL,"Митино",NULL,"village"
1858,27511,"Благоевград",NULL,"Михнево",NULL,"village"
1859,27538,"Благоевград",NULL,"Мощанец",NULL,"village"
1860,27540,"Благоевград",NULL,"Никудин",NULL,"village"
1861,27542,"Благоевград",NULL,"Нова Ловча",NULL,"village"
1862,27544,"Благоевград",NULL,"Ново Делчево",NULL,"village"
1863,27569,"Благоевград",NULL,"Ново Кономлади",NULL,"village"
1864,27573,"Благоевград",NULL,"Ново Ходжово",NULL,"village"
1865,27575,"Благоевград",NULL,"Обел",NULL,"village"
1866,27577,"Благоевград",NULL,"Обидим",NULL,"village"
1867,27579,"Благоевград",NULL,"Ореше",NULL,"village"
1868,27581,"Благоевград",NULL,"Орцево",NULL,"village"
1869,27583,"Благоевград",NULL,"Осеново",NULL,"village"
1870,27586,"Благоевград",NULL,"Осиково",NULL,"village"
1871,27589,"Благоевград",NULL,"Осина",NULL,"village"
1872,27593,"Благоевград",NULL,"Ощава",NULL,"village"
1873,27595,"Благоевград",NULL,"Падеш",NULL,"village"
1874,27597,"Благоевград",NULL,"Палат",NULL,"village"
1875,27599,"Благоевград",NULL,"Парил",NULL,"village"
1876,27601,"Благоевград",NULL,"Петрелик",NULL,"village"
1877,27603,"Благоевград",NULL,"Петрово",NULL,"village"
1878,27608,"Благоевград",NULL,"Пиперица",NULL,"village"
1879,27610,"Благоевград",NULL,"Пирин",NULL,"village"
1880,27612,"Благоевград",NULL,"Плетена",NULL,"village"
1881,27620,"Благоевград",NULL,"Плоски",NULL,"village"
1882,27622,"Благоевград",NULL,"Покровник",NULL,"village"
1883,27636,"Благоевград",NULL,"Полена",NULL,"village"
1884,27642,"Благоевград",NULL,"Поленица",NULL,"village"
1885,27665,"Благоевград",NULL,"Полето",NULL,"village"
1886,27667,"Благоевград",NULL,"Право Бърдо",NULL,"village"
1887,27669,"Благоевград",NULL,"Първомай",NULL,"village"
1888,27698,"Благоевград",NULL,"Раздол",NULL,"village"
1889,27700,"Благоевград",NULL,"Ракитна",NULL,"village"
1890,27702,"Благоевград",NULL,"Рибник",NULL,"village"
1891,27705,"Благоевград",NULL,"Рибново",NULL,"village"
1892,27719,"Благоевград",NULL,"Рупите",NULL,"village"
1893,27746,"Благоевград",NULL,"Ръждак",NULL,"village"
1894,27749,"Благоевград",NULL,"Садово",NULL,"village"
1895,27751,"Благоевград",NULL,"Самуилова Крепост",NULL,"village"
1896,27753,"Благоевград",NULL,"Самуилово",NULL,"village"
1897,27775,"Благоевград",NULL,"Седелец",NULL,"village"
1898,27777,"Благоевград",NULL,"Селище",NULL,"village"
1899,27780,"Благоевград",NULL,"Сенокос",NULL,"village"
1900,27782,"Благоевград",NULL,"Склаве",NULL,"village"
1901,27798,"Благоевград",NULL,"Скребатно",NULL,"village"
1902,27800,"Благоевград",NULL,"Скрът",NULL,"village"
1903,27827,"Благоевград",NULL,"Слащен",NULL,"village"
1904,27851,"Благоевград",NULL,"Сливница",NULL,"village"
1905,27853,"Благоевград",NULL,"Смолево",NULL,"village"
1906,27855,"Благоевград",NULL,"Спатово",NULL,"village"
1907,27857,"Благоевград",NULL,"Стара Кресна",NULL,"village"
1908,27859,"Благоевград",NULL,"Старчево",NULL,"village"
1909,27872,"Благоевград",NULL,"Струма",NULL,"village"
1910,27874,"Благоевград",NULL,"Струмешница",NULL,"village"
1911,27877,"Благоевград",NULL,"Струмяни",NULL,"village"
1912,27909,"Благоевград",NULL,"Сухострел",NULL,"village"
1913,27911,"Благоевград",NULL,"Сушица",NULL,"village"
1914,27913,"Благоевград",NULL,"Теплен",NULL,"village"
1915,27916,"Благоевград",NULL,"Тешово",NULL,"village"
1916,27918,"Благоевград",NULL,"Тонско Дабе",NULL,"village"
1917,27920,"Благоевград",NULL,"Тополница",NULL,"village"
1918,27924,"Благоевград",NULL,"Тросково",NULL,"village"
1919,27926,"Благоевград",NULL,"Туховища",NULL,"village"
1920,27929,"Благоевград",NULL,"Филипово",NULL,"village"
1921,27931,"Благоевград",NULL,"Хвостяне",NULL,"village"
1922,27933,"Благоевград",NULL,"Хотово",NULL,"village"
1923,27935,"Благоевград",NULL,"Храсна",NULL,"village"
1924,27937,"Благоевград",NULL,"Хърсово",NULL,"village"
1925,27941,"Благоевград",NULL,"Цапарево",NULL,"village"
1926,27943,"Благоевград",NULL,"Церово",NULL,"village"
1927,27949,"Благоевград",NULL,"Черешница",NULL,"village"
1928,27951,"Благоевград",NULL,"Черешово",NULL,"village"
1929,27954,"Благоевград",NULL,"Черна Места",NULL,"village"
1930,27956,"Благоевград",NULL,"Черниче",NULL,"village"
1931,27971,"Благоевград",NULL,"Чурилово",NULL,"village"
1932,27973,"Благоевград",NULL,"Чуричени",NULL,"village"
1933,27975,"Благоевград",NULL,"Чучулигово",NULL,"village"
1934,27977,"Благоевград",NULL,"Яворница",NULL,"village"
1935,27998,"Благоевград",NULL,"Яково",NULL,"village"
1936,28000,"Благоевград",NULL,"Яново",NULL,"village"
1937,28002,"Благоевград",NULL,"Кърналово",NULL,"village"
1938,28050,"Благоевград",NULL,"Коларово",NULL,"village"
1939,28093,"Благоевград",NULL,"Палатик",NULL,"village"
1940,28095,"Благоевград",NULL,"Златарица",NULL,"village"
1941,28097,"Благоевград",NULL,"Белевехчево",NULL,"village"
1942,28099,"Благоевград",NULL,"Вихрен",NULL,"village"
1943,28101,"Благоевград",NULL,"Голем Цалим",NULL,"village"
1944,28103,"Благоевград",NULL,"Малки Цалим",NULL,"village"
1945,28105,"Благоевград",NULL,"Стожа",NULL,"village"
1946,28107,"Благоевград",NULL,"Кърланово",NULL,"village"
1947,28109,"Благоевград",NULL,"Кашина",NULL,"village"
1948,28111,"Благоевград",NULL,"Любовище",NULL,"village"
1949,28113,"Благоевград",NULL,"Рожен",NULL,"village"
1950,28115,"Благоевград",NULL,"Сугарево",NULL,"village"
1951,28117,"Благоевград",NULL,"Богородица",NULL,"village"
1952,28671,"Търговище",NULL,"Алваново",NULL,"village"
1953,28674,"Търговище",NULL,"Александрово",NULL,"village"
1954,28708,"Търговище",NULL,"Априлово",NULL,"village"
1955,28712,"Търговище",NULL,"Баба Тонка",NULL,"village"
1956,28715,"Търговище",NULL,"Банковец",NULL,"village"
1957,28717,"Търговище",NULL,"Баячево",NULL,"village"
1958,28722,"Търговище",NULL,"Беломорци",NULL,"village"
1959,28727,"Търговище",NULL,"Берковски",NULL,"village"
1960,28729,"Търговище",NULL,"Бистра",NULL,"village"
1961,28731,"Търговище",NULL,"Богомолско",NULL,"village"
1962,28733,"Търговище",NULL,"Божурка",NULL,"village"
1963,28737,"Търговище",NULL,"Бракница",NULL,"village"
1964,28739,"Търговище",NULL,"Братово",NULL,"village"
1965,28741,"Търговище",NULL,"Буйново",NULL,"village"
1966,28743,"Търговище",NULL,"Букак",NULL,"village"
1967,28745,"Търговище",NULL,"Буховци",NULL,"village"
1968,28747,"Търговище",NULL,"Българаново",NULL,"village"
1969,28750,"Търговище",NULL,"Вардун",NULL,"village"
1970,28754,"Търговище",NULL,"Васил Левски",NULL,"village"
1971,28759,"Търговище",NULL,"Великденче",NULL,"village"
1972,28762,"Търговище",NULL,"Великовци",NULL,"village"
1973,28764,"Търговище",NULL,"Величка",NULL,"village"
1974,28767,"Търговище",NULL,"Вельово",NULL,"village"
1975,28770,"Търговище",NULL,"Веренци",NULL,"village"
1976,28775,"Търговище",NULL,"Веселец",NULL,"village"
1977,28780,"Търговище",NULL,"Висок",NULL,"village"
1978,28783,"Търговище",NULL,"Водица",NULL,"village"
1979,28788,"Търговище",NULL,"Врани Кон",NULL,"village"
1980,28795,"Търговище",NULL,"Гагово",NULL,"village"
1981,28799,"Търговище",NULL,"Глашатай",NULL,"village"
1982,28801,"Търговище",NULL,"Глогинка",NULL,"village"
1983,28803,"Търговище",NULL,"Голямо Градище",NULL,"village"
1984,28812,"Търговище",NULL,"Голямо Доляне",NULL,"village"
1985,28815,"Търговище",NULL,"Голямо Ново",NULL,"village"
1986,28817,"Търговище",NULL,"Голямо Соколово",NULL,"village"
1987,28822,"Търговище",NULL,"Голямо Църквище",NULL,"village"
1988,28826,"Търговище",NULL,"Горица",NULL,"village"
1989,28828,"Търговище",NULL,"Горна Златица",NULL,"village"
1990,28830,"Търговище",NULL,"Горна Кабда",NULL,"village"
1991,28832,"Търговище",NULL,"Горна Хубавка",NULL,"village"
1992,28842,"Търговище",NULL,"Горно Козарево",NULL,"village"
1993,28845,"Търговище",NULL,"Горно Новково",NULL,"village"
1994,28847,"Търговище",NULL,"Горско Абланово",NULL,"village"
1995,28850,"Търговище",NULL,"Горско Село",NULL,"village"
1996,28855,"Търговище",NULL,"Греевци",NULL,"village"
1997,28857,"Търговище",NULL,"Гърчиново",NULL,"village"
1998,28860,"Търговище",NULL,"Давидово",NULL,"village"
1999,28864,"Търговище",NULL,"Девино",NULL,"village"
2000,28866,"Търговище",NULL,"Длъжка Поляна",NULL,"village"
2001,28868,"Търговище",NULL,"Добротица",NULL,"village"
2002,28872,"Търговище",NULL,"Долец",NULL,"village"
2003,28874,"Търговище",NULL,"Долна Златица",NULL,"village"
2004,28876,"Търговище",NULL,"Долна Кабда",NULL,"village"
2005,28878,"Търговище",NULL,"Долна Хубавка",NULL,"village"
2006,28880,"Търговище",NULL,"Долно Козарево",NULL,"village"
2007,28885,"Търговище",NULL,"Долно Новково",NULL,"village"
2008,28888,"Търговище",NULL,"Драгановец",NULL,"village"
2009,28890,"Търговище",NULL,"Дралфа",NULL,"village"
2010,28896,"Търговище",NULL,"Дриново",NULL,"village"
2011,28899,"Търговище",NULL,"Дъбравица",NULL,"village"
2012,28901,"Търговище",NULL,"Дългач",NULL,"village"
2013,28904,"Търговище",NULL,"Еленово",NULL,"village"
2014,28908,"Търговище",NULL,"Заветно",NULL,"village"
2015,28910,"Търговище",NULL,"Зараево",NULL,"village"
2016,28912,"Търговище",NULL,"Захари Стояново",NULL,"village"
2017,28914,"Търговище",NULL,"Звезда",NULL,"village"
2018,28916,"Търговище",NULL,"Звездица",NULL,"village"
2019,28925,"Търговище",NULL,"Здравец",NULL,"village"
2020,28929,"Търговище",NULL,"Зелена Морава",NULL,"village"
2021,28934,"Търговище",NULL,"Змейно",NULL,"village"
2022,28936,"Търговище",NULL,"Иванча",NULL,"village"
2023,28938,"Търговище",NULL,"Изворово",NULL,"village"
2024,28942,"Търговище",NULL,"Илийно",NULL,"village"
2025,28946,"Търговище",NULL,"Камбурово",NULL,"village"
2026,28961,"Търговище",NULL,"Капище",NULL,"village"
2027,28964,"Търговище",NULL,"Кардам",NULL,"village"
2028,28975,"Търговище",NULL,"Кестеново",NULL,"village"
2029,28980,"Търговище",NULL,"Китино",NULL,"village"
2030,28982,"Търговище",NULL,"Ковачевец",NULL,"village"
2031,28991,"Търговище",NULL,"Козица",NULL,"village"
2032,28994,"Търговище",NULL,"Козма Презвитер",NULL,"village"
2033,29005,"Търговище",NULL,"Конак",NULL,"village"
2034,29007,"Търговище",NULL,"Коноп",NULL,"village"
2035,29011,"Търговище",NULL,"Копрец",NULL,"village"
2036,29013,"Търговище",NULL,"Кошничари",NULL,"village"
2037,29015,"Търговище",NULL,"Крайполе",NULL,"village"
2038,29017,"Търговище",NULL,"Кралево",NULL,"village"
2039,29020,"Търговище",NULL,"Красноселци",NULL,"village"
2040,29023,"Търговище",NULL,"Крепча",NULL,"village"
2041,29031,"Търговище",NULL,"Крушолак",NULL,"village"
2042,29033,"Търговище",NULL,"Кръшно",NULL,"village"
2043,29036,"Търговище",NULL,"Къпинец",NULL,"village"
2044,29038,"Търговище",NULL,"Кьосевци",NULL,"village"
2045,29042,"Търговище",NULL,"Лиляк",NULL,"village"
2046,29053,"Търговище",NULL,"Ловец",NULL,"village"
2047,29055,"Търговище",NULL,"Ломци",NULL,"village"
2048,29061,"Търговище",NULL,"Любичево",NULL,"village"
2049,29067,"Търговище",NULL,"Люблен",NULL,"village"
2050,29070,"Търговище",NULL,"Макариополско",NULL,"village"
2051,29074,"Търговище",NULL,"Маково",NULL,"village"
2052,29076,"Търговище",NULL,"Малка Черковна",NULL,"village"
2053,29080,"Търговище",NULL,"Малоградец",NULL,"village"
2054,29082,"Търговище",NULL,"Манастирица",NULL,"village"
2055,29084,"Търговище",NULL,"Манушевци",NULL,"village"
2056,29086,"Търговище",NULL,"Марчино",NULL,"village"
2057,29088,"Търговище",NULL,"Медовина",NULL,"village"
2058,29097,"Търговище",NULL,"Мечово",NULL,"village"
2059,29099,"Търговище",NULL,"Миладиновци",NULL,"village"
2060,29101,"Търговище",NULL,"Милино",NULL,"village"
2061,29103,"Търговище",NULL,"Мировец",NULL,"village"
2062,29105,"Търговище",NULL,"Могилец",NULL,"village"
2063,29111,"Търговище",NULL,"Момино",NULL,"village"
2064,29113,"Търговище",NULL,"Моравица",NULL,"village"
2065,29115,"Търговище",NULL,"Моравка",NULL,"village"
2066,29117,"Търговище",NULL,"Надарево",NULL,"village"
2067,29127,"Търговище",NULL,"Обител",NULL,"village"
2068,29133,"Търговище",NULL,"Овчарово",NULL,"village"
2069,29169,"Търговище",NULL,"Орач",NULL,"village"
2070,29172,"Търговище",NULL,"Осен",NULL,"village"
2071,29174,"Търговище",NULL,"Осиково",NULL,"village"
2072,29176,"Търговище",NULL,"Острец",NULL,"village"
2073,29178,"Търговище",NULL,"Пайдушко",NULL,"village"
2074,29180,"Търговище",NULL,"Паламарца",NULL,"village"
2075,29188,"Търговище",NULL,"Панайот Хитово",NULL,"village"
2076,29190,"Търговище",NULL,"Паничино",NULL,"village"
2077,29192,"Търговище",NULL,"Певец",NULL,"village"
2078,29194,"Търговище",NULL,"Петрино",NULL,"village"
2079,29198,"Търговище",NULL,"Пиринец",NULL,"village"
2080,29200,"Търговище",NULL,"Плъстина",NULL,"village"
2081,29208,"Търговище",NULL,"Подгорица",NULL,"village"
2082,29213,"Търговище",NULL,"Помощица",NULL,"village"
2083,29216,"Търговище",NULL,"Поройно",NULL,"village"
2084,29218,"Търговище",NULL,"Посабина",NULL,"village"
2085,29220,"Търговище",NULL,"Преселец",NULL,"village"
2086,29222,"Търговище",NULL,"Пресиян",NULL,"village"
2087,29224,"Търговище",NULL,"Пресяк",NULL,"village"
2088,29226,"Търговище",NULL,"Присойна",NULL,"village"
2089,29228,"Търговище",NULL,"Пробуда",NULL,"village"
2090,29230,"Търговище",NULL,"Пролаз",NULL,"village"
2091,29233,"Търговище",NULL,"Птичево",NULL,"village"
2092,29236,"Търговище",NULL,"Пчелно",NULL,"village"
2093,29238,"Търговище",NULL,"Пъдарино",NULL,"village"
2094,29247,"Търговище",NULL,"Първан",NULL,"village"
2095,29249,"Търговище",NULL,"Равно Село",NULL,"village"
2096,29251,"Търговище",NULL,"Разбойна",NULL,"village"
2097,29259,"Търговище",NULL,"Разделци",NULL,"village"
2098,29261,"Търговище",NULL,"Ралица",NULL,"village"
2099,29263,"Търговище",NULL,"Росина",NULL,"village"
2100,29265,"Търговище",NULL,"Росица",NULL,"village"
2101,29267,"Търговище",NULL,"Руец",NULL,"village"
2102,29270,"Търговище",NULL,"Рътлина",NULL,"village"
2103,29272,"Търговище",NULL,"Садина",NULL,"village"
2104,29292,"Търговище",NULL,"Светлен",NULL,"village"
2105,29295,"Търговище",NULL,"Свирчово",NULL,"village"
2106,29297,"Търговище",NULL,"Свободица",NULL,"village"
2107,29299,"Търговище",NULL,"Семерци",NULL,"village"
2108,29303,"Търговище",NULL,"Славяново",NULL,"village"
2109,29316,"Търговище",NULL,"Станец",NULL,"village"
2110,29319,"Търговище",NULL,"Стара Речка",NULL,"village"
2111,29321,"Търговище",NULL,"Старчище",NULL,"village"
2112,29323,"Търговище",NULL,"Стеврек",NULL,"village"
2113,29326,"Търговище",NULL,"Стойново",NULL,"village"
2114,29328,"Търговище",NULL,"Стража",NULL,"village"
2115,29333,"Търговище",NULL,"Стройновци",NULL,"village"
2116,29335,"Търговище",NULL,"Съединение",NULL,"village"
2117,29338,"Търговище",NULL,"Таймище",NULL,"village"
2118,29340,"Търговище",NULL,"Твърдинци",NULL,"village"
2119,29342,"Търговище",NULL,"Тиховец",NULL,"village"
2120,29344,"Търговище",NULL,"Трескавец",NULL,"village"
2121,29348,"Търговище",NULL,"Тръстика",NULL,"village"
2122,29350,"Търговище",NULL,"Тъпчилещово",NULL,"village"
2123,29352,"Търговище",NULL,"Търновца",NULL,"village"
2124,29354,"Търговище",NULL,"Угледно",NULL,"village"
2125,29357,"Търговище",NULL,"Халваджийско",NULL,"village"
2126,29359,"Търговище",NULL,"Цар Асен",NULL,"village"
2127,29362,"Търговище",NULL,"Царевци",NULL,"village"
2128,29366,"Търговище",NULL,"Цветница",NULL,"village"
2129,29368,"Търговище",NULL,"Церовище",NULL,"village"
2130,29372,"Търговище",NULL,"Чеканци",NULL,"village"
2131,29374,"Търговище",NULL,"Черковна",NULL,"village"
2132,29377,"Търговище",NULL,"Черна Вода",NULL,"village"
2133,29381,"Търговище",NULL,"Черни Бряг",NULL,"village"
2134,29384,"Търговище",NULL,"Чернокапци",NULL,"village"
2135,29386,"Търговище",NULL,"Шишковица",NULL,"village"
2136,29388,"Търговище",NULL,"Язовец",NULL,"village"
2137,29390,"Търговище",NULL,"Яребично",NULL,"village"
2138,29392,"Търговище",NULL,"Ястребино",NULL,"village"
2139,29395,"Търговище",NULL,"Слънчовец",NULL,"village"
2140,30440,"Габрово",NULL,"Соколово",NULL,"village"
2141,30447,"Габрово",NULL,"Агатово",NULL,"village"
2142,30449,"Габрово",NULL,"Ангелов",NULL,"village"
2143,30451,"Габрово",NULL,"Армените",NULL,"village"
2144,30453,"Габрово",NULL,"Армянковци",NULL,"village"
2145,30455,"Габрово",NULL,"Баева Ливада",NULL,"village"
2146,30457,"Габрово",NULL,"Баевци",NULL,"village"
2147,30459,"Габрово",NULL,"Баланите",NULL,"village"
2148,30461,"Габрово",NULL,"Балванците",NULL,"village"
2149,30463,"Габрово",NULL,"Балиновци",NULL,"village"
2150,30465,"Габрово",NULL,"Бангейци",NULL,"village"
2151,30467,"Габрово",NULL,"Батошево",NULL,"village"
2152,30471,"Габрово",NULL,"Бахреци",NULL,"village"
2153,30473,"Габрово",NULL,"Белица",NULL,"village"
2154,30475,"Габрово",NULL,"Беломъжите",NULL,"village"
2155,30477,"Габрово",NULL,"Бериево",NULL,"village"
2156,30479,"Габрово",NULL,"Боазът",NULL,"village"
2157,30481,"Габрово",NULL,"Богатово",NULL,"village"
2158,30485,"Габрово",NULL,"Богданчовци",NULL,"village"
2159,30487,"Габрово",NULL,"Боженци",NULL,"village"
2160,30491,"Габрово",NULL,"Бойновци",NULL,"village"
2161,30493,"Габрово",NULL,"Бойчета",NULL,"village"
2162,30495,"Габрово",NULL,"Болтата",NULL,"village"
2163,30497,"Габрово",NULL,"Борики",NULL,"village"
2164,30499,"Габрово",NULL,"Борското",NULL,"village"
2165,30501,"Габрово",NULL,"Брънеците",NULL,"village"
2166,30503,"Габрово",NULL,"Буря",NULL,"village"
2167,30509,"Габрово",NULL,"Бучуковци",NULL,"village"
2168,30511,"Габрово",NULL,"Българи",NULL,"village"
2169,30513,"Габрово",NULL,"Бърдени",NULL,"village"
2170,30515,"Габрово",NULL,"Бялково",NULL,"village"
2171,30517,"Габрово",NULL,"Валевци",NULL,"village"
2172,30520,"Габрово",NULL,"Веленци",NULL,"village"
2173,30522,"Габрово",NULL,"Велково",NULL,"village"
2174,30524,"Габрово",NULL,"Велковци",NULL,"village"
2175,30529,"Габрово",NULL,"Владовци",NULL,"village"
2176,30531,"Габрово",NULL,"Влайчовци",NULL,"village"
2177,30533,"Габрово",NULL,"Власатили",NULL,"village"
2178,30535,"Габрово",NULL,"Влаховци",NULL,"village"
2179,30537,"Габрово",NULL,"Войнишка",NULL,"village"
2180,30539,"Габрово",NULL,"Врабците",NULL,"village"
2181,30541,"Габрово",NULL,"Враниловци",NULL,"village"
2182,30545,"Габрово",NULL,"Вълков Дол",NULL,"village"
2183,30547,"Габрово",NULL,"Вълковци",NULL,"village"
2184,30549,"Габрово",NULL,"Гайдари",NULL,"village"
2185,30551,"Габрово",NULL,"Гайтаните",NULL,"village"
2186,30553,"Габрово",NULL,"Ганчовец",NULL,"village"
2187,30560,"Габрово",NULL,"Гарван",NULL,"village"
2188,30562,"Габрово",NULL,"Геновци",NULL,"village"
2189,30564,"Габрово",NULL,"Генчовци",NULL,"village"
2190,30566,"Габрово",NULL,"Геня",NULL,"village"
2191,30568,"Габрово",NULL,"Гергини",NULL,"village"
2192,30570,"Габрово",NULL,"Гледаци",NULL,"village"
2193,30572,"Габрово",NULL,"Глутниците",NULL,"village"
2194,30574,"Габрово",NULL,"Големи Станчовци",NULL,"village"
2195,30576,"Габрово",NULL,"Горна Росица",NULL,"village"
2196,30589,"Габрово",NULL,"Горни Върпища",NULL,"village"
2197,30591,"Габрово",NULL,"Горни Дамяновци",NULL,"village"
2198,30593,"Габрово",NULL,"Горни Драгойча",NULL,"village"
2199,30595,"Габрово",NULL,"Горнова Могила",NULL,"village"
2200,30597,"Габрово",NULL,"Горяни",NULL,"village"
2201,30599,"Габрово",NULL,"Гостилица",NULL,"village"
2202,30605,"Габрово",NULL,"Градище",NULL,"village"
2203,30611,"Габрово",NULL,"Градница",NULL,"village"
2204,30625,"Габрово",NULL,"Гъбене",NULL,"village"
2205,30634,"Габрово",NULL,"Даевци",NULL,"village"
2206,30636,"Габрово",NULL,"Дамяново",NULL,"village"
2207,30644,"Габрово",NULL,"Дебел Дял",NULL,"village"
2208,30646,"Габрово",NULL,"Дебелцово",NULL,"village"
2209,30648,"Габрово",NULL,"Денчевци",NULL,"village"
2210,30650,"Габрово",NULL,"Джумриите",NULL,"village"
2211,30652,"Габрово",NULL,"Джуровци",NULL,"village"
2212,30654,"Габрово",NULL,"Дивеци",NULL,"village"
2213,30656,"Габрово",NULL,"Димиевци",NULL,"village"
2214,30658,"Габрово",NULL,"Дисманица",NULL,"village"
2215,30660,"Габрово",NULL,"Добревци",NULL,"village"
2216,30662,"Габрово",NULL,"Добрените",NULL,"village"
2217,30664,"Габрово",NULL,"Добромирка",NULL,"village"
2218,30670,"Габрово",NULL,"Долни Върпища",NULL,"village"
2219,30674,"Габрово",NULL,"Донино",NULL,"village"
2220,30676,"Габрово",NULL,"Дончовци",NULL,"village"
2221,30678,"Габрово",NULL,"Доча",NULL,"village"
2222,30680,"Габрово",NULL,"Драгановци",NULL,"village"
2223,30689,"Габрово",NULL,"Драганчетата",NULL,"village"
2224,30691,"Габрово",NULL,"Драгиевци",NULL,"village"
2225,30693,"Габрово",NULL,"Драгомани",NULL,"village"
2226,30695,"Габрово",NULL,"Драндарите",NULL,"village"
2227,30697,"Габрово",NULL,"Дрянът",NULL,"village"
2228,30699,"Габрово",NULL,"Думници",NULL,"village"
2229,30701,"Габрово",NULL,"Дурча",NULL,"village"
2230,30703,"Габрово",NULL,"Душево",NULL,"village"
2231,30712,"Габрово",NULL,"Душевски Колиби",NULL,"village"
2232,30714,"Габрово",NULL,"Дъскарите",NULL,"village"
2233,30716,"Габрово",NULL,"Дялък",NULL,"village"
2234,30718,"Габрово",NULL,"Езерото",NULL,"village"
2235,30720,"Габрово",NULL,"Еленците",NULL,"village"
2236,30722,"Габрово",NULL,"Енев Рът",NULL,"village"
2237,30724,"Габрово",NULL,"Живко",NULL,"village"
2238,30726,"Габрово",NULL,"Жълтеш",NULL,"village"
2239,30728,"Габрово",NULL,"Зая",NULL,"village"
2240,30730,"Габрово",NULL,"Здравковец",NULL,"village"
2241,30732,"Габрово",NULL,"Зеленика",NULL,"village"
2242,30734,"Габрово",NULL,"Зелено Дърво",NULL,"village"
2243,30736,"Габрово",NULL,"Златевци",NULL,"village"
2244,30738,"Габрово",NULL,"Иван Димов",NULL,"village"
2245,30740,"Габрово",NULL,"Иванковци",NULL,"village"
2246,30742,"Габрово",NULL,"Иглика",NULL,"village"
2247,30744,"Габрово",NULL,"Идилево",NULL,"village"
2248,30746,"Габрово",NULL,"Източник",NULL,"village"
2249,30748,"Габрово",NULL,"Иринеци",NULL,"village"
2250,30750,"Габрово",NULL,"Искра",NULL,"village"
2251,30752,"Габрово",NULL,"Каломен",NULL,"village"
2252,30754,"Габрово",NULL,"Калчовци",NULL,"village"
2253,30756,"Габрово",NULL,"Камещица",NULL,"village"
2254,30758,"Габрово",NULL,"Караиванца",NULL,"village"
2255,30760,"Габрово",NULL,"Карали",NULL,"village"
2256,30762,"Габрово",NULL,"Карамичевци",NULL,"village"
2257,30764,"Габрово",NULL,"Кастел",NULL,"village"
2258,30766,"Габрово",NULL,"Кашенци",NULL,"village"
2259,30768,"Габрово",NULL,"Керека",NULL,"village"
2260,30770,"Габрово",NULL,"Керените",NULL,"village"
2261,30772,"Габрово",NULL,"Киевци",NULL,"village"
2262,30774,"Габрово",NULL,"Кисийците",NULL,"village"
2263,30776,"Габрово",NULL,"Кметовци",NULL,"village"
2264,30778,"Габрово",NULL,"Кметчета",NULL,"village"
2265,30780,"Габрово",NULL,"Коевци",NULL,"village"
2266,30782,"Габрово",NULL,"Кози Рог",NULL,"village"
2267,30784,"Габрово",NULL,"Колишовци",NULL,"village"
2268,30786,"Габрово",NULL,"Конарското",NULL,"village"
2269,30788,"Габрово",NULL,"Копчелиите",NULL,"village"
2270,30790,"Габрово",NULL,"Корията",NULL,"village"
2271,30792,"Габрово",NULL,"Кормянско",NULL,"village"
2272,30797,"Габрово",NULL,"Косилка",NULL,"village"
2273,30799,"Габрово",NULL,"Костадините",NULL,"village"
2274,30801,"Габрово",NULL,"Костенковци",NULL,"village"
2275,30803,"Габрово",NULL,"Крамолин",NULL,"village"
2276,30807,"Габрово",NULL,"Креслювци",NULL,"village"
2277,30809,"Габрово",NULL,"Крушево",NULL,"village"
2278,30815,"Габрово",NULL,"Кръвеник",NULL,"village"
2279,30820,"Габрово",NULL,"Кръстец",NULL,"village"
2280,30822,"Габрово",NULL,"Куманите",NULL,"village"
2281,30824,"Габрово",NULL,"Купен",NULL,"village"
2282,30826,"Габрово",NULL,"Къртипъня",NULL,"village"
2283,30828,"Габрово",NULL,"Лесичарка",NULL,"village"
2284,30830,"Габрово",NULL,"Ловнидол",NULL,"village"
2285,30834,"Габрово",NULL,"Лоза",NULL,"village"
2286,30838,"Габрово",NULL,"Малини",NULL,"village"
2287,30840,"Габрово",NULL,"Малки Вършец",NULL,"village"
2288,30842,"Габрово",NULL,"Малки Станчовци",NULL,"village"
2289,30844,"Габрово",NULL,"Малуша",NULL,"village"
2290,30846,"Габрово",NULL,"Малчовци",NULL,"village"
2291,30848,"Габрово",NULL,"Маневци",NULL,"village"
2292,30850,"Габрово",NULL,"Мариновци",NULL,"village"
2293,30852,"Габрово",NULL,"Матешовци",NULL,"village"
2294,30854,"Габрово",NULL,"Междени",NULL,"village"
2295,30856,"Габрово",NULL,"Мечковица",NULL,"village"
2296,30858,"Габрово",NULL,"Милковци",NULL,"village"
2297,30860,"Габрово",NULL,"Михайловци",NULL,"village"
2298,30862,"Габрово",NULL,"Миховци",NULL,"village"
2299,30864,"Габрово",NULL,"Мичковци",NULL,"village"
2300,30866,"Габрово",NULL,"Младен",NULL,"village"
2301,30868,"Габрово",NULL,"Млечево",NULL,"village"
2302,30870,"Габрово",NULL,"Моровеците",NULL,"village"
2303,30872,"Габрово",NULL,"Мрахори",NULL,"village"
2304,30874,"Габрово",NULL,"Мръзеци",NULL,"village"
2305,30876,"Габрово",NULL,"Музга",NULL,"village"
2306,30878,"Габрово",NULL,"Нейчовци",NULL,"village"
2307,30880,"Габрово",NULL,"Неновци",NULL,"village"
2308,30882,"Габрово",NULL,"Никачковци",NULL,"village"
2309,30884,"Габрово",NULL,"Николаево",NULL,"village"
2310,30886,"Габрово",NULL,"Николчовци",NULL,"village"
2311,30888,"Габрово",NULL,"Новаковци",NULL,"village"
2312,30890,"Габрово",NULL,"Овощарци",NULL,"village"
2313,30892,"Габрово",NULL,"Орловци",NULL,"village"
2314,30896,"Габрово",NULL,"Парчовци",NULL,"village"
2315,30900,"Габрово",NULL,"Пенковци",NULL,"village"
2316,30902,"Габрово",NULL,"Петко Славейков",NULL,"village"
2317,30910,"Габрово",NULL,"Петровци",NULL,"village"
2318,30912,"Габрово",NULL,"Пецовци",NULL,"village"
2319,30918,"Габрово",NULL,"Попари",NULL,"village"
2320,30922,"Габрово",NULL,"Поповци",NULL,"village"
2321,30928,"Габрово",NULL,"Поток",NULL,"village"
2322,30930,"Габрово",NULL,"Прахали",NULL,"village"
2323,30936,"Габрово",NULL,"Пъртевци",NULL,"village"
2324,30946,"Габрово",NULL,"Райновци",NULL,"village"
2325,30952,"Габрово",NULL,"Раховци",NULL,"village"
2326,30953,"Габрово",NULL,"Рачевци",NULL,"village"
2327,30955,"Габрово",NULL,"Редешковци",NULL,"village"
2328,30959,"Габрово",NULL,"Руевци",NULL,"village"
2329,30961,"Габрово",NULL,"Руйчовци",NULL,"village"
2330,30967,"Габрово",NULL,"Рязковци",NULL,"village"
2331,30969,"Габрово",NULL,"Ряховците",NULL,"village"
2332,30986,"Габрово",NULL,"Саласука",NULL,"village"
2333,30990,"Габрово",NULL,"Сейковци",NULL,"village"
2334,30994,"Габрово",NULL,"Семерджиите",NULL,"village"
2335,30996,"Габрово",NULL,"Сенник",NULL,"village"
2336,31002,"Габрово",NULL,"Скалско",NULL,"village"
2337,31004,"Габрово",NULL,"Славейково",NULL,"village"
2338,31008,"Габрово",NULL,"Смиловци",NULL,"village"
2339,31010,"Габрово",NULL,"Спанци",NULL,"village"
2340,31012,"Габрово",NULL,"Спасовци",NULL,"village"
2341,31016,"Габрово",NULL,"Станчов Хан",NULL,"village"
2342,31018,"Габрово",NULL,"Старилковци",NULL,"village"
2343,31020,"Габрово",NULL,"Стефаново",NULL,"village"
2344,31022,"Габрово",NULL,"Стоевци",NULL,"village"
2345,31024,"Габрово",NULL,"Стойковци",NULL,"village"
2346,31026,"Габрово",NULL,"Стойчовци",NULL,"village"
2347,31028,"Габрово",NULL,"Стоките",NULL,"village"
2348,31033,"Габрово",NULL,"Столът",NULL,"village"
2349,31035,"Габрово",NULL,"Стоманеците",NULL,"village"
2350,31043,"Габрово",NULL,"Съботковци",NULL,"village"
2351,31045,"Габрово",NULL,"Сяровци",NULL,"village"
2352,31049,"Габрово",NULL,"Тодоровци",NULL,"village"
2353,31051,"Габрово",NULL,"Тодорчета",NULL,"village"
2354,31055,"Габрово",NULL,"Торбалъжите",NULL,"village"
2355,31057,"Габрово",NULL,"Трапесковци",NULL,"village"
2356,31059,"Габрово",NULL,"Трънито",NULL,"village"
2357,31061,"Габрово",NULL,"Тумбалово",NULL,"village"
2358,31063,"Габрово",NULL,"Туркинча",NULL,"village"
2359,31065,"Габрово",NULL,"Търхово",NULL,"village"
2360,31067,"Габрово",NULL,"Угорелец",NULL,"village"
2361,31069,"Габрово",NULL,"Узуните",NULL,"village"
2362,31073,"Габрово",NULL,"Фърговци",NULL,"village"
2363,31075,"Габрово",NULL,"Фъревци",NULL,"village"
2364,31079,"Габрово",NULL,"Харачерите",NULL,"village"
2365,31081,"Габрово",NULL,"Хирево",NULL,"village"
2366,31087,"Габрово",NULL,"Царева Ливада",NULL,"village"
2367,31096,"Габрово",NULL,"Цвятковци",NULL,"village"
2368,31098,"Габрово",NULL,"Чавеи",NULL,"village"
2369,31102,"Габрово",NULL,"Чарково",NULL,"village"
2370,31104,"Габрово",NULL,"Червена Локва",NULL,"village"
2371,31106,"Габрово",NULL,"Черневци",NULL,"village"
2372,31108,"Габрово",NULL,"Черновръх",NULL,"village"
2373,31112,"Габрово",NULL,"Шипчените",NULL,"village"
2374,31116,"Габрово",NULL,"Шумата",NULL,"village"
2375,31120,"Габрово",NULL,"Яворец",NULL,"village"
2376,31128,"Габрово",NULL,"Янковци",NULL,"village"
2377,31130,"Габрово",NULL,"Янтра",NULL,"village"
2378,31132,"Габрово",NULL,"Ясените",NULL,"village"
2379,31134,"Габрово",NULL,"Бекриите",NULL,"village"
2380,31136,"Габрово",NULL,"Бобевци",NULL,"village"
2381,31138,"Габрово",NULL,"Ветрово",NULL,"village"
2382,31140,"Габрово",NULL,"Гайкини",NULL,"village"
2383,31142,"Габрово",NULL,"Гръблевци",NULL,"village"
2384,31144,"Габрово",NULL,"Иванили",NULL,"village"
2385,31146,"Габрово",NULL,"Свинарски Дол",NULL,"village"
2386,31148,"Габрово",NULL,"Седянковци",NULL,"village"
2387,31150,"Габрово",NULL,"Солари",NULL,"village"
2388,31152,"Габрово",NULL,"Читаковци",NULL,"village"
2389,31154,"Габрово",NULL,"Шарани",NULL,"village"
2390,31157,"Габрово",NULL,"Балалея",NULL,"village"
2391,31159,"Габрово",NULL,"Билкини",NULL,"village"
2392,31161,"Габрово",NULL,"Геша",NULL,"village"
2393,31163,"Габрово",NULL,"Глушка",NULL,"village"
2394,31165,"Габрово",NULL,"Големи Българени",NULL,"village"
2395,31167,"Габрово",NULL,"Гърня",NULL,"village"
2396,31169,"Габрово",NULL,"Игнатовци",NULL,"village"
2397,31171,"Габрово",NULL,"Крънча",NULL,"village"
2398,31173,"Габрово",NULL,"Кукля",NULL,"village"
2399,31175,"Габрово",NULL,"Малки Българени",NULL,"village"
2400,31177,"Габрово",NULL,"Муця",NULL,"village"
2401,31191,"Габрово",NULL,"Гоздейка",NULL,"village"
2402,31193,"Габрово",NULL,"Катранджии",NULL,"village"
2403,31195,"Габрово",NULL,"Длъгня",NULL,"village"
2404,31197,"Габрово",NULL,"Косарка",NULL,"village"
2405,31199,"Габрово",NULL,"Маноя",NULL,"village"
2406,31201,"Габрово",NULL,"Азманите",NULL,"village"
2407,31203,"Габрово",NULL,"Бижовци",NULL,"village"
2408,31205,"Габрово",NULL,"Войниците",NULL,"village"
2409,31209,"Габрово",NULL,"Долни Томчевци",NULL,"village"
2410,31210,"Габрово",NULL,"Дървари",NULL,"village"
2411,31212,"Габрово",NULL,"Койчовци",NULL,"village"
2412,31214,"Габрово",NULL,"Кръстеняците",NULL,"village"
2413,31216,"Габрово",NULL,"Милевци",NULL,"village"
2414,31218,"Габрово",NULL,"Могилите",NULL,"village"
2415,31220,"Габрово",NULL,"Недялковци",NULL,"village"
2416,31226,"Габрово",NULL,"Престой",NULL,"village"
2417,31242,"Габрово",NULL,"Радевци",NULL,"village"
2418,31244,"Габрово",NULL,"Брежниците",NULL,"village"
2419,31246,"Габрово",NULL,"Бърдарите",NULL,"village"
2420,31248,"Габрово",NULL,"Горни Маренци",NULL,"village"
2421,31250,"Габрово",NULL,"Горни Радковци",NULL,"village"
2422,31252,"Габрово",NULL,"Горни Цоневци",NULL,"village"
2423,31254,"Габрово",NULL,"Долни Маренци",NULL,"village"
2424,31256,"Габрово",NULL,"Долни Радковци",NULL,"village"
2425,31258,"Габрово",NULL,"Донкино",NULL,"village"
2426,31260,"Габрово",NULL,"Драгневци",NULL,"village"
2427,31262,"Габрово",NULL,"Енчовци",NULL,"village"
2428,31264,"Габрово",NULL,"Йововци",NULL,"village"
2429,31266,"Габрово",NULL,"Киселковци",NULL,"village"
2430,31268,"Габрово",NULL,"Колю Ганев",NULL,"village"
2431,31270,"Габрово",NULL,"Маруцековци",NULL,"village"
2432,31276,"Габрово",NULL,"Радино",NULL,"village"
2433,31280,"Габрово",NULL,"Банари",NULL,"village"
2434,31282,"Габрово",NULL,"Банковци",NULL,"village"
2435,31699,"Смолян",NULL,"Пампорово",NULL,"village"
2436,31984,"Смолян",NULL,"Стойките",NULL,"village"
2437,31993,"Смолян",NULL,"Широка Лъка",NULL,"village"
2438,32061,"Смолян",NULL,"Борино",NULL,"village"
2439,32104,"Смолян",NULL,"Барутин",NULL,"village"
2440,32128,"Смолян",NULL,"Аламовци",NULL,"village"
2441,32130,"Смолян",NULL,"Алиговска",NULL,"village"
2442,32132,"Смолян",NULL,"Арда",NULL,"village"
2443,32134,"Смолян",NULL,"Арпаджик",NULL,"village"
2444,32136,"Смолян",NULL,"Баблон",NULL,"village"
2445,32138,"Смолян",NULL,"Баните",NULL,"village"
2446,32161,"Смолян",NULL,"Беден",NULL,"village"
2447,32167,"Смолян",NULL,"Билянска",NULL,"village"
2448,32169,"Смолян",NULL,"Богутево",NULL,"village"
2449,32171,"Смолян",NULL,"Боево",NULL,"village"
2450,32173,"Смолян",NULL,"Борие",NULL,"village"
2451,32175,"Смолян",NULL,"Борика",NULL,"village"
2452,32177,"Смолян",NULL,"Бориково",NULL,"village"
2453,32179,"Смолян",NULL,"Бориново",NULL,"village"
2454,32181,"Смолян",NULL,"Боровина",NULL,"village"
2455,32183,"Смолян",NULL,"Босилково",NULL,"village"
2456,32185,"Смолян",NULL,"Бостина",NULL,"village"
2457,32187,"Смолян",NULL,"Бреза",NULL,"village"
2458,32189,"Смолян",NULL,"Брезе",NULL,"village"
2459,32191,"Смолян",NULL,"Бръщен",NULL,"village"
2460,32197,"Смолян",NULL,"Буйново",NULL,"village"
2461,32200,"Смолян",NULL,"Буката",NULL,"village"
2462,32202,"Смолян",NULL,"Букаците",NULL,"village"
2463,32204,"Смолян",NULL,"Букова Поляна",NULL,"village"
2464,32206,"Смолян",NULL,"Буково",NULL,"village"
2465,32208,"Смолян",NULL,"Бурево",NULL,"village"
2466,32210,"Смолян",NULL,"Бърчево",NULL,"village"
2467,32212,"Смолян",NULL,"Бяла Река",NULL,"village"
2468,32214,"Смолян",NULL,"Вехтино",NULL,"village"
2469,32216,"Смолян",NULL,"Виево",NULL,"village"
2470,32218,"Смолян",NULL,"Високите",NULL,"village"
2471,32220,"Смолян",NULL,"Витина",NULL,"village"
2472,32222,"Смолян",NULL,"Вишнево",NULL,"village"
2473,32224,"Смолян",NULL,"Влахово",NULL,"village"
2474,32228,"Смолян",NULL,"Водни Пад",NULL,"village"
2475,32239,"Смолян",NULL,"Върба",NULL,"village"
2476,32241,"Смолян",NULL,"Върбина",NULL,"village"
2477,32255,"Смолян",NULL,"Въргов Дол",NULL,"village"
2478,32257,"Смолян",NULL,"Върли Дол",NULL,"village"
2479,32259,"Смолян",NULL,"Върлино",NULL,"village"
2480,32261,"Смолян",NULL,"Габрина",NULL,"village"
2481,32263,"Смолян",NULL,"Габрица",NULL,"village"
2482,32265,"Смолян",NULL,"Галище",NULL,"village"
2483,32267,"Смолян",NULL,"Глогино",NULL,"village"
2484,32269,"Смолян",NULL,"Гоздевица",NULL,"village"
2485,32271,"Смолян",NULL,"Горна Арда",NULL,"village"
2486,32273,"Смолян",NULL,"Горово",NULL,"village"
2487,32275,"Смолян",NULL,"Градът",NULL,"village"
2488,32277,"Смолян",NULL,"Грамаде",NULL,"village"
2489,32279,"Смолян",NULL,"Гращица",NULL,"village"
2490,32281,"Смолян",NULL,"Грохотно",NULL,"village"
2491,32285,"Смолян",NULL,"Гудевица",NULL,"village"
2492,32287,"Смолян",NULL,"Гълъбово",NULL,"village"
2493,32291,"Смолян",NULL,"Гърнати",NULL,"village"
2494,32293,"Смолян",NULL,"Гьоврен",NULL,"village"
2495,32299,"Смолян",NULL,"Давидково",NULL,"village"
2496,32309,"Смолян",NULL,"Две Тополи",NULL,"village"
2497,32311,"Смолян",NULL,"Дебеляново",NULL,"village"
2498,32313,"Смолян",NULL,"Диманово",NULL,"village"
2499,32315,"Смолян",NULL,"Димово",NULL,"village"
2500,32318,"Смолян",NULL,"Дирало",NULL,"village"
2501,32320,"Смолян",NULL,"Добрева Череша",NULL,"village"
2502,32322,"Смолян",NULL,"Долен",NULL,"village"
2503,32333,"Смолян",NULL,"Долие",NULL,"village"
2504,32335,"Смолян",NULL,"Дрянка",NULL,"village"
2505,32337,"Смолян",NULL,"Дряновец",NULL,"village"
2506,32340,"Смолян",NULL,"Дунево",NULL,"village"
2507,32342,"Смолян",NULL,"Дуня",NULL,"village"
2508,32344,"Смолян",NULL,"Дъбова",NULL,"village"
2509,32346,"Смолян",NULL,"Еленка",NULL,"village"
2510,32348,"Смолян",NULL,"Еленска",NULL,"village"
2511,32350,"Смолян",NULL,"Елховец",NULL,"village"
2512,32355,"Смолян",NULL,"Ельово",NULL,"village"
2513,32357,"Смолян",NULL,"Ерма Река",NULL,"village"
2514,32374,"Смолян",NULL,"Жребево",NULL,"village"
2515,32376,"Смолян",NULL,"Забърдо",NULL,"village"
2516,32380,"Смолян",NULL,"Загражден",NULL,"village"
2517,32388,"Смолян",NULL,"Змеица",NULL,"village"
2518,32411,"Смолян",NULL,"Змиево",NULL,"village"
2519,32413,"Смолян",NULL,"Зорница",NULL,"village"
2520,32415,"Смолян",NULL,"Иваново",NULL,"village"
2521,32417,"Смолян",NULL,"Изгрев",NULL,"village"
2522,32419,"Смолян",NULL,"Исьовци",NULL,"village"
2523,32421,"Смолян",NULL,"Касапско",NULL,"village"
2524,32423,"Смолян",NULL,"Катраница",NULL,"village"
2525,32425,"Смолян",NULL,"Кестен",NULL,"village"
2526,32429,"Смолян",NULL,"Кожари",NULL,"village"
2527,32432,"Смолян",NULL,"Козарка",NULL,"village"
2528,32436,"Смолян",NULL,"Кокорци",NULL,"village"
2529,32438,"Смолян",NULL,"Кориите",NULL,"village"
2530,32440,"Смолян",NULL,"Коритата",NULL,"village"
2531,32443,"Смолян",NULL,"Кочани",NULL,"village"
2532,32445,"Смолян",NULL,"Кошница",NULL,"village"
2533,32447,"Смолян",NULL,"Кремене",NULL,"village"
2534,32449,"Смолян",NULL,"Крушев Дол",NULL,"village"
2535,32451,"Смолян",NULL,"Кръстатица",NULL,"village"
2536,32453,"Смолян",NULL,"Кундево",NULL,"village"
2537,32455,"Смолян",NULL,"Купен",NULL,"village"
2538,32457,"Смолян",NULL,"Кутела",NULL,"village"
2539,32459,"Смолян",NULL,"Кушла",NULL,"village"
2540,32461,"Смолян",NULL,"Левочево",NULL,"village"
2541,32464,"Смолян",NULL,"Леска",NULL,"village"
2542,32466,"Смолян",NULL,"Лещак",NULL,"village"
2543,32468,"Смолян",NULL,"Ливаде",NULL,"village"
2544,32470,"Смолян",NULL,"Лилеково",NULL,"village"
2545,32472,"Смолян",NULL,"Липец",NULL,"village"
2546,32474,"Смолян",NULL,"Ловци",NULL,"village"
2547,32476,"Смолян",NULL,"Лъка",NULL,"village"
2548,32479,"Смолян",NULL,"Любча",NULL,"village"
2549,32482,"Смолян",NULL,"Люлка",NULL,"village"
2550,32484,"Смолян",NULL,"Лясково",NULL,"village"
2551,32488,"Смолян",NULL,"Малево",NULL,"village"
2552,32490,"Смолян",NULL,"Малка Арда",NULL,"village"
2553,32492,"Смолян",NULL,"Малко Крушево",NULL,"village"
2554,32494,"Смолян",NULL,"Миле",NULL,"village"
2555,32496,"Смолян",NULL,"Милково",NULL,"village"
2556,32498,"Смолян",NULL,"Митовска",NULL,"village"
2557,32500,"Смолян",NULL,"Михалково",NULL,"village"
2558,32503,"Смолян",NULL,"Могилица",NULL,"village"
2559,32505,"Смолян",NULL,"Момчиловци",NULL,"village"
2560,32525,"Смолян",NULL,"Мочуре",NULL,"village"
2561,32527,"Смолян",NULL,"Мугла",NULL,"village"
2562,32529,"Смолян",NULL,"Мъглища",NULL,"village"
2563,32533,"Смолян",NULL,"Надарци",NULL,"village"
2564,32638,"Смолян",NULL,"Оглед",NULL,"village"
2565,32640,"Смолян",NULL,"Оградна",NULL,"village"
2566,32642,"Смолян",NULL,"Орехово",NULL,"village"
2567,32647,"Смолян",NULL,"Оряховец",NULL,"village"
2568,32652,"Смолян",NULL,"Осиково",NULL,"village"
2569,32654,"Смолян",NULL,"Остри Пазлак",NULL,"village"
2570,32656,"Смолян",NULL,"Острица",NULL,"village"
2571,32658,"Смолян",NULL,"Павелско",NULL,"village"
2572,32670,"Смолян",NULL,"Петково",NULL,"village"
2573,32672,"Смолян",NULL,"Петров Дол",NULL,"village"
2574,32674,"Смолян",NULL,"Печинска",NULL,"village"
2575,32676,"Смолян",NULL,"Пещера",NULL,"village"
2576,32678,"Смолян",NULL,"Писаница",NULL,"village"
2577,32680,"Смолян",NULL,"Планинско",NULL,"village"
2578,32682,"Смолян",NULL,"Планинци",NULL,"village"
2579,32684,"Смолян",NULL,"Пловдивци",NULL,"village"
2580,32686,"Смолян",NULL,"Подвис",NULL,"village"
2581,32688,"Смолян",NULL,"Полковник Серафимово",NULL,"village"
2582,32690,"Смолян",NULL,"Поляна",NULL,"village"
2583,32692,"Смолян",NULL,"Попрелка",NULL,"village"
2584,32694,"Смолян",NULL,"Потока",NULL,"village"
2585,32696,"Смолян",NULL,"Пресока",NULL,"village"
2586,32698,"Смолян",NULL,"Проглед",NULL,"village"
2587,32701,"Смолян",NULL,"Равнил",NULL,"village"
2588,32703,"Смолян",NULL,"Равнината",NULL,"village"
2589,32705,"Смолян",NULL,"Равнища",NULL,"village"
2590,32710,"Смолян",NULL,"Равно Нивище",NULL,"village"
2591,32712,"Смолян",NULL,"Река",NULL,"village"
2592,32714,"Смолян",NULL,"Речани",NULL,"village"
2593,32716,"Смолян",NULL,"Рибен Дол",NULL,"village"
2594,32718,"Смолян",NULL,"Рибница",NULL,"village"
2595,32720,"Смолян",NULL,"Ровина",NULL,"village"
2596,32722,"Смолян",NULL,"Рустан",NULL,"village"
2597,32724,"Смолян",NULL,"Селище",NULL,"village"
2598,32726,"Смолян",NULL,"Селча",NULL,"village"
2599,32728,"Смолян",NULL,"Сивино",NULL,"village"
2600,32730,"Смолян",NULL,"Славейно",NULL,"village"
2601,32732,"Смолян",NULL,"Сливка",NULL,"village"
2602,32734,"Смолян",NULL,"Смилян",NULL,"village"
2603,32759,"Смолян",NULL,"Соколовци",NULL,"village"
2604,32761,"Смолян",NULL,"Солища",NULL,"village"
2605,32763,"Смолян",NULL,"Сопотот",NULL,"village"
2606,32765,"Смолян",NULL,"Средец",NULL,"village"
2607,32767,"Смолян",NULL,"Средногорци",NULL,"village"
2608,32783,"Смолян",NULL,"Средок",NULL,"village"
2609,32785,"Смолян",NULL,"Стайчин Дол",NULL,"village"
2610,32787,"Смолян",NULL,"Старцево",NULL,"village"
2611,32838,"Смолян",NULL,"Стикъл",NULL,"village"
2612,32840,"Смолян",NULL,"Стоманево",NULL,"village"
2613,32842,"Смолян",NULL,"Стража",NULL,"village"
2614,32844,"Смолян",NULL,"Страшимир",NULL,"village"
2615,32846,"Смолян",NULL,"Студена",NULL,"village"
2616,32850,"Смолян",NULL,"Студенец",NULL,"village"
2617,32852,"Смолян",NULL,"Стърница",NULL,"village"
2618,32854,"Смолян",NULL,"Сърнино",NULL,"village"
2619,32856,"Смолян",NULL,"Тешел",NULL,"village"
2620,32858,"Смолян",NULL,"Тикале",NULL,"village"
2621,32860,"Смолян",NULL,"Траве",NULL,"village"
2622,32862,"Смолян",NULL,"Требище",NULL,"village"
2623,32864,"Смолян",NULL,"Триград",NULL,"village"
2624,32868,"Смолян",NULL,"Турян",NULL,"village"
2625,32870,"Смолян",NULL,"Тънка Бара",NULL,"village"
2626,32872,"Смолян",NULL,"Тънкото",NULL,"village"
2627,32874,"Смолян",NULL,"Търън",NULL,"village"
2628,32877,"Смолян",NULL,"Уручевци",NULL,"village"
2629,32879,"Смолян",NULL,"Ухловица",NULL,"village"
2630,32883,"Смолян",NULL,"Фатово",NULL,"village"
2631,32885,"Смолян",NULL,"Хасовица",NULL,"village"
2632,32887,"Смолян",NULL,"Хвойна",NULL,"village"
2633,32898,"Смолян",NULL,"Цацаровци",NULL,"village"
2634,32900,"Смолян",NULL,"Цирка",NULL,"village"
2635,32902,"Смолян",NULL,"Црънча",NULL,"village"
2636,32907,"Смолян",NULL,"Чавдар",NULL,"village"
2637,32912,"Смолян",NULL,"Чала",NULL,"village"
2638,32914,"Смолян",NULL,"Чамла",NULL,"village"
2639,32916,"Смолян",NULL,"Чепинци",NULL,"village"
2640,32932,"Смолян",NULL,"Чеплетен",NULL,"village"
2641,32934,"Смолян",NULL,"Черешките",NULL,"village"
2642,32936,"Смолян",NULL,"Черешово",NULL,"village"
2643,32938,"Смолян",NULL,"Черешовска Река",NULL,"village"
2644,32940,"Смолян",NULL,"Чокманово",NULL,"village"
2645,32942,"Смолян",NULL,"Чурка",NULL,"village"
2646,32944,"Смолян",NULL,"Чуруково",NULL,"village"
2647,32946,"Смолян",NULL,"Чучур",NULL,"village"
2648,32948,"Смолян",NULL,"Шаренска",NULL,"village"
2649,32950,"Смолян",NULL,"Ягодина",NULL,"village"
2650,32953,"Смолян",NULL,"Върбово",NULL,"village"
2651,32955,"Смолян",NULL,"Кукувица",NULL,"village"
2652,32957,"Смолян",NULL,"Гела",NULL,"village"
2653,32959,"Смолян",NULL,"Заевите",NULL,"village"
2654,32961,"Смолян",NULL,"Магарджица",NULL,"village"
2655,32963,"Смолян",NULL,"Сливово",NULL,"village"
2656,32965,"Смолян",NULL,"Късак",NULL,"village"
2657,32971,"Смолян",NULL,"Крайна (Неделино)",NULL,"village"
2658,32973,"Смолян",NULL,"Крайна (Мадан)",NULL,"village"
2659,33918,"Русе",NULL,"Иваново",NULL,"village"
2660,34042,"Русе",NULL,"Ценово",NULL,"village"
2661,34077,"Русе",NULL,"Басарбово",NULL,"village"
2662,34107,"Русе",NULL,"Новград",NULL,"village"
2663,34132,"Русе",NULL,"Волово",NULL,"village"
2664,34143,"Русе",NULL,"Батишница",NULL,"village"
2665,34301,"Русе",NULL,"Лом Черковна",NULL,"village"
2666,34311,"Русе",NULL,"Копривец",NULL,"village"
2667,34418,"Русе",NULL,"Бабово",NULL,"village"
2668,34431,"Русе",NULL,"Баниска",NULL,"village"
2669,34440,"Русе",NULL,"Батин",NULL,"village"
2670,34442,"Русе",NULL,"Белцов",NULL,"village"
2671,34452,"Русе",NULL,"Беляново",NULL,"village"
2672,34455,"Русе",NULL,"Бистренци",NULL,"village"
2673,34457,"Русе",NULL,"Божичен",NULL,"village"
2674,34459,"Русе",NULL,"Борисово",NULL,"village"
2675,34474,"Русе",NULL,"Босилковци",NULL,"village"
2676,34481,"Русе",NULL,"Ботров",NULL,"village"
2677,34490,"Русе",NULL,"Бръшлен",NULL,"village"
2678,34500,"Русе",NULL,"Бъзовец",NULL,"village"
2679,34511,"Русе",NULL,"Бъзън",NULL,"village"
2680,34592,"Русе",NULL,"Голямо Враново",NULL,"village"
2681,34615,"Русе",NULL,"Горно Абланово",NULL,"village"
2682,34624,"Русе",NULL,"Джулюница",NULL,"village"
2683,34633,"Русе",NULL,"Долна Студена",NULL,"village"
2684,34650,"Русе",NULL,"Долно Абланово",NULL,"village"
2685,34657,"Русе",NULL,"Дряновец",NULL,"village"
2686,34659,"Русе",NULL,"Екзарх Йосиф",NULL,"village"
2687,34664,"Русе",NULL,"Караманово",NULL,"village"
2688,34688,"Русе",NULL,"Каран Върбовка",NULL,"village"
2689,34697,"Русе",NULL,"Кацелово",NULL,"village"
2690,34708,"Русе",NULL,"Кошарна",NULL,"village"
2691,34718,"Русе",NULL,"Кошов",NULL,"village"
2692,34722,"Русе",NULL,"Красен",NULL,"village"
2693,34740,"Русе",NULL,"Кривина",NULL,"village"
2694,34750,"Русе",NULL,"Кривня",NULL,"village"
2695,34758,"Русе",NULL,"Малко Враново",NULL,"village"
2696,34768,"Русе",NULL,"Мечка",NULL,"village"
2697,34782,"Русе",NULL,"Могилино",NULL,"village"
2698,34786,"Русе",NULL,"Николово",NULL,"village"
2699,34842,"Русе",NULL,"Нисово",NULL,"village"
2700,34848,"Русе",NULL,"Ново Село",NULL,"village"
2701,34875,"Русе",NULL,"Обретеник",NULL,"village"
2702,34895,"Русе",NULL,"Острица",NULL,"village"
2703,34898,"Русе",NULL,"Пейчиново",NULL,"village"
2704,34903,"Русе",NULL,"Пепелина",NULL,"village"
2705,34905,"Русе",NULL,"Пет Кладенци",NULL,"village"
2706,34909,"Русе",NULL,"Пиперково",NULL,"village"
2707,34914,"Русе",NULL,"Пиргово",NULL,"village"
2708,34943,"Русе",NULL,"Писанец",NULL,"village"
2709,34946,"Русе",NULL,"Полско Косово",NULL,"village"
2710,34958,"Русе",NULL,"Помен",NULL,"village"
2711,34967,"Русе",NULL,"Просена",NULL,"village"
2712,34973,"Русе",NULL,"Ряхово",NULL,"village"
2713,35009,"Русе",NULL,"Сандрово",NULL,"village"
2714,35051,"Русе",NULL,"Сваленик",NULL,"village"
2715,35066,"Русе",NULL,"Семерджиево",NULL,"village"
2716,35150,"Русе",NULL,"Смирненски",NULL,"village"
2717,35185,"Русе",NULL,"Стамболово",NULL,"village"
2718,35195,"Русе",NULL,"Стърмен",NULL,"village"
2719,35205,"Русе",NULL,"Табачка",NULL,"village"
2720,35209,"Русе",NULL,"Тетово",NULL,"village"
2721,35243,"Русе",NULL,"Тръстеник",NULL,"village"
2722,35274,"Русе",NULL,"Хотанца",NULL,"village"
2723,35284,"Русе",NULL,"Церовец",NULL,"village"
2724,35286,"Русе",NULL,"Червен",NULL,"village"
2725,35293,"Русе",NULL,"Чилнов",NULL,"village"
2726,35295,"Русе",NULL,"Широково",NULL,"village"
2727,35297,"Русе",NULL,"Щръклево",NULL,"village"
2728,35340,"Русе",NULL,"Юделник",NULL,"village"
2729,35345,"Русе",NULL,"Ястребово",NULL,"village"
2730,35349,"Русе",NULL,"Червена Вода",NULL,"village"
2731,36036,"Враца",NULL,"Бели Извор",NULL,"village"
2732,36211,"Враца",NULL,"Чирен",NULL,"village"
2733,36452,"Враца",NULL,"Гложене",NULL,"village"
2734,36492,"Враца",NULL,"Алтимир",NULL,"village"
2735,36514,"Враца",NULL,"Баница",NULL,"village"
2736,36524,"Враца",NULL,"Баурене",NULL,"village"
2737,36526,"Враца",NULL,"Боденец",NULL,"village"
2738,36528,"Враца",NULL,"Борован",NULL,"village"
2739,36564,"Враца",NULL,"Ботево",NULL,"village"
2740,36567,"Враца",NULL,"Ботуня",NULL,"village"
2741,36569,"Враца",NULL,"Брусен",NULL,"village"
2742,36579,"Враца",NULL,"Буковец",NULL,"village"
2743,36584,"Враца",NULL,"Бутан",NULL,"village"
2744,36636,"Враца",NULL,"Бърдарски Геран",NULL,"village"
2745,36652,"Враца",NULL,"Бързина",NULL,"village"
2746,36656,"Враца",NULL,"Бъркачево",NULL,"village"
2747,36661,"Враца",NULL,"Веслец",NULL,"village"
2748,36664,"Враца",NULL,"Вировско",NULL,"village"
2749,36667,"Враца",NULL,"Власатица",NULL,"village"
2750,36669,"Враца",NULL,"Войводово",NULL,"village"
2751,36675,"Враца",NULL,"Враняк",NULL,"village"
2752,36677,"Враца",NULL,"Върбешница",NULL,"village"
2753,36686,"Враца",NULL,"Върбица",NULL,"village"
2754,36689,"Враца",NULL,"Габаре",NULL,"village"
2755,36704,"Враца",NULL,"Галатин",NULL,"village"
2756,36711,"Враца",NULL,"Галиче",NULL,"village"
2757,36735,"Враца",NULL,"Галово",NULL,"village"
2758,36738,"Враца",NULL,"Главаци",NULL,"village"
2759,36743,"Враца",NULL,"Големо Бабино",NULL,"village"
2760,36745,"Враца",NULL,"Голямо Пещене",NULL,"village"
2761,36749,"Враца",NULL,"Горна Бешовица",NULL,"village"
2762,36751,"Враца",NULL,"Горна Кремена",NULL,"village"
2763,36760,"Враца",NULL,"Горни Вадин",NULL,"village"
2764,36763,"Враца",NULL,"Горно Пещене",NULL,"village"
2765,36765,"Враца",NULL,"Градешница",NULL,"village"
2766,36769,"Враца",NULL,"Девене",NULL,"village"
2767,36779,"Враца",NULL,"Добролево",NULL,"village"
2768,36796,"Враца",NULL,"Добруша",NULL,"village"
2769,36801,"Враца",NULL,"Долна Бешовица",NULL,"village"
2770,36804,"Враца",NULL,"Долна Кремена",NULL,"village"
2771,36811,"Враца",NULL,"Долни Вадин",NULL,"village"
2772,36814,"Враца",NULL,"Драшан",NULL,"village"
2773,36817,"Враца",NULL,"Дърманци",NULL,"village"
2774,36819,"Враца",NULL,"Елисейна",NULL,"village"
2775,36821,"Враца",NULL,"Зверино",NULL,"village"
2776,36855,"Враца",NULL,"Згориград",NULL,"village"
2777,36881,"Враца",NULL,"Злидол",NULL,"village"
2778,36883,"Враца",NULL,"Игнатица",NULL,"village"
2779,36885,"Враца",NULL,"Кален",NULL,"village"
2780,36887,"Враца",NULL,"Камено Поле",NULL,"village"
2781,36898,"Враца",NULL,"Караш",NULL,"village"
2782,36900,"Враца",NULL,"Комарево",NULL,"village"
2783,36903,"Враца",NULL,"Костелево",NULL,"village"
2784,36906,"Враца",NULL,"Краводер",NULL,"village"
2785,36911,"Враца",NULL,"Крапец",NULL,"village"
2786,36914,"Враца",NULL,"Крета",NULL,"village"
2787,36916,"Враца",NULL,"Крива Бара",NULL,"village"
2788,36920,"Враца",NULL,"Крушовица",NULL,"village"
2789,36955,"Враца",NULL,"Курново",NULL,"village"
2790,36959,"Враца",NULL,"Лесковец",NULL,"village"
2791,36973,"Враца",NULL,"Лесура",NULL,"village"
2792,36980,"Враца",NULL,"Лик",NULL,"village"
2793,36982,"Враца",NULL,"Лиляче",NULL,"village"
2794,36991,"Враца",NULL,"Липница",NULL,"village"
2795,37002,"Враца",NULL,"Лютаджик",NULL,"village"
2796,37004,"Враца",NULL,"Лютиброд",NULL,"village"
2797,37006,"Враца",NULL,"Лютидол",NULL,"village"
2798,37009,"Враца",NULL,"Мало Пещене",NULL,"village"
2799,37011,"Враца",NULL,"Малорад",NULL,"village"
2800,37040,"Враца",NULL,"Манастирище",NULL,"village"
2801,37061,"Враца",NULL,"Марково Равнище",NULL,"village"
2802,37063,"Враца",NULL,"Михайлово",NULL,"village"
2803,37087,"Враца",NULL,"Моравица",NULL,"village"
2804,37094,"Враца",NULL,"Мраморен",NULL,"village"
2805,37104,"Враца",NULL,"Нефела",NULL,"village"
2806,37106,"Враца",NULL,"Нивянин",NULL,"village"
2807,37108,"Враца",NULL,"Оселна",NULL,"village"
2808,37111,"Враца",NULL,"Осен",NULL,"village"
2809,37116,"Враца",NULL,"Остров",NULL,"village"
2810,37146,"Враца",NULL,"Оходен",NULL,"village"
2811,37148,"Враца",NULL,"Очиндол",NULL,"village"
2812,37150,"Враца",NULL,"Паволче",NULL,"village"
2813,37175,"Враца",NULL,"Пудрия",NULL,"village"
2814,37177,"Враца",NULL,"Радовене",NULL,"village"
2815,37179,"Враца",NULL,"Ракево",NULL,"village"
2816,37195,"Враца",NULL,"Ребърково",NULL,"village"
2817,37205,"Враца",NULL,"Рогозен",NULL,"village"
2818,37228,"Враца",NULL,"Руска Бела",NULL,"village"
2819,37235,"Враца",NULL,"Сараево",NULL,"village"
2820,37237,"Враца",NULL,"Селановци",NULL,"village"
2821,37289,"Враца",NULL,"Синьо Бърдо",NULL,"village"
2822,37292,"Враца",NULL,"Сираково",NULL,"village"
2823,37297,"Враца",NULL,"Соколаре",NULL,"village"
2824,37308,"Враца",NULL,"Софрониево",NULL,"village"
2825,37342,"Враца",NULL,"Средни Рът",NULL,"village"
2826,37344,"Враца",NULL,"Старо Село",NULL,"village"
2827,37347,"Враца",NULL,"Стояновци",NULL,"village"
2828,37349,"Враца",NULL,"Струпец",NULL,"village"
2829,37354,"Враца",NULL,"Типченица",NULL,"village"
2830,37356,"Враца",NULL,"Тишевица",NULL,"village"
2831,37361,"Враца",NULL,"Тлачене",NULL,"village"
2832,37363,"Враца",NULL,"Три Кладенци",NULL,"village"
2833,37366,"Враца",NULL,"Търнава",NULL,"village"
2834,37391,"Враца",NULL,"Търнак",NULL,"village"
2835,37404,"Враца",NULL,"Уровене",NULL,"village"
2836,37406,"Враца",NULL,"Фурен",NULL,"village"
2837,37408,"Враца",NULL,"Хайредин",NULL,"village"
2838,37444,"Враца",NULL,"Хубавене",NULL,"village"
2839,37452,"Враца",NULL,"Хърлец",NULL,"village"
2840,37495,"Враца",NULL,"Цаконица",NULL,"village"
2841,37497,"Враца",NULL,"Царевец",NULL,"village"
2842,37499,"Враца",NULL,"Челопек",NULL,"village"
2843,39008,"Пазарджик",NULL,"Алеко Константиново",NULL,"village"
2844,39022,"Пазарджик",NULL,"Абланица",NULL,"village"
2845,39024,"Пазарджик",NULL,"Аканджиево",NULL,"village"
2846,39028,"Пазарджик",NULL,"Алендарова",NULL,"village"
2847,39030,"Пазарджик",NULL,"Априлци",NULL,"village"
2848,39033,"Пазарджик",NULL,"Баня",NULL,"village"
2849,39038,"Пазарджик",NULL,"Биркова",NULL,"village"
2850,39040,"Пазарджик",NULL,"Блатница",NULL,"village"
2851,39042,"Пазарджик",NULL,"Бозьова",NULL,"village"
2852,39044,"Пазарджик",NULL,"Боримечково",NULL,"village"
2853,39048,"Пазарджик",NULL,"Бошуля",NULL,"village"
2854,39052,"Пазарджик",NULL,"Братаница",NULL,"village"
2855,39063,"Пазарджик",NULL,"Бутрева",NULL,"village"
2856,39065,"Пазарджик",NULL,"Бъта",NULL,"village"
2857,39073,"Пазарджик",NULL,"Бяга",NULL,"village"
2858,39083,"Пазарджик",NULL,"Варвара",NULL,"village"
2859,39110,"Пазарджик",NULL,"Величково",NULL,"village"
2860,39158,"Пазарджик",NULL,"Ветрен Дол",NULL,"village"
2861,39177,"Пазарджик",NULL,"Виноградец",NULL,"village"
2862,39188,"Пазарджик",NULL,"Враненци",NULL,"village"
2863,39190,"Пазарджик",NULL,"Всемирци",NULL,"village"
2864,39192,"Пазарджик",NULL,"Габровица",NULL,"village"
2865,39194,"Пазарджик",NULL,"Гелеменово",NULL,"village"
2866,39205,"Пазарджик",NULL,"Главиница",NULL,"village"
2867,39228,"Пазарджик",NULL,"Говедаре",NULL,"village"
2868,39243,"Пазарджик",NULL,"Голямо Белово",NULL,"village"
2869,39247,"Пазарджик",NULL,"Горна Биркова",NULL,"village"
2870,39249,"Пазарджик",NULL,"Горна Дъбева",NULL,"village"
2871,39251,"Пазарджик",NULL,"Горно Вършило",NULL,"village"
2872,39253,"Пазарджик",NULL,"Грашево",NULL,"village"
2873,39257,"Пазарджик",NULL,"Дебръщица",NULL,"village"
2874,39267,"Пазарджик",NULL,"Динката",NULL,"village"
2875,39273,"Пазарджик",NULL,"Добровница",NULL,"village"
2876,39288,"Пазарджик",NULL,"Долна Дъбева",NULL,"village"
2877,39290,"Пазарджик",NULL,"Долно Вършило",NULL,"village"
2878,39292,"Пазарджик",NULL,"Левски",NULL,"village"
2879,39301,"Пазарджик",NULL,"Дорково",NULL,"village"
2880,39337,"Пазарджик",NULL,"Драгиново",NULL,"village"
2881,39370,"Пазарджик",NULL,"Драгор",NULL,"village"
2882,39383,"Пазарджик",NULL,"Дъбравите",NULL,"village"
2883,39391,"Пазарджик",NULL,"Дюлево",NULL,"village"
2884,39393,"Пазарджик",NULL,"Елшица",NULL,"village"
2885,39402,"Пазарджик",NULL,"Жребичко",NULL,"village"
2886,39404,"Пазарджик",NULL,"Звъничево",NULL,"village"
2887,39423,"Пазарджик",NULL,"Злокучене",NULL,"village"
2888,39430,"Пазарджик",NULL,"Ивайло",NULL,"village"
2889,39454,"Пазарджик",NULL,"Исперихово",NULL,"village"
2890,39467,"Пазарджик",NULL,"Калугерово",NULL,"village"
2891,39486,"Пазарджик",NULL,"Кандови",NULL,"village"
2892,39488,"Пазарджик",NULL,"Капитан Димитриево",NULL,"village"
2893,39495,"Пазарджик",NULL,"Карабунар",NULL,"village"
2894,39511,"Пазарджик",NULL,"Ковачево",NULL,"village"
2895,39526,"Пазарджик",NULL,"Козарско",NULL,"village"
2896,39588,"Пазарджик",NULL,"Крали Марко",NULL,"village"
2897,39591,"Пазарджик",NULL,"Кръстава",NULL,"village"
2898,39594,"Пазарджик",NULL,"Лесичово",NULL,"village"
2899,39613,"Пазарджик",NULL,"Лозен",NULL,"village"
2900,39630,"Пазарджик",NULL,"Ляхово",NULL,"village"
2901,39635,"Пазарджик",NULL,"Мало Конаре",NULL,"village"
2902,39663,"Пазарджик",NULL,"Медени Поляни",NULL,"village"
2903,39665,"Пазарджик",NULL,"Мененкьово",NULL,"village"
2904,39674,"Пазарджик",NULL,"Мирянци",NULL,"village"
2905,39683,"Пазарджик",NULL,"Мокрище",NULL,"village"
2906,39700,"Пазарджик",NULL,"Момина Клисура",NULL,"village"
2907,39715,"Пазарджик",NULL,"Нова Махала",NULL,"village"
2908,39731,"Пазарджик",NULL,"Оборище",NULL,"village"
2909,39743,"Пазарджик",NULL,"Овчеполци",NULL,"village"
2910,39745,"Пазарджик",NULL,"Огняново",NULL,"village"
2911,39767,"Пазарджик",NULL,"Памидово",NULL,"village"
2912,39771,"Пазарджик",NULL,"Панагюрски Колонии",NULL,"village"
2913,39779,"Пазарджик",NULL,"Паталеница",NULL,"village"
2914,39784,"Пазарджик",NULL,"Пашови",NULL,"village"
2915,39794,"Пазарджик",NULL,"Пищигово",NULL,"village"
2916,39801,"Пазарджик",NULL,"Побит Камък",NULL,"village"
2917,39806,"Пазарджик",NULL,"Поибрене",NULL,"village"
2918,39808,"Пазарджик",NULL,"Попинци",NULL,"village"
2919,39831,"Пазарджик",NULL,"Равногор",NULL,"village"
2920,39838,"Пазарджик",NULL,"Радилово",NULL,"village"
2921,39860,"Пазарджик",NULL,"Розово",NULL,"village"
2922,39864,"Пазарджик",NULL,"Росен",NULL,"village"
2923,39866,"Пазарджик",NULL,"Рохлева",NULL,"village"
2924,39868,"Пазарджик",NULL,"Сарая",NULL,"village"
2925,39880,"Пазарджик",NULL,"Сбор",NULL,"village"
2926,39882,"Пазарджик",NULL,"Света Петка",NULL,"village"
2927,39888,"Пазарджик",NULL,"Свети Константин",NULL,"village"
2928,39890,"Пазарджик",NULL,"Свобода",NULL,"village"
2929,39892,"Пазарджик",NULL,"Семчиново",NULL,"village"
2930,39906,"Пазарджик",NULL,"Сестримо",NULL,"village"
2931,39928,"Пазарджик",NULL,"Симеоновец",NULL,"village"
2932,39942,"Пазарджик",NULL,"Синитово",NULL,"village"
2933,39961,"Пазарджик",NULL,"Славовица",NULL,"village"
2934,39963,"Пазарджик",NULL,"Смилец",NULL,"village"
2935,39966,"Пазарджик",NULL,"Сребриново",NULL,"village"
2936,40035,"Пазарджик",NULL,"Тополи Дол",NULL,"village"
2937,40037,"Пазарджик",NULL,"Фотиново",NULL,"village"
2938,40046,"Пазарджик",NULL,"Хаджиево",NULL,"village"
2939,40062,"Пазарджик",NULL,"Цар Асен",NULL,"village"
2940,40066,"Пазарджик",NULL,"Цветино",NULL,"village"
2941,40068,"Пазарджик",NULL,"Церово",NULL,"village"
2942,40079,"Пазарджик",NULL,"Црънча",NULL,"village"
2943,40106,"Пазарджик",NULL,"Черногорово",NULL,"village"
2944,40111,"Пазарджик",NULL,"Чолакова",NULL,"village"
2945,40113,"Пазарджик",NULL,"Щърково",NULL,"village"
2946,40115,"Пазарджик",NULL,"Юнаците",NULL,"village"
2947,40129,"Пазарджик",NULL,"Юндола",NULL,"village"
2948,41188,"Плевен",NULL,"Асеново",NULL,"village"
2949,41191,"Плевен",NULL,"Асеновци",NULL,"village"
2950,41214,"Плевен",NULL,"Аспарухово",NULL,"village"
2951,41228,"Плевен",NULL,"Байкал",NULL,"village"
2952,41232,"Плевен",NULL,"Бацова Махала",NULL,"village"
2953,41236,"Плевен",NULL,"Беглеж",NULL,"village"
2954,41239,"Плевен",NULL,"Биволаре",NULL,"village"
2955,41241,"Плевен",NULL,"Божурица",NULL,"village"
2956,41247,"Плевен",NULL,"Божурлук",NULL,"village"
2957,41250,"Плевен",NULL,"Борислав",NULL,"village"
2958,41252,"Плевен",NULL,"Бохот",NULL,"village"
2959,41256,"Плевен",NULL,"Брегаре",NULL,"village"
2960,41260,"Плевен",NULL,"Бреница",NULL,"village"
2961,41286,"Плевен",NULL,"Брест",NULL,"village"
2962,41312,"Плевен",NULL,"Бресте",NULL,"village"
2963,41316,"Плевен",NULL,"Брестовец",NULL,"village"
2964,41331,"Плевен",NULL,"Бръшляница",NULL,"village"
2965,41333,"Плевен",NULL,"Буковлък",NULL,"village"
2966,41358,"Плевен",NULL,"Бъркач",NULL,"village"
2967,41364,"Плевен",NULL,"Бяла Вода",NULL,"village"
2968,41373,"Плевен",NULL,"Варана",NULL,"village"
2969,41378,"Плевен",NULL,"Въбел",NULL,"village"
2970,41399,"Плевен",NULL,"Вълчитрън",NULL,"village"
2971,41417,"Плевен",NULL,"Върбица",NULL,"village"
2972,41426,"Плевен",NULL,"Гиген",NULL,"village"
2973,41450,"Плевен",NULL,"Глава",NULL,"village"
2974,41460,"Плевен",NULL,"Горна Митрополия",NULL,"village"
2975,41490,"Плевен",NULL,"Горни Дъбник",NULL,"village"
2976,41517,"Плевен",NULL,"Горник",NULL,"village"
2977,41519,"Плевен",NULL,"Горталово",NULL,"village"
2978,41521,"Плевен",NULL,"Гостиля",NULL,"village"
2979,41523,"Плевен",NULL,"Градина",NULL,"village"
2980,41530,"Плевен",NULL,"Градище",NULL,"village"
2981,41560,"Плевен",NULL,"Гривица",NULL,"village"
2982,41656,"Плевен",NULL,"Дебово",NULL,"village"
2983,41659,"Плевен",NULL,"Девенци",NULL,"village"
2984,41663,"Плевен",NULL,"Деков",NULL,"village"
2985,41673,"Плевен",NULL,"Дисевица",NULL,"village"
2986,41736,"Плевен",NULL,"Долни Вит",NULL,"village"
2987,41740,"Плевен",NULL,"Долни Луковит",NULL,"village"
2988,41764,"Плевен",NULL,"Драгаш Войвода",NULL,"village"
2989,41767,"Плевен",NULL,"Дъбован",NULL,"village"
2990,41779,"Плевен",NULL,"Евлогиево",NULL,"village"
2991,41782,"Плевен",NULL,"Еница",NULL,"village"
2992,41790,"Плевен",NULL,"Жернов",NULL,"village"
2993,41794,"Плевен",NULL,"Загражден",NULL,"village"
2994,41802,"Плевен",NULL,"Згалево",NULL,"village"
2995,41807,"Плевен",NULL,"Изгрев",NULL,"village"
2996,41876,"Плевен",NULL,"Каменец",NULL,"village"
2997,41900,"Плевен",NULL,"Козар Белене",NULL,"village"
2998,41927,"Плевен",NULL,"Коиловци",NULL,"village"
2999,41999,"Плевен",NULL,"Комарево",NULL,"village"
3000,42015,"Плевен",NULL,"Крета",NULL,"village"
3001,42020,"Плевен",NULL,"Крушовене",NULL,"village"
3002,42033,"Плевен",NULL,"Крушовица",NULL,"village"
3003,42054,"Плевен",NULL,"Кулина Вода",NULL,"village"
3004,42056,"Плевен",NULL,"Къртожабене",NULL,"village"
3005,42058,"Плевен",NULL,"Къшин",NULL,"village"
3006,42060,"Плевен",NULL,"Лазарово",NULL,"village"
3007,42064,"Плевен",NULL,"Ласкар",NULL,"village"
3008,42066,"Плевен",NULL,"Ленково",NULL,"village"
3009,42071,"Плевен",NULL,"Лепица",NULL,"village"
3010,42078,"Плевен",NULL,"Лозица",NULL,"village"
3011,42082,"Плевен",NULL,"Любеново",NULL,"village"
3012,42084,"Плевен",NULL,"Малчика",NULL,"village"
3013,42105,"Плевен",NULL,"Мечка",NULL,"village"
3014,42107,"Плевен",NULL,"Милковица",NULL,"village"
3015,42127,"Плевен",NULL,"Муселиево",NULL,"village"
3016,42147,"Плевен",NULL,"Николаево",NULL,"village"
3017,42155,"Плевен",NULL,"Новачене",NULL,"village"
3018,42184,"Плевен",NULL,"Обнова",NULL,"village"
3019,42221,"Плевен",NULL,"Одърне",NULL,"village"
3020,42232,"Плевен",NULL,"Опанец",NULL,"village"
3021,42244,"Плевен",NULL,"Ореховица",NULL,"village"
3022,42260,"Плевен",NULL,"Пелишат",NULL,"village"
3023,42264,"Плевен",NULL,"Петокладенци",NULL,"village"
3024,42274,"Плевен",NULL,"Петърница",NULL,"village"
3025,42278,"Плевен",NULL,"Писарово",NULL,"village"
3026,42289,"Плевен",NULL,"Победа",NULL,"village"
3027,42297,"Плевен",NULL,"Подем",NULL,"village"
3028,42357,"Плевен",NULL,"Радишево",NULL,"village"
3029,42364,"Плевен",NULL,"Радомирци",NULL,"village"
3030,42389,"Плевен",NULL,"Ракита",NULL,"village"
3031,42396,"Плевен",NULL,"Ралево",NULL,"village"
3032,42398,"Плевен",NULL,"Реселец",NULL,"village"
3033,42406,"Плевен",NULL,"Рибен",NULL,"village"
3034,42416,"Плевен",NULL,"Рупци",NULL,"village"
3035,42434,"Плевен",NULL,"Садовец",NULL,"village"
3036,42465,"Плевен",NULL,"Санадиново",NULL,"village"
3037,42467,"Плевен",NULL,"Славовица",NULL,"village"
3038,42549,"Плевен",NULL,"Сомовит",NULL,"village"
3039,42559,"Плевен",NULL,"Ставерци",NULL,"village"
3040,42576,"Плевен",NULL,"Стежерово",NULL,"village"
3041,42585,"Плевен",NULL,"Сухаче",NULL,"village"
3042,42599,"Плевен",NULL,"Татари",NULL,"village"
3043,42607,"Плевен",NULL,"Телиш",NULL,"village"
3044,42629,"Плевен",NULL,"Тодорово",NULL,"village"
3045,42631,"Плевен",NULL,"Тотлебен",NULL,"village"
3046,42644,"Плевен",NULL,"Трънчовица",NULL,"village"
3047,42735,"Плевен",NULL,"Тученица",NULL,"village"
3048,42739,"Плевен",NULL,"Търнене",NULL,"village"
3049,42744,"Плевен",NULL,"Черковица",NULL,"village"
3050,42752,"Плевен",NULL,"Чомаковци",NULL,"village"
3051,42773,"Плевен",NULL,"Шияково",NULL,"village"
3052,42779,"Плевен",NULL,"Ясен",NULL,"village"
3053,42813,"Плевен",NULL,"Българене",NULL,"village"
3054,42836,"Плевен",NULL,"Староселци",NULL,"village"
3055,42870,"Плевен",NULL,"Катерица",NULL,"village"
3056,43391,"Ямбол",NULL,"Александрово",NULL,"village"
3057,43394,"Ямбол",NULL,"Асеново",NULL,"village"
3058,43396,"Ямбол",NULL,"Атолово",NULL,"village"
3059,43398,"Ямбол",NULL,"Безмер",NULL,"village"
3060,43418,"Ямбол",NULL,"Богорово",NULL,"village"
3061,43443,"Ямбол",NULL,"Болярско",NULL,"village"
3062,43449,"Ямбол",NULL,"Борисово",NULL,"village"
3063,43451,"Ямбол",NULL,"Ботево",NULL,"village"
3064,43466,"Ямбол",NULL,"Бояджик",NULL,"village"
3065,43475,"Ямбол",NULL,"Бояново",NULL,"village"
3066,43480,"Ямбол",NULL,"Веселиново",NULL,"village"
3067,43495,"Ямбол",NULL,"Видинци",NULL,"village"
3068,43497,"Ямбол",NULL,"Воден",NULL,"village"
3069,43499,"Ямбол",NULL,"Воденичане",NULL,"village"
3070,43506,"Ямбол",NULL,"Войника",NULL,"village"
3071,43508,"Ямбол",NULL,"Вълча Поляна",NULL,"village"
3072,43511,"Ямбол",NULL,"Вълчи Извор",NULL,"village"
3073,43513,"Ямбол",NULL,"Генерал Инзово",NULL,"village"
3074,43517,"Ямбол",NULL,"Генерал Тошево",NULL,"village"
3075,43519,"Ямбол",NULL,"Голям Дервент",NULL,"village"
3076,43521,"Ямбол",NULL,"Голям Манастир",NULL,"village"
3077,43525,"Ямбол",NULL,"Голямо Крушево",NULL,"village"
3078,43527,"Ямбол",NULL,"Горска Поляна",NULL,"village"
3079,43529,"Ямбол",NULL,"Гранитово",NULL,"village"
3080,43534,"Ямбол",NULL,"Гълъбинци",NULL,"village"
3081,43536,"Ямбол",NULL,"Денница",NULL,"village"
3082,43538,"Ямбол",NULL,"Джинот",NULL,"village"
3083,43544,"Ямбол",NULL,"Добрич",NULL,"village"
3084,43546,"Ямбол",NULL,"Дражево",NULL,"village"
3085,43558,"Ямбол",NULL,"Драма",NULL,"village"
3086,43560,"Ямбол",NULL,"Дряново",NULL,"village"
3087,43565,"Ямбол",NULL,"Дъбово",NULL,"village"
3088,43567,"Ямбол",NULL,"Жребино",NULL,"village"
3089,43571,"Ямбол",NULL,"Завой",NULL,"village"
3090,43579,"Ямбол",NULL,"Зимница",NULL,"village"
3091,43606,"Ямбол",NULL,"Златари",NULL,"village"
3092,43608,"Ямбол",NULL,"Златиница",NULL,"village"
3093,43612,"Ямбол",NULL,"Иглика",NULL,"village"
3094,43614,"Ямбол",NULL,"Изгрев",NULL,"village"
3095,43622,"Ямбол",NULL,"Иречеково",NULL,"village"
3096,43627,"Ямбол",NULL,"Кабиле",NULL,"village"
3097,43643,"Ямбол",NULL,"Калчево",NULL,"village"
3098,43657,"Ямбол",NULL,"Камен Връх",NULL,"village"
3099,43659,"Ямбол",NULL,"Каменец",NULL,"village"
3100,43662,"Ямбол",NULL,"Каравелово",NULL,"village"
3101,43668,"Ямбол",NULL,"Козарево",NULL,"village"
3102,43670,"Ямбол",NULL,"Коневец",NULL,"village"
3103,43674,"Ямбол",NULL,"Крайново",NULL,"village"
3104,43676,"Ямбол",NULL,"Крумово",NULL,"village"
3105,43678,"Ямбол",NULL,"Кукорево",NULL,"village"
3106,43707,"Ямбол",NULL,"Лалково",NULL,"village"
3107,43710,"Ямбол",NULL,"Лесово",NULL,"village"
3108,43715,"Ямбол",NULL,"Леярово",NULL,"village"
3109,43717,"Ямбол",NULL,"Лозенец",NULL,"village"
3110,43730,"Ямбол",NULL,"Люлин",NULL,"village"
3111,43732,"Ямбол",NULL,"Маленово",NULL,"village"
3112,43737,"Ямбол",NULL,"Малко Кирилово",NULL,"village"
3113,43739,"Ямбол",NULL,"Малко Шарково",NULL,"village"
3114,43743,"Ямбол",NULL,"Маломир",NULL,"village"
3115,43748,"Ямбол",NULL,"Маломирово",NULL,"village"
3116,43751,"Ямбол",NULL,"Малък Манастир",NULL,"village"
3117,43760,"Ямбол",NULL,"Мамарчево",NULL,"village"
3118,43764,"Ямбол",NULL,"Меден Кладенец",NULL,"village"
3119,43766,"Ямбол",NULL,"Межда",NULL,"village"
3120,43769,"Ямбол","Ямбол","Мелница",NULL,"village"
3121,43772,"Ямбол",NULL,"Миладиновци",NULL,"village"
3122,43774,"Ямбол",NULL,"Могила",NULL,"village"
3123,43776,"Ямбол",NULL,"Недялско",NULL,"village"
3124,43778,"Ямбол",NULL,"Овчи Кладенец",NULL,"village"
3125,43782,"Ямбол",NULL,"Окоп",NULL,"village"
3126,43797,"Ямбол",NULL,"Оман",NULL,"village"
3127,43799,"Ямбол",NULL,"Палаузово",NULL,"village"
3128,43801,"Ямбол",NULL,"Победа",NULL,"village"
3129,43810,"Ямбол",NULL,"Поляна",NULL,"village"
3130,43816,"Ямбол",NULL,"Попово",NULL,"village"
3131,43822,"Ямбол",NULL,"Правдино",NULL,"village"
3132,43824,"Ямбол",NULL,"Пчела",NULL,"village"
3133,43826,"Ямбол",NULL,"Първенец",NULL,"village"
3134,43831,"Ямбол",NULL,"Раздел",NULL,"village"
3135,43834,"Ямбол",NULL,"Робово",NULL,"village"
3136,43837,"Ямбол",NULL,"Роза",NULL,"village"
3137,43856,"Ямбол",NULL,"Ружица",NULL,"village"
3138,43858,"Ямбол",NULL,"Савино",NULL,"village"
3139,43860,"Ямбол",NULL,"Саранско",NULL,"village"
3140,43862,"Ямбол",NULL,"Симеоново",NULL,"village"
3141,43867,"Ямбол",NULL,"Ситово",NULL,"village"
3142,43869,"Ямбол",NULL,"Скалица",NULL,"village"
3143,43879,"Ямбол",NULL,"Славейково",NULL,"village"
3144,43881,"Ямбол",NULL,"Сламино",NULL,"village"
3145,43883,"Ямбол",NULL,"Стара Река",NULL,"village"
3146,43886,"Ямбол",NULL,"Стефан Караджово",NULL,"village"
3147,43892,"Ямбол",NULL,"Странджа",NULL,"village"
3148,43894,"Ямбол",NULL,"Стройно",NULL,"village"
3149,43896,"Ямбол",NULL,"Тамарино",NULL,"village"
3150,43898,"Ямбол",NULL,"Тенево",NULL,"village"
3151,43917,"Ямбол",NULL,"Трънково",NULL,"village"
3152,43919,"Ямбол",NULL,"Търнава",NULL,"village"
3153,43923,"Ямбол",NULL,"Хаджидимитрово",NULL,"village"
3154,43926,"Ямбол",NULL,"Ханово",NULL,"village"
3155,43932,"Ямбол",NULL,"Чарган",NULL,"village"
3156,43939,"Ямбол",NULL,"Чарда",NULL,"village"
3157,43941,"Ямбол",NULL,"Челник",NULL,"village"
3158,43943,"Ямбол",NULL,"Чернозем",NULL,"village"
3159,43945,"Ямбол",NULL,"Шарково",NULL,"village"
3160,44663,"Кюстендил",NULL,"Багренци",NULL,"village"
3161,44821,"Кюстендил",NULL,"Гюешево",NULL,"village"
3162,44829,"Кюстендил",NULL,"Коняво",NULL,"village"
3163,44840,"Кюстендил",NULL,"Копиловци",NULL,"village"
3164,44888,"Кюстендил",NULL,"Бабино",NULL,"village"
3165,44890,"Кюстендил",NULL,"Бабинска Река",NULL,"village"
3166,44892,"Кюстендил",NULL,"Бадино",NULL,"village"
3167,44894,"Кюстендил",NULL,"Баланово",NULL,"village"
3168,44897,"Кюстендил",NULL,"Бараково",NULL,"village"
3169,44901,"Кюстендил",NULL,"Берсин",NULL,"village"
3170,44903,"Кюстендил",NULL,"Бистрица",NULL,"village"
3171,44936,"Кюстендил",NULL,"Блажиево",NULL,"village"
3172,44938,"Кюстендил",NULL,"Блатец",NULL,"village"
3173,44940,"Кюстендил",NULL,"Блатино",NULL,"village"
3174,44942,"Кюстендил",NULL,"Блато",NULL,"village"
3175,44944,"Кюстендил",NULL,"Бобешино",NULL,"village"
3176,44946,"Кюстендил",NULL,"Богослов",NULL,"village"
3177,44948,"Кюстендил",NULL,"Боровец",NULL,"village"
3178,44951,"Кюстендил",NULL,"Брест",NULL,"village"
3179,44953,"Кюстендил",NULL,"Буново",NULL,"village"
3180,44955,"Кюстендил",NULL,"Бураново",NULL,"village"
3181,44957,"Кюстендил",NULL,"Бъзовица",NULL,"village"
3182,44959,"Кюстендил",NULL,"Ваксево",NULL,"village"
3183,44961,"Кюстендил",NULL,"Ветрен",NULL,"village"
3184,44963,"Кюстендил",NULL,"Висока Могила",NULL,"village"
3185,44965,"Кюстендил",NULL,"Вратца",NULL,"village"
3186,44967,"Кюстендил",NULL,"Вуково",NULL,"village"
3187,44969,"Кюстендил",NULL,"Габрешевци",NULL,"village"
3188,44971,"Кюстендил",NULL,"Гирчевци",NULL,"village"
3189,44973,"Кюстендил",NULL,"Голема Фуча",NULL,"village"
3190,44976,"Кюстендил",NULL,"Големо Село",NULL,"village"
3191,44982,"Кюстендил",NULL,"Голям Върбовник",NULL,"village"
3192,44984,"Кюстендил",NULL,"Горановци",NULL,"village"
3193,44986,"Кюстендил",NULL,"Горна Брестница",NULL,"village"
3194,44988,"Кюстендил",NULL,"Горна Гращица",NULL,"village"
3195,44990,"Кюстендил",NULL,"Горна Козница",NULL,"village"
3196,44992,"Кюстендил",NULL,"Горни Коритен",NULL,"village"
3197,44994,"Кюстендил",NULL,"Горно Кобиле",NULL,"village"
3198,44996,"Кюстендил",NULL,"Горно Уйно",NULL,"village"
3199,44998,"Кюстендил",NULL,"Грамаде",NULL,"village"
3200,45000,"Кюстендил",NULL,"Грамаждано",NULL,"village"
3201,45003,"Кюстендил",NULL,"Граница",NULL,"village"
3202,45011,"Кюстендил",NULL,"Гурбановци",NULL,"village"
3203,45013,"Кюстендил",NULL,"Гърбино",NULL,"village"
3204,45015,"Кюстендил",NULL,"Гърляно",NULL,"village"
3205,45020,"Кюстендил",NULL,"Дворище",NULL,"village"
3206,45022,"Кюстендил",NULL,"Делян",NULL,"village"
3207,45024,"Кюстендил",NULL,"Джерман",NULL,"village"
3208,45052,"Кюстендил",NULL,"Длъхчево - Сабляр",NULL,"village"
3209,45054,"Кюстендил",NULL,"Добри Дол",NULL,"village"
3210,45057,"Кюстендил",NULL,"Доброво",NULL,"village"
3211,45059,"Кюстендил",NULL,"Дождевица",NULL,"village"
3212,45061,"Кюстендил",NULL,"Долистово",NULL,"village"
3213,45063,"Кюстендил",NULL,"Долна Гращица",NULL,"village"
3214,45065,"Кюстендил",NULL,"Долна Козница",NULL,"village"
3215,45067,"Кюстендил",NULL,"Долни Коритен",NULL,"village"
3216,45069,"Кюстендил",NULL,"Долно Кобиле",NULL,"village"
3217,45071,"Кюстендил",NULL,"Долно Село",NULL,"village"
3218,45073,"Кюстендил",NULL,"Долно Уйно",NULL,"village"
3219,45075,"Кюстендил",NULL,"Драговищица",NULL,"village"
3220,45078,"Кюстендил",NULL,"Драгодан",NULL,"village"
3221,45080,"Кюстендил",NULL,"Драгойчинци",NULL,"village"
3222,45082,"Кюстендил",NULL,"Друмохар",NULL,"village"
3223,45084,"Кюстендил",NULL,"Дяково",NULL,"village"
3224,45086,"Кюстендил",NULL,"Еремия",NULL,"village"
3225,45088,"Кюстендил",NULL,"Жабокрът",NULL,"village"
3226,45092,"Кюстендил",NULL,"Жеравино",NULL,"village"
3227,45094,"Кюстендил",NULL,"Жиленци",NULL,"village"
3228,45107,"Кюстендил",NULL,"Згурово",NULL,"village"
3229,45109,"Кюстендил",NULL,"Злогош",NULL,"village"
3230,45111,"Кюстендил",NULL,"Ивановци",NULL,"village"
3231,45113,"Кюстендил",NULL,"Илия",NULL,"village"
3232,45115,"Кюстендил",NULL,"Кадровица",NULL,"village"
3233,45117,"Кюстендил",NULL,"Каменик",NULL,"village"
3234,45119,"Кюстендил",NULL,"Каменичка Скакавица",NULL,"village"
3235,45121,"Кюстендил",NULL,"Катрище",NULL,"village"
3236,45123,"Кюстендил",NULL,"Киселица",NULL,"village"
3237,45125,"Кюстендил",NULL,"Коприва",NULL,"village"
3238,45127,"Кюстендил",NULL,"Коркина",NULL,"village"
3239,45129,"Кюстендил",NULL,"Косово",NULL,"village"
3240,45131,"Кюстендил",NULL,"Крайни Дол",NULL,"village"
3241,45133,"Кюстендил",NULL,"Крайници",NULL,"village"
3242,45158,"Кюстендил",NULL,"Кременик",NULL,"village"
3243,45160,"Кюстендил",NULL,"Крумово",NULL,"village"
3244,45162,"Кюстендил",NULL,"Кутугерци",NULL,"village"
3245,45164,"Кюстендил",NULL,"Кършалево",NULL,"village"
3246,45166,"Кюстендил",NULL,"Лелинци",NULL,"village"
3247,45168,"Кюстендил",NULL,"Леска",NULL,"village"
3248,45170,"Кюстендил",NULL,"Лиляч",NULL,"village"
3249,45172,"Кюстендил",NULL,"Лисец",NULL,"village"
3250,45174,"Кюстендил",NULL,"Лозно",NULL,"village"
3251,45183,"Кюстендил",NULL,"Локвата",NULL,"village"
3252,45185,"Кюстендил",NULL,"Ломница",NULL,"village"
3253,45187,"Кюстендил",NULL,"Мазарачево",NULL,"village"
3254,45189,"Кюстендил",NULL,"Мала Фуча",NULL,"village"
3255,45191,"Кюстендил",NULL,"Мали Върбовник",NULL,"village"
3256,45193,"Кюстендил",NULL,"Мало Село",NULL,"village"
3257,45196,"Кюстендил",NULL,"Метохия",NULL,"village"
3258,45198,"Кюстендил",NULL,"Мламолово",NULL,"village"
3259,45205,"Кюстендил",NULL,"Мурсалево",NULL,"village"
3260,45213,"Кюстендил",NULL,"Мърводол",NULL,"village"
3261,45215,"Кюстендил",NULL,"Невестино",NULL,"village"
3262,45225,"Кюстендил",NULL,"Неделкова Гращица",NULL,"village"
3263,45236,"Кюстендил",NULL,"Овчарци",NULL,"village"
3264,45264,"Кюстендил",NULL,"Падала",NULL,"village"
3265,45266,"Кюстендил",NULL,"Палатово",NULL,"village"
3266,45268,"Кюстендил",NULL,"Паничарево",NULL,"village"
3267,45271,"Кюстендил",NULL,"Пастра",NULL,"village"
3268,45273,"Кюстендил",NULL,"Пастух",NULL,"village"
3269,45275,"Кюстендил",NULL,"Пелатиково",NULL,"village"
3270,45277,"Кюстендил",NULL,"Пиперево",NULL,"village"
3271,45279,"Кюстендил",NULL,"Пиперков Чифлик",NULL,"village"
3272,45291,"Кюстендил",NULL,"Побит Камък",NULL,"village"
3273,45294,"Кюстендил",NULL,"Полетинци",NULL,"village"
3274,45296,"Кюстендил",NULL,"Полска Скакавица",NULL,"village"
3275,45298,"Кюстендил",NULL,"Пороминово",NULL,"village"
3276,45300,"Кюстендил",NULL,"Преколница",NULL,"village"
3277,45302,"Кюстендил",NULL,"Радловци",NULL,"village"
3278,45304,"Кюстендил",NULL,"Раково",NULL,"village"
3279,45306,"Кюстендил",NULL,"Раненци",NULL,"village"
3280,45308,"Кюстендил",NULL,"Рашка Гращица",NULL,"village"
3281,45310,"Кюстендил",NULL,"Режинци",NULL,"village"
3282,45312,"Кюстендил",NULL,"Ресилово",NULL,"village"
3283,45343,"Кюстендил",NULL,"Раждавица",NULL,"village"
3284,45345,"Кюстендил",NULL,"Ръсово",NULL,"village"
3285,45347,"Кюстендил",NULL,"Савойски",NULL,"village"
3286,45349,"Кюстендил",NULL,"Сажденик",NULL,"village"
3287,45351,"Кюстендил",NULL,"Самораново",NULL,"village"
3288,45468,"Кюстендил",NULL,"Сапарево",NULL,"village"
3289,45508,"Кюстендил",NULL,"Скрино",NULL,"village"
3290,45510,"Кюстендил",NULL,"Скриняно",NULL,"village"
3291,45513,"Кюстендил",NULL,"Слатино",NULL,"village"
3292,45518,"Кюстендил",NULL,"Слокощица",NULL,"village"
3293,45535,"Кюстендил",NULL,"Смоличано",NULL,"village"
3294,45537,"Кюстендил",NULL,"Смочево",NULL,"village"
3295,45540,"Кюстендил",NULL,"Соволяно",NULL,"village"
3296,45549,"Кюстендил",NULL,"Сопово",NULL,"village"
3297,45551,"Кюстендил",NULL,"Средорек",NULL,"village"
3298,45553,"Кюстендил",NULL,"Стенско",NULL,"village"
3299,45555,"Кюстендил",NULL,"Стоб",NULL,"village"
3300,45558,"Кюстендил",NULL,"Страдалово",NULL,"village"
3301,45560,"Кюстендил",NULL,"Сушица",NULL,"village"
3302,45562,"Кюстендил",NULL,"Таваличево",NULL,"village"
3303,45564,"Кюстендил",NULL,"Тишаново",NULL,"village"
3304,45566,"Кюстендил",NULL,"Тополница",NULL,"village"
3305,45569,"Кюстендил",NULL,"Трекляно",NULL,"village"
3306,45571,"Кюстендил",NULL,"Търновлаг",NULL,"village"
3307,45573,"Кюстендил",NULL,"Търсино",NULL,"village"
3308,45575,"Кюстендил",NULL,"Усойка",NULL,"village"
3309,45584,"Кюстендил",NULL,"Уши",NULL,"village"
3310,45586,"Кюстендил",NULL,"Фролош",NULL,"village"
3311,45588,"Кюстендил",NULL,"Церовица",NULL,"village"
3312,45590,"Кюстендил",NULL,"Циклово",NULL,"village"
3313,45592,"Кюстендил",NULL,"Црешново",NULL,"village"
3314,45594,"Кюстендил",NULL,"Църварица",NULL,"village"
3315,45596,"Кюстендил",NULL,"Цървена Ябълка",NULL,"village"
3316,45598,"Кюстендил",NULL,"Цървендол",NULL,"village"
3317,45600,"Кюстендил",NULL,"Цървеняно",NULL,"village"
3318,45602,"Кюстендил",NULL,"Цървище",NULL,"village"
3319,45604,"Кюстендил",NULL,"Чеканец",NULL,"village"
3320,45606,"Кюстендил",NULL,"Червен Брег",NULL,"village"
3321,45629,"Кюстендил",NULL,"Четирци",NULL,"village"
3322,45631,"Кюстендил",NULL,"Чешлянци",NULL,"village"
3323,45633,"Кюстендил",NULL,"Чудинци",NULL,"village"
3324,45635,"Кюстендил",NULL,"Шатрово",NULL,"village"
3325,45637,"Кюстендил",NULL,"Шипочано",NULL,"village"
3326,45639,"Кюстендил",NULL,"Шишковци",NULL,"village"
3327,45641,"Кюстендил",NULL,"Ябълково",NULL,"village"
3328,45653,"Кюстендил",NULL,"Яхиново",NULL,"village"
3329,45695,"Кюстендил",NULL,"Паничище",NULL,"village"
3330,46756,"Велико Търново",NULL,"Поликраище",NULL,"village"
3331,47127,"Велико Търново",NULL,"Присово",NULL,"village"
3332,47174,"Велико Търново",NULL,"Масларево",NULL,"village"
3333,47176,"Велико Търново",NULL,"Полски Сеновец",NULL,"village"
3334,47185,"Велико Търново",NULL,"Павел",NULL,"village"
3335,47195,"Велико Търново",NULL,"Алеково",NULL,"village"
3336,47207,"Велико Търново",NULL,"Александрово",NULL,"village"
3337,47213,"Велико Търново",NULL,"Аплаци",NULL,"village"
3338,47215,"Велико Търново",NULL,"Арбанаси",NULL,"village"
3339,47244,"Велико Търново",NULL,"Асеново",NULL,"village"
3340,47246,"Велико Търново",NULL,"Багалевци",NULL,"village"
3341,47248,"Велико Търново",NULL,"Бадевци",NULL,"village"
3342,47250,"Велико Търново",NULL,"Баевци",NULL,"village"
3343,47252,"Велико Търново",NULL,"Баждари",NULL,"village"
3344,47254,"Велико Търново",NULL,"Балван",NULL,"village"
3345,47258,"Велико Търново",NULL,"Балканци",NULL,"village"
3346,47260,"Велико Търново",NULL,"Балуци",NULL,"village"
3347,47262,"Велико Търново",NULL,"Батак",NULL,"village"
3348,47275,"Велико Търново",NULL,"Беброво",NULL,"village"
3349,47279,"Велико Търново",NULL,"Бейковци",NULL,"village"
3350,47281,"Велико Търново",NULL,"Белчевци",NULL,"village"
3351,47283,"Велико Търново",NULL,"Беляковец",NULL,"village"
3352,47290,"Велико Търново",NULL,"Берковци",NULL,"village"
3353,47292,"Велико Търново",NULL,"Бижовци",NULL,"village"
3354,47294,"Велико Търново",NULL,"Благоево",NULL,"village"
3355,47299,"Велико Търново",NULL,"Блъсковци",NULL,"village"
3356,47301,"Велико Търново",NULL,"Богданско",NULL,"village"
3357,47303,"Велико Търново",NULL,"Бойковци",NULL,"village"
3358,47305,"Велико Търново",NULL,"Бойчовци",NULL,"village"
3359,47307,"Велико Търново",NULL,"Босевци",NULL,"village"
3360,47309,"Велико Търново",NULL,"Бочковци",NULL,"village"
3361,47311,"Велико Търново",NULL,"Бояновци",NULL,"village"
3362,47313,"Велико Търново",NULL,"Бранковци",NULL,"village"
3363,47315,"Велико Търново",NULL,"Брезово",NULL,"village"
3364,47317,"Велико Търново",NULL,"Бръчковци",NULL,"village"
3365,47319,"Велико Търново",NULL,"Бряговица",NULL,"village"
3366,47324,"Велико Търново",NULL,"Буйновци",NULL,"village"
3367,47328,"Велико Търново",NULL,"Буковец",NULL,"village"
3368,47330,"Велико Търново",NULL,"Бутово",NULL,"village"
3369,47339,"Велико Търново",NULL,"Българско Сливово",NULL,"village"
3370,47369,"Велико Търново",NULL,"Бяла Река",NULL,"village"
3371,47416,"Велико Търново",NULL,"Бялковци",NULL,"village"
3372,47418,"Велико Търново",NULL,"Валето",NULL,"village"
3373,47421,"Велико Търново",NULL,"Вардим",NULL,"village"
3374,47440,"Велико Търново",NULL,"Велковци",NULL,"village"
3375,47442,"Велико Търново",NULL,"Велчево",NULL,"village"
3376,47444,"Велико Търново",NULL,"Веселина",NULL,"village"
3377,47448,"Велико Търново",NULL,"Ветринци",NULL,"village"
3378,47450,"Велико Търново",NULL,"Виларе",NULL,"village"
3379,47452,"Велико Търново",NULL,"Виноград",NULL,"village"
3380,47455,"Велико Търново",NULL,"Високовци",NULL,"village"
3381,47457,"Велико Търново",NULL,"Вишовград",NULL,"village"
3382,47463,"Велико Търново",NULL,"Владислав",NULL,"village"
3383,47465,"Велико Търново",NULL,"Водно",NULL,"village"
3384,47467,"Велико Търново",NULL,"Водолей",NULL,"village"
3385,47469,"Велико Търново",NULL,"Войнежа",NULL,"village"
3386,47471,"Велико Търново",NULL,"Вонеща Вода",NULL,"village"
3387,47476,"Велико Търново",NULL,"Въглевци",NULL,"village"
3388,47480,"Велико Търново",NULL,"Вълчовци",NULL,"village"
3389,47482,"Велико Търново",NULL,"Върбица",NULL,"village"
3390,47486,"Велико Търново",NULL,"Върбовка",NULL,"village"
3391,47492,"Велико Търново",NULL,"Вързилковци",NULL,"village"
3392,47494,"Велико Търново",NULL,"Вързулица",NULL,"village"
3393,47496,"Велико Търново",NULL,"Габрака",NULL,"village"
3394,47498,"Велико Търново",NULL,"Габровци",NULL,"village"
3395,47500,"Велико Търново",NULL,"Ганев Дол",NULL,"village"
3396,47502,"Велико Търново",NULL,"Гащевци",NULL,"village"
3397,47504,"Велико Търново",NULL,"Глоговец",NULL,"village"
3398,47506,"Велико Търново",NULL,"Големаните",NULL,"village"
3399,47508,"Велико Търново",NULL,"Горановци",NULL,"village"
3400,47510,"Велико Търново",NULL,"Горна Липница",NULL,"village"
3401,47519,"Велико Търново",NULL,"Горна Студена",NULL,"village"
3402,47531,"Велико Търново",NULL,"Горна Хаджийска",NULL,"village"
3403,47533,"Велико Търново",NULL,"Горни Край",NULL,"village"
3404,47535,"Велико Търново",NULL,"Горни Танчевци",NULL,"village"
3405,47537,"Велико Търново",NULL,"Горска",NULL,"village"
3406,47539,"Велико Търново",NULL,"Горски Горен Тръмбеш",NULL,"village"
3407,47542,"Велико Търново",NULL,"Горски Долен Тръмбеш",NULL,"village"
3408,47544,"Велико Търново",NULL,"Горски Сеновец",NULL,"village"
3409,47548,"Велико Търново",NULL,"Горско Калугерово",NULL,"village"
3410,47550,"Велико Търново",NULL,"Горско Косово",NULL,"village"
3411,47554,"Велико Търново",NULL,"Горско Ново Село",NULL,"village"
3412,47561,"Велико Търново",NULL,"Горско Писарево",NULL,"village"
3413,47563,"Велико Търново",NULL,"Граматици",NULL,"village"
3414,47565,"Велико Търново",NULL,"Гърдевци",NULL,"village"
3415,47567,"Велико Търново",NULL,"Давери",NULL,"village"
3416,47569,"Велико Търново",NULL,"Дайновци",NULL,"village"
3417,47571,"Велико Търново",NULL,"Дебели Рът",NULL,"village"
3418,47573,"Велико Търново",NULL,"Дедина",NULL,"village"
3419,47575,"Велико Търново",NULL,"Дединци",NULL,"village"
3420,47577,"Велико Търново",NULL,"Делова Махала",NULL,"village"
3421,47579,"Велико Търново",NULL,"Деляновци",NULL,"village"
3422,47582,"Велико Търново",NULL,"Дечковци",NULL,"village"
3423,47584,"Велико Търново",NULL,"Джулюница",NULL,"village"
3424,47618,"Велико Търново",NULL,"Димовци",NULL,"village"
3425,47620,"Велико Търново",NULL,"Димча",NULL,"village"
3426,47626,"Велико Търново",NULL,"Дичин",NULL,"village"
3427,47628,"Велико Търново",NULL,"Добревци",NULL,"village"
3428,47630,"Велико Търново",NULL,"Добри Дял",NULL,"village"
3429,47642,"Велико Търново",NULL,"Дойновци",NULL,"village"
3430,47644,"Велико Търново",NULL,"Долна Липница",NULL,"village"
3431,47649,"Велико Търново",NULL,"Долни Дамяновци",NULL,"village"
3432,47651,"Велико Търново",NULL,"Долни Марян",NULL,"village"
3433,47653,"Велико Търново",NULL,"Долни Танчевци",NULL,"village"
3434,47655,"Велико Търново",NULL,"Донковци",NULL,"village"
3435,47657,"Велико Търново",NULL,"Драганово",NULL,"village"
3436,47686,"Велико Търново",NULL,"Драгановци",NULL,"village"
3437,47688,"Велико Търново",NULL,"Драганосковци",NULL,"village"
3438,47690,"Велико Търново",NULL,"Драгижево",NULL,"village"
3439,47705,"Велико Търново",NULL,"Драгийци",NULL,"village"
3440,47707,"Велико Търново",NULL,"Драгневци",NULL,"village"
3441,47709,"Велико Търново",NULL,"Драгомирово",NULL,"village"
3442,47722,"Велико Търново",NULL,"Дрента",NULL,"village"
3443,47724,"Велико Търново",NULL,"Дуковци",NULL,"village"
3444,47726,"Велико Търново",NULL,"Дунавци",NULL,"village"
3445,47728,"Велико Търново",NULL,"Дуровци",NULL,"village"
3446,47730,"Велико Търново",NULL,"Дълги Припек",NULL,"village"
3447,47732,"Велико Търново",NULL,"Дъскот",NULL,"village"
3448,47741,"Велико Търново",NULL,"Емен",NULL,"village"
3449,47743,"Велико Търново",NULL,"Железарци",NULL,"village"
3450,47745,"Велико Търново",NULL,"Зеленик",NULL,"village"
3451,47747,"Велико Търново",NULL,"Иванивановци",NULL,"village"
3452,47749,"Велико Търново",NULL,"Ивановци",NULL,"village"
3453,47751,"Велико Търново",NULL,"Иванча",NULL,"village"
3454,47755,"Велико Търново",NULL,"Игнатовци",NULL,"village"
3455,47757,"Велико Търново",NULL,"Илаков Рът",NULL,"village"
3456,47759,"Велико Търново",NULL,"Илевци",NULL,"village"
3457,47761,"Велико Търново",NULL,"Илиювци",NULL,"village"
3458,47763,"Велико Търново",NULL,"Йовчевци",NULL,"village"
3459,47765,"Велико Търново",NULL,"Кавлак",NULL,"village"
3460,47767,"Велико Търново",NULL,"Калайджии",NULL,"village"
3461,47769,"Велико Търново",NULL,"Камен",NULL,"village"
3462,47781,"Велико Търново",NULL,"Каменари",NULL,"village"
3463,47783,"Велико Търново",NULL,"Кантари",NULL,"village"
3464,47785,"Велико Търново",NULL,"Караиванци",NULL,"village"
3465,47787,"Велико Търново",NULL,"Караисен",NULL,"village"
3466,47805,"Велико Търново",NULL,"Карандили",NULL,"village"
3467,47807,"Велико Търново",NULL,"Каранци",NULL,"village"
3468,47809,"Велико Търново",NULL,"Кесарево",NULL,"village"
3469,47828,"Велико Търново",NULL,"Киревци",NULL,"village"
3470,47830,"Велико Търново",NULL,"Кисьовци",NULL,"village"
3471,47832,"Велико Търново",NULL,"Кладни Дял",NULL,"village"
3472,47834,"Велико Търново",NULL,"Климентово",NULL,"village"
3473,47838,"Велико Търново",NULL,"Клъшка Река",NULL,"village"
3474,47840,"Велико Търново",NULL,"Коевци",NULL,"village"
3475,47842,"Велико Търново",NULL,"Кожлювци",NULL,"village"
3476,47844,"Велико Търново",NULL,"Козаревец",NULL,"village"
3477,47864,"Велико Търново",NULL,"Козловец",NULL,"village"
3478,47896,"Велико Търново",NULL,"Козя Река",NULL,"village"
3479,47898,"Велико Търново",NULL,"Колари",NULL,"village"
3480,47900,"Велико Търново",NULL,"Константин",NULL,"village"
3481,47907,"Велико Търново",NULL,"Косевци",NULL,"village"
3482,47909,"Велико Търново",NULL,"Костел",NULL,"village"
3483,47911,"Велико Търново",NULL,"Котуци",NULL,"village"
3484,47913,"Велико Търново",NULL,"Красно Градище",NULL,"village"
3485,47916,"Велико Търново",NULL,"Крилювци",NULL,"village"
3486,47918,"Велико Търново",NULL,"Крумчевци",NULL,"village"
3487,47920,"Велико Търново",NULL,"Крушето",NULL,"village"
3488,47929,"Велико Търново",NULL,"Куцаровци",NULL,"village"
3489,47931,"Велико Търново",NULL,"Куцина",NULL,"village"
3490,47935,"Велико Търново",NULL,"Къпиново",NULL,"village"
3491,47937,"Велико Търново",NULL,"Лагерите",NULL,"village"
3492,47939,"Велико Търново",NULL,"Лазарци",NULL,"village"
3493,47941,"Велико Търново",NULL,"Леденик",NULL,"village"
3494,47948,"Велико Търново",NULL,"Лесиче",NULL,"village"
3495,47950,"Велико Търново",NULL,"Лесичери",NULL,"village"
3496,47954,"Велико Търново",NULL,"Лозен",NULL,"village"
3497,47956,"Велико Търново",NULL,"Любенци",NULL,"village"
3498,47958,"Велико Търново",NULL,"Майско",NULL,"village"
3499,47961,"Велико Търново",NULL,"Малки Чифлик",NULL,"village"
3500,47966,"Велико Търново",NULL,"Марговци",NULL,"village"
3501,47968,"Велико Търново",NULL,"Мариновци",NULL,"village"
3502,47970,"Велико Търново",NULL,"Марян",NULL,"village"
3503,47972,"Велико Търново",NULL,"Махалници",NULL,"village"
3504,47974,"Велико Търново",NULL,"Мерданя",NULL,"village"
3505,47986,"Велико Търново",NULL,"Мийковци",NULL,"village"
3506,47988,"Велико Търново",NULL,"Миндя",NULL,"village"
3507,47992,"Велико Търново",NULL,"Миневци",NULL,"village"
3508,47994,"Велико Търново",NULL,"Мирово",NULL,"village"
3509,47997,"Велико Търново",NULL,"Мирчовци",NULL,"village"
3510,47999,"Велико Търново",NULL,"Михалци",NULL,"village"
3511,48006,"Велико Търново",NULL,"Мишеморков Хан",NULL,"village"
3512,48008,"Велико Търново",NULL,"Момин Сбор",NULL,"village"
3513,48010,"Велико Търново",NULL,"Морава",NULL,"village"
3514,48042,"Велико Търново",NULL,"Мусина",NULL,"village"
3515,48044,"Велико Търново",NULL,"Мъртвината",NULL,"village"
3516,48046,"Велико Търново",NULL,"Нацовци",NULL,"village"
3517,48048,"Велико Търново",NULL,"Недан",NULL,"village"
3518,48060,"Велико Търново",NULL,"Нешевци",NULL,"village"
3519,48062,"Велико Търново",NULL,"Николаево",NULL,"village"
3520,48067,"Велико Търново",NULL,"Никюп",NULL,"village"
3521,48070,"Велико Търново",NULL,"Ничовци",NULL,"village"
3522,48072,"Велико Търново",NULL,"Нова Върбовка",NULL,"village"
3523,48074,"Велико Търново",NULL,"Ново Градище",NULL,"village"
3524,48076,"Велико Търново",NULL,"Ново Село",NULL,"village"
3525,48079,"Велико Търново",NULL,"Новогорци",NULL,"village"
3526,48081,"Велико Търново",NULL,"Нюшковци",NULL,"village"
3527,48083,"Велико Търново",NULL,"Обединение",NULL,"village"
3528,48085,"Велико Търново",NULL,"Овощна",NULL,"village"
3529,48087,"Велико Търново",NULL,"Овча Могила",NULL,"village"
3530,48121,"Велико Търново",NULL,"Ореш",NULL,"village"
3531,48150,"Велико Търново",NULL,"Орловец",NULL,"village"
3532,48153,"Велико Търново",NULL,"Паисий",NULL,"village"
3533,48156,"Велико Търново",NULL,"Палици",NULL,"village"
3534,48158,"Велико Търново",NULL,"Папратлива",NULL,"village"
3535,48160,"Велико Търново",NULL,"Паскалевец",NULL,"village"
3536,48164,"Велико Търново",NULL,"Патреш",NULL,"village"
3537,48169,"Велико Търново",NULL,"Пейковци",NULL,"village"
3538,48171,"Велико Търново",NULL,"Петко Каравелово",NULL,"village"
3539,48176,"Велико Търново",NULL,"Петковци",NULL,"village"
3540,48178,"Велико Търново",NULL,"Пирамидата",NULL,"village"
3541,48180,"Велико Търново",NULL,"Писарево",NULL,"village"
3542,48186,"Велико Търново",NULL,"Плаково",NULL,"village"
3543,48188,"Велико Търново",NULL,"Пожерник",NULL,"village"
3544,48190,"Велико Търново",NULL,"Поповци",NULL,"village"
3545,48192,"Велико Търново",NULL,"Попрусевци",NULL,"village"
3546,48194,"Велико Търново",NULL,"Попска",NULL,"village"
3547,48196,"Велико Търново",NULL,"Правда",NULL,"village"
3548,48209,"Велико Търново",NULL,"Продановци",NULL,"village"
3549,48211,"Велико Търново",NULL,"Пушево",NULL,"village"
3550,48214,"Велико Търново",NULL,"Пчелище",NULL,"village"
3551,48220,"Велико Търново",NULL,"Първомайци",NULL,"village"
3552,48279,"Велико Търново",NULL,"Пъровци",NULL,"village"
3553,48281,"Велико Търново",NULL,"Равново",NULL,"village"
3554,48283,"Велико Търново",NULL,"Раданово",NULL,"village"
3555,48295,"Велико Търново",NULL,"Радковци",NULL,"village"
3556,48297,"Велико Търново",NULL,"Радовци",NULL,"village"
3557,48299,"Велико Търново",NULL,"Разсоха",NULL,"village"
3558,48301,"Велико Търново",NULL,"Райковци",NULL,"village"
3559,48303,"Велико Търново",NULL,"Райновци",NULL,"village"
3560,48305,"Велико Търново",NULL,"Ралиновци",NULL,"village"
3561,48307,"Велико Търново",NULL,"Рашевци",NULL,"village"
3562,48309,"Велико Търново",NULL,"Раювци",NULL,"village"
3563,48311,"Велико Търново",NULL,"Ребревци",NULL,"village"
3564,48313,"Велико Търново",NULL,"Резач",NULL,"village"
3565,48315,"Велико Търново",NULL,"Рекичка",NULL,"village"
3566,48317,"Велико Търново",NULL,"Ресен",NULL,"village"
3567,48360,"Велико Търново",NULL,"Родина",NULL,"village"
3568,48364,"Велико Търново",NULL,"Росица",NULL,"village"
3569,48366,"Велико Търново",NULL,"Росно",NULL,"village"
3570,48368,"Велико Търново",NULL,"Русаля",NULL,"village"
3571,48370,"Велико Търново",NULL,"Русковци",NULL,"village"
3572,48372,"Велико Търново",NULL,"Руховци",NULL,"village"
3573,48374,"Велико Търново",NULL,"Самоводене",NULL,"village"
3574,48407,"Велико Търново",NULL,"Самсиите",NULL,"village"
3575,48409,"Велико Търново",NULL,"Светославци",NULL,"village"
3576,48411,"Велико Търново",NULL,"Сеймените",NULL,"village"
3577,48413,"Велико Търново",NULL,"Семковци",NULL,"village"
3578,48415,"Велико Търново",NULL,"Сливовица",NULL,"village"
3579,48417,"Велико Търново",NULL,"Сломер",NULL,"village"
3580,48420,"Велико Търново",NULL,"Совата",NULL,"village"
3581,48423,"Велико Търново",NULL,"Средни Колиби",NULL,"village"
3582,48425,"Велико Търново",NULL,"Средно Село",NULL,"village"
3583,48427,"Велико Търново",NULL,"Стамболово",NULL,"village"
3584,48437,"Велико Търново",NULL,"Стефан Стамболово",NULL,"village"
3585,48439,"Велико Търново",NULL,"Стойчевци",NULL,"village"
3586,48441,"Велико Търново",NULL,"Стояновци",NULL,"village"
3587,48443,"Велико Търново",NULL,"Страхилово",NULL,"village"
3588,48454,"Велико Търново",NULL,"Стрелец",NULL,"village"
3589,48456,"Велико Търново",NULL,"Султани",NULL,"village"
3590,48458,"Велико Търново",NULL,"Суха Река",NULL,"village"
3591,48460,"Велико Търново",NULL,"Сушица",NULL,"village"
3592,48468,"Велико Търново",NULL,"Събковци",NULL,"village"
3593,48470,"Велико Търново",NULL,"Сърненци",NULL,"village"
3594,48472,"Велико Търново",NULL,"Теменуга",NULL,"village"
3595,48474,"Велико Търново",NULL,"Терзиите",NULL,"village"
3596,48476,"Велико Търново",NULL,"Тодоровци",NULL,"village"
3597,48478,"Велико Търново",NULL,"Тодювци",NULL,"village"
3598,48480,"Велико Търново",NULL,"Томбето",NULL,"village"
3599,48482,"Велико Търново",NULL,"Топузи",NULL,"village"
3600,48484,"Велико Търново",NULL,"Трънковци",NULL,"village"
3601,48486,"Велико Търново",NULL,"Тумбевци",NULL,"village"
3602,48488,"Велико Търново",NULL,"Тънки Рът",NULL,"village"
3603,48490,"Велико Търново",NULL,"Угорялковци",NULL,"village"
3604,48492,"Велико Търново",NULL,"Ушевци",NULL,"village"
3605,48494,"Велико Търново",NULL,"Хаджидимитрово",NULL,"village"
3606,48505,"Велико Търново",NULL,"Харваловци",NULL,"village"
3607,48507,"Велико Търново",NULL,"Хотница",NULL,"village"
3608,48509,"Велико Търново",NULL,"Хъневци",NULL,"village"
3609,48511,"Велико Търново",NULL,"Царевец",NULL,"village"
3610,48535,"Велико Търново",NULL,"Царски Извор",NULL,"village"
3611,48543,"Велико Търново",NULL,"Цвеклювци",NULL,"village"
3612,48545,"Велико Търново",NULL,"Цепераните",NULL,"village"
3613,48547,"Велико Търново",NULL,"Церова Кория",NULL,"village"
3614,48558,"Велико Търново",NULL,"Чавдарци",NULL,"village"
3615,48560,"Велико Търново",NULL,"Чакали",NULL,"village"
3616,48562,"Велико Търново",NULL,"Червена",NULL,"village"
3617,48566,"Велико Търново",NULL,"Черни Дял",NULL,"village"
3618,48568,"Велико Търново",NULL,"Чешма",NULL,"village"
3619,48570,"Велико Търново",NULL,"Чистово",NULL,"village"
3620,48572,"Велико Търново",NULL,"Чуката",NULL,"village"
3621,48574,"Велико Търново",NULL,"Шемшево",NULL,"village"
3622,48579,"Велико Търново",NULL,"Шереметя",NULL,"village"
3623,48585,"Велико Търново",NULL,"Шиливери",NULL,"village"
3624,48587,"Велико Търново",NULL,"Шилковци",NULL,"village"
3625,48589,"Велико Търново",NULL,"Шодековци",NULL,"village"
3626,48591,"Велико Търново",NULL,"Шубеци",NULL,"village"
3627,48593,"Велико Търново",NULL,"Яковци",NULL,"village"
3628,48595,"Велико Търново",NULL,"Ялово",NULL,"village"
3629,48597,"Велико Търново",NULL,"Янтра",NULL,"village"
3630,48608,"Велико Търново",NULL,"Малчовци",NULL,"village"
3631,48610,"Велико Търново",NULL,"Бойчеви Колиби",NULL,"village"
3632,48612,"Велико Търново",NULL,"Върлинка",NULL,"village"
3633,48614,"Велико Търново",NULL,"Горен Еневец",NULL,"village"
3634,48616,"Велико Търново",NULL,"Деветаците",NULL,"village"
3635,48618,"Велико Търново",NULL,"Димитровци",NULL,"village"
3636,48620,"Велико Търново",NULL,"Долен Еневец",NULL,"village"
3637,48622,"Велико Търново",NULL,"Дърлевци",NULL,"village"
3638,48624,"Велико Търново",NULL,"Марафелци",NULL,"village"
3639,48626,"Велико Търново",NULL,"Велювци",NULL,"village"
3640,48628,"Велико Търново",NULL,"Големани",NULL,"village"
3641,48632,"Велико Търново",NULL,"Николовци",NULL,"village"
3642,48634,"Велико Търново",NULL,"Титевци",NULL,"village"
3643,48636,"Велико Търново",NULL,"Търкашени",NULL,"village"
3644,48638,"Велико Търново",NULL,"Христовци",NULL,"village"
3645,48640,"Велико Търново",NULL,"Долно Шивачево",NULL,"village"
3646,48642,"Велико Търново",NULL,"Цонковци",NULL,"village"
3647,48644,"Велико Търново",NULL,"Червенковци",NULL,"village"
3648,49422,"Монтана",NULL,"Аспарухово",NULL,"village"
3649,49431,"Монтана",NULL,"Балювица",NULL,"village"
3650,49433,"Монтана",NULL,"Безденица",NULL,"village"
3651,49435,"Монтана",NULL,"Бели Брод",NULL,"village"
3652,49437,"Монтана",NULL,"Бели Брег",NULL,"village"
3653,49439,"Монтана",NULL,"Белимел",NULL,"village"
3654,49442,"Монтана",NULL,"Белотинци",NULL,"village"
3655,49446,"Монтана",NULL,"Бистрилица",NULL,"village"
3656,49449,"Монтана",NULL,"Благово",NULL,"village"
3657,49452,"Монтана",NULL,"Бокиловци",NULL,"village"
3658,49455,"Монтана",NULL,"Боровци",NULL,"village"
3659,49468,"Монтана",NULL,"Ботево",NULL,"village"
3660,49470,"Монтана",NULL,"Буковец",NULL,"village"
3661,49474,"Монтана",NULL,"Бъзовец",NULL,"village"
3662,49477,"Монтана",NULL,"Бързия",NULL,"village"
3663,49498,"Монтана",NULL,"Василовци",NULL,"village"
3664,49525,"Монтана",NULL,"Видлица",NULL,"village"
3665,49527,"Монтана",NULL,"Винище",NULL,"village"
3666,49529,"Монтана",NULL,"Вирове",NULL,"village"
3667,49532,"Монтана",NULL,"Владимирово",NULL,"village"
3668,49551,"Монтана",NULL,"Войници",NULL,"village"
3669,49553,"Монтана",NULL,"Габровница",NULL,"village"
3670,49556,"Монтана",NULL,"Гаврил Геново",NULL,"village"
3671,49561,"Монтана",NULL,"Гаганица",NULL,"village"
3672,49564,"Монтана",NULL,"Георги Дамяново",NULL,"village"
3673,49570,"Монтана",NULL,"Главановци",NULL,"village"
3674,49572,"Монтана",NULL,"Говежда",NULL,"village"
3675,49580,"Монтана",NULL,"Горна Бела Речка",NULL,"village"
3676,49582,"Монтана",NULL,"Горна Вереница",NULL,"village"
3677,49587,"Монтана",NULL,"Горна Ковачица",NULL,"village"
3678,49589,"Монтана",NULL,"Горна Лука",NULL,"village"
3679,49592,"Монтана",NULL,"Горни Цибър",NULL,"village"
3680,49594,"Монтана",NULL,"Горно Озирово",NULL,"village"
3681,49596,"Монтана",NULL,"Горно Церовене",NULL,"village"
3682,49598,"Монтана",NULL,"Громшин",NULL,"village"
3683,49602,"Монтана",NULL,"Дива Слатина",NULL,"village"
3684,49604,"Монтана",NULL,"Добри Дол",NULL,"village"
3685,49608,"Монтана",NULL,"Доктор Йосифово",NULL,"village"
3686,49618,"Монтана",NULL,"Долна Бела Речка",NULL,"village"
3687,49620,"Монтана",NULL,"Долна Вереница",NULL,"village"
3688,49622,"Монтана",NULL,"Долна Рикса",NULL,"village"
3689,49624,"Монтана",NULL,"Долни Цибър",NULL,"village"
3690,49636,"Монтана",NULL,"Долно Белотинци",NULL,"village"
3691,49638,"Монтана",NULL,"Долно Линево",NULL,"village"
3692,49644,"Монтана",NULL,"Долно Озирово",NULL,"village"
3693,49646,"Монтана",NULL,"Долно Церовене",NULL,"village"
3694,49650,"Монтана",NULL,"Дондуково",NULL,"village"
3695,49657,"Монтана",NULL,"Драганица",NULL,"village"
3696,49659,"Монтана",NULL,"Дъбова Махала",NULL,"village"
3697,49661,"Монтана",NULL,"Дълги Дел",NULL,"village"
3698,49663,"Монтана",NULL,"Дългоделци",NULL,"village"
3699,49668,"Монтана",NULL,"Еловица",NULL,"village"
3700,49670,"Монтана",NULL,"Ерден",NULL,"village"
3701,49673,"Монтана",NULL,"Железна",NULL,"village"
3702,49678,"Монтана",NULL,"Замфир",NULL,"village"
3703,49707,"Монтана",NULL,"Замфирово",NULL,"village"
3704,49716,"Монтана",NULL,"Златия",NULL,"village"
3705,49727,"Монтана",NULL,"Игнатово",NULL,"village"
3706,49735,"Монтана",NULL,"Каменна Рикса",NULL,"village"
3707,49737,"Монтана",NULL,"Киселево",NULL,"village"
3708,49739,"Монтана",NULL,"Клисурица",NULL,"village"
3709,49743,"Монтана",NULL,"Княжева Махала",NULL,"village"
3710,49745,"Монтана",NULL,"Кобиляк",NULL,"village"
3711,49747,"Монтана",NULL,"Ковачица",NULL,"village"
3712,49774,"Монтана",NULL,"Комарево",NULL,"village"
3713,49776,"Монтана",NULL,"Комощица",NULL,"village"
3714,49786,"Монтана",NULL,"Копиловци",NULL,"village"
3715,49791,"Монтана",NULL,"Костенци",NULL,"village"
3716,49793,"Монтана",NULL,"Котеновци",NULL,"village"
3717,49795,"Монтана",NULL,"Крапчене",NULL,"village"
3718,49798,"Монтана",NULL,"Крива Бара",NULL,"village"
3719,49814,"Монтана",NULL,"Лесковец",NULL,"village"
3720,49816,"Монтана",NULL,"Лехчево",NULL,"village"
3721,49840,"Монтана",NULL,"Липен",NULL,"village"
3722,49842,"Монтана",NULL,"Мадан",NULL,"village"
3723,49857,"Монтана",NULL,"Мартиново",NULL,"village"
3724,49861,"Монтана",NULL,"Медковец",NULL,"village"
3725,49891,"Монтана",NULL,"Мездрея",NULL,"village"
3726,49893,"Монтана",NULL,"Меляне",NULL,"village"
3727,49895,"Монтана",NULL,"Митровци",NULL,"village"
3728,49897,"Монтана",NULL,"Мокреш",NULL,"village"
3729,49907,"Монтана",NULL,"Мърчево",NULL,"village"
3730,49912,"Монтана",NULL,"Николово",NULL,"village"
3731,49914,"Монтана",NULL,"Одоровци",NULL,"village"
3732,49916,"Монтана",NULL,"Орсоя",NULL,"village"
3733,49919,"Монтана",NULL,"Охрид",NULL,"village"
3734,49921,"Монтана",NULL,"Палилула",NULL,"village"
3735,49923,"Монтана",NULL,"Песочница",NULL,"village"
3736,49927,"Монтана",NULL,"Пишурка",NULL,"village"
3737,49930,"Монтана",NULL,"Помеждин",NULL,"village"
3738,49932,"Монтана",NULL,"Портитовци",NULL,"village"
3739,49936,"Монтана",NULL,"Превала",NULL,"village"
3740,49943,"Монтана",NULL,"Пърличево",NULL,"village"
3741,49945,"Монтана",NULL,"Равна",NULL,"village"
3742,49947,"Монтана",NULL,"Разград",NULL,"village"
3743,49954,"Монтана",NULL,"Расово",NULL,"village"
3744,49982,"Монтана",NULL,"Рашовица",NULL,"village"
3745,49984,"Монтана",NULL,"Септемврийци",NULL,"village"
3746,49995,"Монтана",NULL,"Славотин",NULL,"village"
3747,49997,"Монтана",NULL,"Слатина",NULL,"village"
3748,49999,"Монтана",NULL,"Сливата",NULL,"village"
3749,50003,"Монтана",NULL,"Сливовик",NULL,"village"
3750,50010,"Монтана",NULL,"Смирненски",NULL,"village"
3751,50019,"Монтана",NULL,"Смоляновци",NULL,"village"
3752,50023,"Монтана",NULL,"Спанчевци",NULL,"village"
3753,50029,"Монтана",NULL,"Сталийска Махала",NULL,"village"
3754,50063,"Монтана",NULL,"Станево",NULL,"village"
3755,50067,"Монтана",NULL,"Стояново",NULL,"village"
3756,50069,"Монтана",NULL,"Стубел",NULL,"village"
3757,50071,"Монтана",NULL,"Студено Буче",NULL,"village"
3758,50073,"Монтана",NULL,"Сумер",NULL,"village"
3759,50075,"Монтана",NULL,"Трайково",NULL,"village"
3760,50095,"Монтана",NULL,"Трифоново",NULL,"village"
3761,50097,"Монтана",NULL,"Цветкова Бара",NULL,"village"
3762,50099,"Монтана",NULL,"Челюстница",NULL,"village"
3763,50101,"Монтана",NULL,"Чемиш",NULL,"village"
3764,50103,"Монтана",NULL,"Черешовица",NULL,"village"
3765,50105,"Монтана",NULL,"Черкаски",NULL,"village"
3766,50107,"Монтана",NULL,"Черни Връх",NULL,"village"
3767,50149,"Монтана",NULL,"Ягодово",NULL,"village"
3768,50167,"Монтана",NULL,"Якимово",NULL,"village"
3769,50632,"Ловеч",NULL,"Орешак",NULL,"village"
3770,50945,"Ловеч",NULL,"Златна Панега",NULL,"village"
3771,51343,"Ловеч",NULL,"Белиш",NULL,"village"
3772,51347,"Ловеч",NULL,"Черни Осъм",NULL,"village"
3773,51367,"Ловеч",NULL,"Абланица",NULL,"village"
3774,51375,"Ловеч",NULL,"Александрово",NULL,"village"
3775,51400,"Ловеч",NULL,"Бабинци",NULL,"village"
3776,51402,"Ловеч",NULL,"Балабанско",NULL,"village"
3777,51406,"Ловеч",NULL,"Балканец",NULL,"village"
3778,51412,"Ловеч",NULL,"Батулци",NULL,"village"
3779,51415,"Ловеч",NULL,"Баховица",NULL,"village"
3780,51425,"Ловеч",NULL,"Бежаново",NULL,"village"
3781,51448,"Ловеч",NULL,"Беленци",NULL,"village"
3782,51457,"Ловеч",NULL,"Бели Осъм",NULL,"village"
3783,51467,"Ловеч",NULL,"Борима",NULL,"village"
3784,51493,"Ловеч",NULL,"Брестница",NULL,"village"
3785,51502,"Ловеч",NULL,"Брестово",NULL,"village"
3786,51504,"Ловеч",NULL,"Българене",NULL,"village"
3787,51511,"Ловеч",NULL,"Български Извор",NULL,"village"
3788,51538,"Ловеч",NULL,"Васильово",NULL,"village"
3789,51541,"Ловеч",NULL,"Велчево",NULL,"village"
3790,51544,"Ловеч",NULL,"Владиня",NULL,"village"
3791,51546,"Ловеч",NULL,"Врабево",NULL,"village"
3792,51566,"Ловеч",NULL,"Галата",NULL,"village"
3793,51602,"Ловеч",NULL,"Глогово",NULL,"village"
3794,51611,"Ловеч",NULL,"Голец",NULL,"village"
3795,51615,"Ловеч",NULL,"Голям Извор",NULL,"village"
3796,51626,"Ловеч",NULL,"Голяма Брестница",NULL,"village"
3797,51628,"Ловеч",NULL,"Голяма Желязна",NULL,"village"
3798,51641,"Ловеч",NULL,"Горан",NULL,"village"
3799,51645,"Ловеч",NULL,"Горно Павликене",NULL,"village"
3800,51648,"Ловеч",NULL,"Горно Трапе",NULL,"village"
3801,51653,"Ловеч",NULL,"Горско Сливово",NULL,"village"
3802,51677,"Ловеч",NULL,"Гостиня",NULL,"village"
3803,51679,"Ловеч",NULL,"Градежница",NULL,"village"
3804,51690,"Ловеч",NULL,"Гумощник",NULL,"village"
3805,51692,"Ловеч",NULL,"Дебнево",NULL,"village"
3806,51705,"Ловеч",NULL,"Деветаки",NULL,"village"
3807,51707,"Ловеч",NULL,"Дерманци",NULL,"village"
3808,51745,"Ловеч",NULL,"Дивчовото",NULL,"village"
3809,51747,"Ловеч",NULL,"Добревци",NULL,"village"
3810,51751,"Ловеч",NULL,"Добродан",NULL,"village"
3811,51760,"Ловеч",NULL,"Дойренци",NULL,"village"
3812,51786,"Ловеч",NULL,"Драгана",NULL,"village"
3813,51788,"Ловеч",NULL,"Драшкова Поляна",NULL,"village"
3814,51790,"Ловеч",NULL,"Дренов",NULL,"village"
3815,51794,"Ловеч",NULL,"Дъбен",NULL,"village"
3816,51799,"Ловеч",NULL,"Дъбрава",NULL,"village"
3817,51801,"Ловеч",NULL,"Дъбравата",NULL,"village"
3818,51803,"Ловеч",NULL,"Дълбок Дол",NULL,"village"
3819,51820,"Ловеч",NULL,"Изворче",NULL,"village"
3820,51822,"Ловеч",NULL,"Йоглав",NULL,"village"
3821,51824,"Ловеч",NULL,"Казачево",NULL,"village"
3822,51832,"Ловеч",NULL,"Калейца",NULL,"village"
3823,51842,"Ловеч",NULL,"Каленик",NULL,"village"
3824,51846,"Ловеч",NULL,"Карлуково",NULL,"village"
3825,51865,"Ловеч",NULL,"Катунец",NULL,"village"
3826,51873,"Ловеч",NULL,"Кирчево",NULL,"village"
3827,51885,"Ловеч",NULL,"Крушуна",NULL,"village"
3828,51903,"Ловеч",NULL,"Къкрина",NULL,"village"
3829,51905,"Ловеч",NULL,"Кърпачево",NULL,"village"
3830,51912,"Ловеч",NULL,"Лесидрен",NULL,"village"
3831,51997,"Ловеч",NULL,"Лешница",NULL,"village"
3832,52000,"Ловеч",NULL,"Лисец",NULL,"village"
3833,52014,"Ловеч",NULL,"Ломец",NULL,"village"
3834,52019,"Ловеч",NULL,"Малиново",NULL,"village"
3835,52032,"Ловеч",NULL,"Малка Желязна",NULL,"village"
3836,52034,"Ловеч",NULL,"Малък Извор",NULL,"village"
3837,52038,"Ловеч",NULL,"Микре",NULL,"village"
3838,52051,"Ловеч",NULL,"Орешене",NULL,"village"
3839,52054,"Ловеч",NULL,"Орляне",NULL,"village"
3840,52056,"Ловеч",NULL,"Патрешко",NULL,"village"
3841,52058,"Ловеч",NULL,"Петревене",NULL,"village"
3842,52072,"Ловеч",NULL,"Пещерна",NULL,"village"
3843,52078,"Ловеч",NULL,"Прелом",NULL,"village"
3844,52080,"Ловеч",NULL,"Пресяка",NULL,"village"
3845,52086,"Ловеч",NULL,"Радювене",NULL,"village"
3846,52096,"Ловеч",NULL,"Рибарица",NULL,"village"
3847,52128,"Ловеч",NULL,"Румянцево",NULL,"village"
3848,52152,"Ловеч",NULL,"Скандалото",NULL,"village"
3849,52157,"Ловеч",NULL,"Скобелево",NULL,"village"
3850,52159,"Ловеч",NULL,"Славщица",NULL,"village"
3851,52161,"Ловеч",NULL,"Славяни",NULL,"village"
3852,52175,"Ловеч",NULL,"Слатина",NULL,"village"
3853,52184,"Ловеч",NULL,"Сливек",NULL,"village"
3854,52186,"Ловеч",NULL,"Смочан",NULL,"village"
3855,52189,"Ловеч",NULL,"Соколово",NULL,"village"
3856,52191,"Ловеч",NULL,"Сопот",NULL,"village"
3857,52193,"Ловеч",NULL,"Старо Село",NULL,"village"
3858,52199,"Ловеч",NULL,"Стефаново",NULL,"village"
3859,52205,"Ловеч",NULL,"Тепава",NULL,"village"
3860,52207,"Ловеч",NULL,"Терзийско",NULL,"village"
3861,52213,"Ловеч",NULL,"Тодоричене",NULL,"village"
3862,52227,"Ловеч",NULL,"Торос",NULL,"village"
3863,52319,"Ловеч",NULL,"Умаревци",NULL,"village"
3864,52323,"Ловеч",NULL,"Хлевене",NULL,"village"
3865,52327,"Ловеч",NULL,"Чавдарци",NULL,"village"
3866,52329,"Ловеч",NULL,"Черни Вит",NULL,"village"
3867,52334,"Ловеч",NULL,"Чифлик",NULL,"village"
3868,52347,"Ловеч",NULL,"Шипково",NULL,"village"
3869,52359,"Ловеч",NULL,"Ъглен",NULL,"village"
3870,54177,"Пловдив",NULL,"Войводиново",NULL,"village"
3871,54293,"Пловдив",NULL,"Радиново",NULL,"village"
3872,55309,"Пловдив",NULL,"Труд",NULL,"village"
3873,55385,"Пловдив",NULL,"Граф Игнатиево",NULL,"village"
3874,55425,"Пловдив",NULL,"Анево",NULL,"village"
3875,55437,"Пловдив",NULL,"Ахматово",NULL,"village"
3876,55439,"Пловдив",NULL,"Бабек",NULL,"village"
3877,55441,"Пловдив",NULL,"Балкан Махала",NULL,"village"
3878,55501,"Пловдив",NULL,"Бачково",NULL,"village"
3879,55510,"Пловдив",NULL,"Бегово",NULL,"village"
3880,55513,"Пловдив",NULL,"Бегунци",NULL,"village"
3881,55517,"Пловдив",NULL,"Белащица",NULL,"village"
3882,55559,"Пловдив",NULL,"Белица",NULL,"village"
3883,55561,"Пловдив",NULL,"Беловица",NULL,"village"
3884,55564,"Пловдив",NULL,"Белозем",NULL,"village"
3885,55644,"Пловдив",NULL,"Бенковски",NULL,"village"
3886,55661,"Пловдив",NULL,"Богдан",NULL,"village"
3887,55674,"Пловдив",NULL,"Богданица",NULL,"village"
3888,55678,"Пловдив",NULL,"Бойково",NULL,"village"
3889,55680,"Пловдив",NULL,"Болярино",NULL,"village"
3890,55682,"Пловдив",NULL,"Болярци",NULL,"village"
3891,55698,"Пловдив",NULL,"Бор",NULL,"village"
3892,55700,"Пловдив",NULL,"Борец",NULL,"village"
3893,55710,"Пловдив",NULL,"Борово",NULL,"village"
3894,55712,"Пловдив",NULL,"Боянци",NULL,"village"
3895,55723,"Пловдив",NULL,"Браниполе",NULL,"village"
3896,55763,"Пловдив",NULL,"Брестник",NULL,"village"
3897,55800,"Пловдив",NULL,"Брестовица",NULL,"village"
3898,55861,"Пловдив",NULL,"Брягово",NULL,"village"
3899,55863,"Пловдив",NULL,"Буково",NULL,"village"
3900,55868,"Пловдив",NULL,"Бяла Река",NULL,"village"
3901,55879,"Пловдив",NULL,"Васил Левски",NULL,"village"
3902,55906,"Пловдив",NULL,"Ведраре",NULL,"village"
3903,55924,"Пловдив",NULL,"Виница",NULL,"village"
3904,55929,"Пловдив",NULL,"Воден",NULL,"village"
3905,55932,"Пловдив",NULL,"Войсил",NULL,"village"
3906,55951,"Пловдив",NULL,"Войнягово",NULL,"village"
3907,55969,"Пловдив",NULL,"Врата",NULL,"village"
3908,55971,"Пловдив",NULL,"Върбен",NULL,"village"
3909,55976,"Пловдив",NULL,"Главатар",NULL,"village"
3910,55978,"Пловдив",NULL,"Голям Чардак",NULL,"village"
3911,55986,"Пловдив",NULL,"Горна Махала",NULL,"village"
3912,55988,"Пловдив",NULL,"Горни Домлян",NULL,"village"
3913,55991,"Пловдив",NULL,"Горнослав",NULL,"village"
3914,55993,"Пловдив",NULL,"Градина",NULL,"village"
3915,56030,"Пловдив",NULL,"Гълъбово",NULL,"village"
3916,56036,"Пловдив",NULL,"Дедово",NULL,"village"
3917,56038,"Пловдив",NULL,"Джурково",NULL,"village"
3918,56042,"Пловдив",NULL,"Динк",NULL,"village"
3919,56048,"Пловдив",NULL,"Добралък",NULL,"village"
3920,56050,"Пловдив",NULL,"Добри Дол",NULL,"village"
3921,56053,"Пловдив",NULL,"Добростан",NULL,"village"
3922,56055,"Пловдив",NULL,"Долна Махала",NULL,"village"
3923,56062,"Пловдив",NULL,"Долнослав",NULL,"village"
3924,56065,"Пловдив",NULL,"Домлян",NULL,"village"
3925,56076,"Пловдив",NULL,"Драгойново",NULL,"village"
3926,56080,"Пловдив",NULL,"Драгомир",NULL,"village"
3927,56082,"Пловдив",NULL,"Дрангово",NULL,"village"
3928,56084,"Пловдив",NULL,"Дряново",NULL,"village"
3929,56092,"Пловдив",NULL,"Дъбене",NULL,"village"
3930,56129,"Пловдив",NULL,"Дълбок Извор",NULL,"village"
3931,56140,"Пловдив",NULL,"Дълго Поле",NULL,"village"
3932,56161,"Пловдив",NULL,"Езерово",NULL,"village"
3933,56169,"Пловдив",NULL,"Желязно",NULL,"village"
3934,56179,"Пловдив",NULL,"Житница",NULL,"village"
3935,56208,"Пловдив",NULL,"Жълт Камък",NULL,"village"
3936,56210,"Пловдив",NULL,"Здравец",NULL,"village"
3937,56212,"Пловдив",NULL,"Зелениково",NULL,"village"
3938,56217,"Пловдив",NULL,"Златитрап",NULL,"village"
3939,56241,"Пловдив",NULL,"Златовръх",NULL,"village"
3940,56245,"Пловдив",NULL,"Златосел",NULL,"village"
3941,56247,"Пловдив",NULL,"Иван Вазово",NULL,"village"
3942,56252,"Пловдив",NULL,"Иганово",NULL,"village"
3943,56259,"Пловдив",NULL,"Избеглии",NULL,"village"
3944,56261,"Пловдив",NULL,"Извор",NULL,"village"
3945,56265,"Пловдив",NULL,"Искра",NULL,"village"
3946,56277,"Пловдив",NULL,"Йоаким Груево",NULL,"village"
3947,56313,"Пловдив",NULL,"Кадиево",NULL,"village"
3948,56333,"Пловдив",NULL,"Калековец",NULL,"village"
3949,56370,"Пловдив",NULL,"Калояново",NULL,"village"
3950,56416,"Пловдив",NULL,"Каравелово",NULL,"village"
3951,56436,"Пловдив",NULL,"Караджалово",NULL,"village"
3952,56446,"Пловдив",NULL,"Караджово",NULL,"village"
3953,56458,"Пловдив",NULL,"Катуница",NULL,"village"
3954,56501,"Пловдив",NULL,"Климент",NULL,"village"
3955,56520,"Пловдив",NULL,"Козаново",NULL,"village"
3956,56531,"Пловдив",NULL,"Конуш",NULL,"village"
3957,56534,"Пловдив",NULL,"Косово",NULL,"village"
3958,56536,"Пловдив",NULL,"Костиево",NULL,"village"
3959,56574,"Пловдив",NULL,"Кочево",NULL,"village"
3960,56581,"Пловдив",NULL,"Красново",NULL,"village"
3961,56590,"Пловдив",NULL,"Крислово",NULL,"village"
3962,56601,"Пловдив",NULL,"Крумово",NULL,"village"
3963,56657,"Пловдив",NULL,"Крушево",NULL,"village"
3964,56663,"Пловдив",NULL,"Крушово",NULL,"village"
3965,56665,"Пловдив",NULL,"Кръстевич",NULL,"village"
3966,56764,"Пловдив",NULL,"Куртово",NULL,"village"
3967,56768,"Пловдив",NULL,"Куртово Конаре",NULL,"village"
3968,56819,"Пловдив",NULL,"Кърнаре",NULL,"village"
3969,56837,"Пловдив",NULL,"Леново",NULL,"village"
3970,56839,"Пловдив",NULL,"Лилково",NULL,"village"
3971,56841,"Пловдив",NULL,"Лъкавица",NULL,"village"
3972,56862,"Пловдив",NULL,"Любен",NULL,"village"
3973,56864,"Пловдив",NULL,"Лясково",NULL,"village"
3974,56867,"Пловдив",NULL,"Мало Крушево",NULL,"village"
3975,56870,"Пловдив",NULL,"Малък Чардак",NULL,"village"
3976,56876,"Пловдив",NULL,"Манастир",NULL,"village"
3977,56878,"Пловдив",NULL,"Маноле",NULL,"village"
3978,56908,"Пловдив",NULL,"Манолско Конаре",NULL,"village"
3979,56914,"Пловдив",NULL,"Марино Поле",NULL,"village"
3980,56917,"Пловдив",NULL,"Марково",NULL,"village"
3981,56969,"Пловдив",NULL,"Михилци",NULL,"village"
3982,56971,"Пловдив",NULL,"Момино Село",NULL,"village"
3983,56977,"Пловдив",NULL,"Моминско",NULL,"village"
3984,56980,"Пловдив",NULL,"Московец",NULL,"village"
3985,56982,"Пловдив",NULL,"Мостово",NULL,"village"
3986,56984,"Пловдив",NULL,"Мраченик",NULL,"village"
3987,56986,"Пловдив",NULL,"Мулдава",NULL,"village"
3988,56999,"Пловдив",NULL,"Мътеница",NULL,"village"
3989,57004,"Пловдив",NULL,"Найден Герово",NULL,"village"
3990,57008,"Пловдив",NULL,"Нареченски Бани",NULL,"village"
3991,57020,"Пловдив",NULL,"Неделево",NULL,"village"
3992,57026,"Пловдив",NULL,"Новаково",NULL,"village"
3993,57029,"Пловдив",NULL,"Нови Извор",NULL,"village"
3994,57031,"Пловдив",NULL,"Ново Железаре",NULL,"village"
3995,57034,"Пловдив",NULL,"Ново Село",NULL,"village"
3996,57071,"Пловдив",NULL,"Орешец",NULL,"village"
3997,57073,"Пловдив",NULL,"Оризари",NULL,"village"
3998,57081,"Пловдив",NULL,"Отец Кирилово",NULL,"village"
3999,57087,"Пловдив",NULL,"Отец Паисиево",NULL,"village"
4000,57089,"Пловдив",NULL,"Паничери",NULL,"village"
4001,57095,"Пловдив",NULL,"Патриарх Евтимово",NULL,"village"
4002,57097,"Пловдив",NULL,"Певците",NULL,"village"
4003,57099,"Пловдив",NULL,"Песнопой",NULL,"village"
4004,57104,"Пловдив",NULL,"Поповица",NULL,"village"
4005,57128,"Пловдив",NULL,"Поройна",NULL,"village"
4006,57130,"Пловдив",NULL,"Правище",NULL,"village"
4007,57133,"Пловдив",NULL,"Православен",NULL,"village"
4008,57137,"Пловдив",NULL,"Пролом",NULL,"village"
4009,57142,"Пловдив",NULL,"Пъдарско",NULL,"village"
4010,57150,"Пловдив",NULL,"Първенец",NULL,"village"
4011,57211,"Пловдив",NULL,"Рогош",NULL,"village"
4012,57246,"Пловдив",NULL,"Розино",NULL,"village"
4013,57286,"Пловдив",NULL,"Розовец",NULL,"village"
4014,57289,"Пловдив",NULL,"Руен",NULL,"village"
4015,57293,"Пловдив",NULL,"Ръжево",NULL,"village"
4016,57295,"Пловдив",NULL,"Ръжево Конаре",NULL,"village"
4017,57322,"Пловдив",NULL,"Свежен",NULL,"village"
4018,57324,"Пловдив",NULL,"Селци",NULL,"village"
4019,57331,"Пловдив",NULL,"Сини Връх",NULL,"village"
4020,57333,"Пловдив",NULL,"Ситово",NULL,"village"
4021,57335,"Пловдив",NULL,"Скобелево",NULL,"village"
4022,57338,"Пловдив",NULL,"Скутаре",NULL,"village"
4023,57373,"Пловдив",NULL,"Слатина",NULL,"village"
4024,57383,"Пловдив",NULL,"Соколица",NULL,"village"
4025,57391,"Пловдив",NULL,"Старо Железаре",NULL,"village"
4026,57395,"Пловдив",NULL,"Старосел",NULL,"village"
4027,57413,"Пловдив",NULL,"Стоево",NULL,"village"
4028,57416,"Пловдив",NULL,"Столетово",NULL,"village"
4029,57425,"Пловдив",NULL,"Стрелци",NULL,"village"
4030,57432,"Пловдив",NULL,"Строево",NULL,"village"
4031,57460,"Пловдив",NULL,"Стряма",NULL,"village"
4032,57526,"Пловдив",NULL,"Сухозем",NULL,"village"
4033,57528,"Пловдив",NULL,"Сърнегор",NULL,"village"
4034,57530,"Пловдив",NULL,"Татарево",NULL,"village"
4035,57535,"Пловдив",NULL,"Тополово",NULL,"village"
4036,57572,"Пловдив",NULL,"Три Могили",NULL,"village"
4037,57574,"Пловдив",NULL,"Триводици",NULL,"village"
4038,57589,"Пловдив",NULL,"Трилистник",NULL,"village"
4039,57597,"Пловдив",NULL,"Тюркмен",NULL,"village"
4040,57599,"Пловдив",NULL,"Узуново",NULL,"village"
4041,57601,"Пловдив",NULL,"Устина",NULL,"village"
4042,57638,"Пловдив",NULL,"Храбрино",NULL,"village"
4043,57649,"Пловдив",NULL,"Христо Даново",NULL,"village"
4044,57660,"Пловдив",NULL,"Милево",NULL,"village"
4045,57666,"Пловдив",NULL,"Цалапица",NULL,"village"
4046,57735,"Пловдив",NULL,"Цар Калоян",NULL,"village"
4047,57737,"Пловдив",NULL,"Царацово",NULL,"village"
4048,57778,"Пловдив",NULL,"Царимир",NULL,"village"
4049,57798,"Пловдив",NULL,"Церетелево",NULL,"village"
4050,57811,"Пловдив",NULL,"Червен",NULL,"village"
4051,57822,"Пловдив",NULL,"Черничево",NULL,"village"
4052,57827,"Пловдив",NULL,"Черноземен",NULL,"village"
4053,57834,"Пловдив",NULL,"Чешнегирово",NULL,"village"
4054,57870,"Пловдив",NULL,"Чоба",NULL,"village"
4055,57898,"Пловдив",NULL,"Чурен",NULL,"village"
4056,57900,"Пловдив",NULL,"Шишманци",NULL,"village"
4057,57916,"Пловдив",NULL,"Югово",NULL,"village"
4058,57918,"Пловдив",NULL,"Яврово",NULL,"village"
4059,57921,"Пловдив",NULL,"Ягодово",NULL,"village"
4060,57977,"Пловдив",NULL,"Ясно Поле",NULL,"village"
4061,59004,"Перник",NULL,"Драгичево",NULL,"village"
4062,59047,"Перник",NULL,"Арзан",NULL,"village"
4063,59049,"Перник",NULL,"Бабица",NULL,"village"
4064,59051,"Перник",NULL,"Байкалско",NULL,"village"
4065,59053,"Перник",NULL,"Банище",NULL,"village"
4066,59055,"Перник",NULL,"Банкя",NULL,"village"
4067,59057,"Перник",NULL,"Бегуновци",NULL,"village"
4068,59058,"Перник",NULL,"Беланица",NULL,"village"
4069,59060,"Перник",NULL,"Берайнци",NULL,"village"
4070,59062,"Перник",NULL,"Беренде",NULL,"village"
4071,59064,"Перник",NULL,"Билинци",NULL,"village"
4072,59066,"Перник",NULL,"Блатешница",NULL,"village"
4073,59068,"Перник",NULL,"Бобораци",NULL,"village"
4074,59070,"Перник",NULL,"Богданов Дол",NULL,"village"
4075,59075,"Перник",NULL,"Богойна",NULL,"village"
4076,59077,"Перник",NULL,"Борнарево",NULL,"village"
4077,59079,"Перник",NULL,"Боснек",NULL,"village"
4078,59081,"Перник",NULL,"Бохова",NULL,"village"
4079,59083,"Перник",NULL,"Брезнишки Извор",NULL,"village"
4080,59085,"Перник",NULL,"Брусник",NULL,"village"
4081,59087,"Перник",NULL,"Бусинци",NULL,"village"
4082,59089,"Перник",NULL,"Бутроинци",NULL,"village"
4083,59091,"Перник",NULL,"Велиново",NULL,"village"
4084,59093,"Перник",NULL,"Велковци",NULL,"village"
4085,59095,"Перник",NULL,"Видрар",NULL,"village"
4086,59097,"Перник",NULL,"Видрица",NULL,"village"
4087,59099,"Перник",NULL,"Вискяр",NULL,"village"
4088,59101,"Перник",NULL,"Витановци",NULL,"village"
4089,59103,"Перник",NULL,"Владимир",NULL,"village"
4090,59105,"Перник",NULL,"Врабча",NULL,"village"
4091,59107,"Перник",NULL,"Враня Стена",NULL,"village"
4092,59109,"Перник",NULL,"Вукан",NULL,"village"
4093,59111,"Перник",NULL,"Габров Дол",NULL,"village"
4094,59113,"Перник",NULL,"Гигинци",NULL,"village"
4095,59117,"Перник",NULL,"Главановци",NULL,"village"
4096,59119,"Перник",NULL,"Глоговица",NULL,"village"
4097,59121,"Перник",NULL,"Гоз",NULL,"village"
4098,59123,"Перник",NULL,"Големо Бучино",NULL,"village"
4099,59139,"Перник",NULL,"Горна Диканя",NULL,"village"
4100,59143,"Перник",NULL,"Горна Секирна",NULL,"village"
4101,59145,"Перник",NULL,"Горни Романци",NULL,"village"
4102,59147,"Перник",NULL,"Горочевци",NULL,"village"
4103,59149,"Перник",NULL,"Гълъбник",NULL,"village"
4104,59151,"Перник",NULL,"Гърло",NULL,"village"
4105,59153,"Перник",NULL,"Дебели Лаг",NULL,"village"
4106,59157,"Перник",NULL,"Дивля",NULL,"village"
4107,59159,"Перник",NULL,"Дивотино",NULL,"village"
4108,59176,"Перник",NULL,"Докьовци",NULL,"village"
4109,59178,"Перник",NULL,"Долна Врабча",NULL,"village"
4110,59180,"Перник",NULL,"Долна Диканя",NULL,"village"
4111,59182,"Перник",NULL,"Долна Мелна",NULL,"village"
4112,59184,"Перник",NULL,"Долна Секирна",NULL,"village"
4113,59186,"Перник",NULL,"Долни Раковец",NULL,"village"
4114,59188,"Перник",NULL,"Долни Романци",NULL,"village"
4115,59190,"Перник",NULL,"Драгомирово",NULL,"village"
4116,59192,"Перник",NULL,"Дрен",NULL,"village"
4117,59205,"Перник",NULL,"Друган",NULL,"village"
4118,59207,"Перник",NULL,"Душинци",NULL,"village"
4119,59209,"Перник",NULL,"Дълга Лука",NULL,"village"
4120,59211,"Перник",NULL,"Егълница",NULL,"village"
4121,59213,"Перник",NULL,"Ездимирци",NULL,"village"
4122,59215,"Перник",NULL,"Еловдол",NULL,"village"
4123,59217,"Перник",NULL,"Еловица",NULL,"village"
4124,59219,"Перник",NULL,"Ерул",NULL,"village"
4125,59221,"Перник",NULL,"Жабляно",NULL,"village"
4126,59223,"Перник",NULL,"Жедна",NULL,"village"
4127,59225,"Перник",NULL,"Житуша",NULL,"village"
4128,59227,"Перник",NULL,"Забел",NULL,"village"
4129,59229,"Перник",NULL,"Завала",NULL,"village"
4130,59231,"Перник",NULL,"Зелениград",NULL,"village"
4131,59266,"Перник",NULL,"Зидарци",NULL,"village"
4132,59268,"Перник",NULL,"Извор",NULL,"village"
4133,59270,"Перник",NULL,"Калище",NULL,"village"
4134,59272,"Перник",NULL,"Калотинци",NULL,"village"
4135,59274,"Перник",NULL,"Касилаг",NULL,"village"
4136,59276,"Перник",NULL,"Кладница",NULL,"village"
4137,59306,"Перник",NULL,"Кленовик",NULL,"village"
4138,59308,"Перник",NULL,"Ковачевци",NULL,"village"
4139,59311,"Перник",NULL,"Кожинци",NULL,"village"
4140,59313,"Перник",NULL,"Кондофрей",NULL,"village"
4141,59315,"Перник",NULL,"Конска",NULL,"village"
4142,59317,"Перник",NULL,"Копаница",NULL,"village"
4143,59319,"Перник",NULL,"Косача",NULL,"village"
4144,59321,"Перник",NULL,"Костуринци",NULL,"village"
4145,59323,"Перник",NULL,"Кошарево",NULL,"village"
4146,59325,"Перник",NULL,"Кошарите",NULL,"village"
4147,59334,"Перник",NULL,"Красава",NULL,"village"
4148,59336,"Перник",NULL,"Кривонос",NULL,"village"
4149,59338,"Перник",NULL,"Къшле",NULL,"village"
4150,59340,"Перник",NULL,"Лева Река",NULL,"village"
4151,59343,"Перник",NULL,"Лесковец",NULL,"village"
4152,59346,"Перник",NULL,"Лешниковци",NULL,"village"
4153,59348,"Перник",NULL,"Лобош",NULL,"village"
4154,59350,"Перник",NULL,"Ломница",NULL,"village"
4155,59352,"Перник",NULL,"Люлин",NULL,"village"
4156,59363,"Перник",NULL,"Лялинци",NULL,"village"
4157,59365,"Перник",NULL,"Мещица",NULL,"village"
4158,59378,"Перник",NULL,"Милкьовци",NULL,"village"
4159,59380,"Перник",NULL,"Милославци",NULL,"village"
4160,59382,"Перник",NULL,"Мракетинци",NULL,"village"
4161,59384,"Перник",NULL,"Мрамор",NULL,"village"
4162,59386,"Перник",NULL,"Мурено",NULL,"village"
4163,59388,"Перник",NULL,"Муртинци",NULL,"village"
4164,59390,"Перник",NULL,"Насалевци",NULL,"village"
4165,59392,"Перник",NULL,"Негованци",NULL,"village"
4166,59395,"Перник",NULL,"Неделково",NULL,"village"
4167,59397,"Перник",NULL,"Непразненци",NULL,"village"
4168,59399,"Перник",NULL,"Николаево",NULL,"village"
4169,59401,"Перник",NULL,"Ноевци",NULL,"village"
4170,59404,"Перник",NULL,"Одраница",NULL,"village"
4171,59406,"Перник",NULL,"Озърновци",NULL,"village"
4172,59408,"Перник",NULL,"Падине",NULL,"village"
4173,59410,"Перник",NULL,"Парамун",NULL,"village"
4174,59412,"Перник",NULL,"Пенкьовци",NULL,"village"
4175,59414,"Перник",NULL,"Поцърненци",NULL,"village"
4176,59416,"Перник",NULL,"Прибой",NULL,"village"
4177,59418,"Перник",NULL,"Проданча",NULL,"village"
4178,59420,"Перник",NULL,"Радибош",NULL,"village"
4179,59422,"Перник",NULL,"Радово",NULL,"village"
4180,59424,"Перник",NULL,"Радуй",NULL,"village"
4181,59427,"Перник",NULL,"Ракиловци",NULL,"village"
4182,59429,"Перник",NULL,"Рани Луг",NULL,"village"
4183,59431,"Перник",NULL,"Расник",NULL,"village"
4184,59434,"Перник",NULL,"Раянци",NULL,"village"
4185,59436,"Перник",NULL,"Ребро",NULL,"village"
4186,59438,"Перник",NULL,"Режанци",NULL,"village"
4187,59440,"Перник",NULL,"Реяновци",NULL,"village"
4188,59442,"Перник",NULL,"Рударци",NULL,"village"
4189,59489,"Перник",NULL,"Ръжавец",NULL,"village"
4190,59493,"Перник",NULL,"Светля",NULL,"village"
4191,59495,"Перник",NULL,"Селищен Дол",NULL,"village"
4192,59497,"Перник",NULL,"Сирищник",NULL,"village"
4193,59499,"Перник",NULL,"Слаковци",NULL,"village"
4194,59501,"Перник",NULL,"Слатино",NULL,"village"
4195,59503,"Перник",NULL,"Слишовци",NULL,"village"
4196,59505,"Перник",NULL,"Смиров Дол",NULL,"village"
4197,59507,"Перник",NULL,"Сопица",NULL,"village"
4198,59509,"Перник",NULL,"Стайчовци",NULL,"village"
4199,59511,"Перник",NULL,"Станьовци",NULL,"village"
4200,59513,"Перник",NULL,"Старо Село",NULL,"village"
4201,59515,"Перник",NULL,"Стефаново",NULL,"village"
4202,59517,"Перник",NULL,"Стрезимировци",NULL,"village"
4203,59519,"Перник",NULL,"Студен Извор",NULL,"village"
4204,59521,"Перник",NULL,"Студена",NULL,"village"
4205,59548,"Перник",NULL,"Туроковци",NULL,"village"
4206,59550,"Перник",NULL,"Углярци",NULL,"village"
4207,59552,"Перник",NULL,"Филиповци",NULL,"village"
4208,59555,"Перник",NULL,"Цегриловци",NULL,"village"
4209,59557,"Перник",NULL,"Чепино",NULL,"village"
4210,59559,"Перник",NULL,"Червена Могила",NULL,"village"
4211,59563,"Перник",NULL,"Чуковец",NULL,"village"
4212,59565,"Перник",NULL,"Шипковица",NULL,"village"
4213,59567,"Перник",NULL,"Ярджиловци",NULL,"village"
4214,59575,"Перник",NULL,"Ярловци",NULL,"village"
4215,59577,"Перник",NULL,"Ярославци",NULL,"village"
4216,59579,"Перник",NULL,"Планиница",NULL,"village"
4217,59581,"Перник",NULL,"Черна Гора",NULL,"village"
4218,59585,"Перник",NULL,"Пещера",NULL,"village"
4219,59913,"Кърджали",NULL,"Кирково",NULL,"village"
4220,60075,"Кърджали",NULL,"Черноочене",NULL,"village"
4221,60087,"Кърджали",NULL,"Аврамово",NULL,"village"
4222,60089,"Кърджали",NULL,"Аврен",NULL,"village"
4223,60091,"Кърджали",NULL,"Айрово",NULL,"village"
4224,60098,"Кърджали",NULL,"Ауста",NULL,"village"
4225,60100,"Кърджали",NULL,"Ахрянско",NULL,"village"
4226,60102,"Кърджали",NULL,"Багра",NULL,"village"
4227,60104,"Кърджали",NULL,"Багрилци",NULL,"village"
4228,60106,"Кърджали",NULL,"Багрянка",NULL,"village"
4229,60108,"Кърджали",NULL,"Бакалите",NULL,"village"
4230,60110,"Кърджали",NULL,"Балабаново",NULL,"village"
4231,60112,"Кърджали",NULL,"Бараци",NULL,"village"
4232,60114,"Кърджали",NULL,"Башево",NULL,"village"
4233,60116,"Кърджали",NULL,"Бащино",NULL,"village"
4234,60120,"Кърджали",NULL,"Безводно",NULL,"village"
4235,60122,"Кърджали",NULL,"Бели Вир",NULL,"village"
4236,60124,"Кърджали",NULL,"Бели Пласт",NULL,"village"
4237,60128,"Кърджали",NULL,"Бенковски",NULL,"village"
4238,60148,"Кърджали",NULL,"Беснурка",NULL,"village"
4239,60150,"Кърджали",NULL,"Биволяне",NULL,"village"
4240,60152,"Кърджали",NULL,"Бистроглед",NULL,"village"
4241,60154,"Кърджали",NULL,"Благун",NULL,"village"
4242,60156,"Кърджали",NULL,"Бленика",NULL,"village"
4243,60158,"Кърджали",NULL,"Божак",NULL,"village"
4244,60160,"Кърджали",NULL,"Божурци",NULL,"village"
4245,60162,"Кърджали",NULL,"Бойник",NULL,"village"
4246,60164,"Кърджали",NULL,"Бойно",NULL,"village"
4247,60166,"Кърджали",NULL,"Болярци",NULL,"village"
4248,60170,"Кърджали",NULL,"Боровица",NULL,"village"
4249,60172,"Кърджали",NULL,"Боровско",NULL,"village"
4250,60174,"Кърджали",NULL,"Босилица",NULL,"village"
4251,60176,"Кърджали",NULL,"Бостанци",NULL,"village"
4252,60178,"Кърджали",NULL,"Брезен",NULL,"village"
4253,60180,"Кърджали",NULL,"Брош",NULL,"village"
4254,60182,"Кърджали",NULL,"Бряговец",NULL,"village"
4255,60184,"Кърджали",NULL,"Бук",NULL,"village"
4256,60186,"Кърджали",NULL,"Бърза Река",NULL,"village"
4257,60188,"Кърджали",NULL,"Бял Извор",NULL,"village"
4258,60195,"Кърджали",NULL,"Бяла Поляна",NULL,"village"
4259,60197,"Кърджали",NULL,"Бялка",NULL,"village"
4260,60199,"Кърджали",NULL,"Велешани",NULL,"village"
4261,60201,"Кърджали",NULL,"Великденче",NULL,"village"
4262,60204,"Кърджали",NULL,"Верско",NULL,"village"
4263,60206,"Кърджали",NULL,"Висока",NULL,"village"
4264,60208,"Кърджали",NULL,"Висока Поляна",NULL,"village"
4265,60210,"Кърджали",NULL,"Вишеград",NULL,"village"
4266,60212,"Кърджали",NULL,"Водач",NULL,"village"
4267,60214,"Кърджали",NULL,"Воденичарско",NULL,"village"
4268,60216,"Кърджали",NULL,"Вождово",NULL,"village"
4269,60218,"Кърджали",NULL,"Войново",NULL,"village"
4270,60220,"Кърджали",NULL,"Воловарци",NULL,"village"
4271,60222,"Кърджали",NULL,"Вранско",NULL,"village"
4272,60224,"Кърджали",NULL,"Врело",NULL,"village"
4273,60226,"Кърджали",NULL,"Възел",NULL,"village"
4274,60228,"Кърджали",NULL,"Върбен",NULL,"village"
4275,60232,"Кърджали",NULL,"Върбенци",NULL,"village"
4276,60234,"Кърджали",NULL,"Върли Дол",NULL,"village"
4277,60236,"Кърджали",NULL,"Върхари",NULL,"village"
4278,60238,"Кърджали",NULL,"Габрово",NULL,"village"
4279,60240,"Кърджали",NULL,"Генерал Гешево",NULL,"village"
4280,60242,"Кърджали",NULL,"Главатарци",NULL,"village"
4281,60244,"Кърджали",NULL,"Глухар",NULL,"village"
4282,60251,"Кърджали",NULL,"Гняздово",NULL,"village"
4283,60253,"Кърджали",NULL,"Голобрад",NULL,"village"
4284,60255,"Кърджали",NULL,"Голям Девесил",NULL,"village"
4285,60257,"Кърджали",NULL,"Голяма Бара",NULL,"village"
4286,60259,"Кърджали",NULL,"Голяма Чинка",NULL,"village"
4287,60261,"Кърджали",NULL,"Голямо Каменяне",NULL,"village"
4288,60263,"Кърджали",NULL,"Горна Крепост",NULL,"village"
4289,60265,"Кърджали",NULL,"Горна Кула",NULL,"village"
4290,60267,"Кърджали",NULL,"Горни Юруци",NULL,"village"
4291,60269,"Кърджали",NULL,"Горно Къпиново",NULL,"village"
4292,60273,"Кърджали",NULL,"Горно Прахово",NULL,"village"
4293,60275,"Кърджали",NULL,"Горски Извор",NULL,"village"
4294,60277,"Кърджали",NULL,"Гривка",NULL,"village"
4295,60279,"Кърджали",NULL,"Гривяк",NULL,"village"
4296,60281,"Кърджали",NULL,"Груево",NULL,"village"
4297,60283,"Кърджали",NULL,"Гулийка",NULL,"village"
4298,60285,"Кърджали",NULL,"Гулия",NULL,"village"
4299,60287,"Кърджали",NULL,"Гургулица",NULL,"village"
4300,60289,"Кърджали",NULL,"Гърбище",NULL,"village"
4301,60291,"Кърджали",NULL,"Гъсково",NULL,"village"
4302,60293,"Кърджали",NULL,"Даскалово",NULL,"village"
4303,60295,"Кърджали",NULL,"Девесилица",NULL,"village"
4304,60297,"Кърджали",NULL,"Девесилово",NULL,"village"
4305,60299,"Кърджали",NULL,"Девинци",NULL,"village"
4306,60302,"Кърджали",NULL,"Дедец",NULL,"village"
4307,60304,"Кърджали",NULL,"Делвино",NULL,"village"
4308,60306,"Кърджали",NULL,"Джанка",NULL,"village"
4309,60308,"Кърджали",NULL,"Джелепско",NULL,"village"
4310,60310,"Кърджали",NULL,"Джерово",NULL,"village"
4311,60312,"Кърджали",NULL,"Доборско",NULL,"village"
4312,60314,"Кърджали",NULL,"Добриново",NULL,"village"
4313,60316,"Кърджали",NULL,"Добринци",NULL,"village"
4314,60318,"Кърджали",NULL,"Добромирци",NULL,"village"
4315,60320,"Кърджали",NULL,"Дойранци",NULL,"village"
4316,60322,"Кърджали",NULL,"Долище",NULL,"village"
4317,60324,"Кърджали",NULL,"Долна Крепост",NULL,"village"
4318,60326,"Кърджали",NULL,"Долна Кула",NULL,"village"
4319,60328,"Кърджали",NULL,"Долни Юруци",NULL,"village"
4320,60330,"Кърджали",NULL,"Долно Къпиново",NULL,"village"
4321,60334,"Кърджали",NULL,"Долно Прахово",NULL,"village"
4322,60336,"Кърджали",NULL,"Домище",NULL,"village"
4323,60340,"Кърджали",NULL,"Драганово",NULL,"village"
4324,60344,"Кърджали",NULL,"Дрангово",NULL,"village"
4325,60346,"Кърджали",NULL,"Дружинци",NULL,"village"
4326,60350,"Кърджали",NULL,"Друмче",NULL,"village"
4327,60352,"Кърджали",NULL,"Дрянова Глава",NULL,"village"
4328,60354,"Кърджали",NULL,"Душинково",NULL,"village"
4329,60356,"Кърджали",NULL,"Душка",NULL,"village"
4330,60358,"Кърджали",NULL,"Дъждино",NULL,"village"
4331,60360,"Кърджали",NULL,"Дъждовник",NULL,"village"
4332,60362,"Кърджали",NULL,"Дъждовница",NULL,"village"
4333,60364,"Кърджали",NULL,"Дънгово",NULL,"village"
4334,60366,"Кърджали",NULL,"Дюлица",NULL,"village"
4335,60368,"Кърджали",NULL,"Дядовско",NULL,"village"
4336,60370,"Кърджали",NULL,"Дядовци",NULL,"village"
4337,60372,"Кърджали",NULL,"Егрек",NULL,"village"
4338,60375,"Кърджали",NULL,"Енчец",NULL,"village"
4339,60377,"Кърджали",NULL,"Еровете",NULL,"village"
4340,60379,"Кърджали",NULL,"Железник",NULL,"village"
4341,60381,"Кърджали",NULL,"Желъдово",NULL,"village"
4342,60383,"Кърджали",NULL,"Женда",NULL,"village"
4343,60385,"Кърджали",NULL,"Жинзифово",NULL,"village"
4344,60387,"Кърджали",NULL,"Житарник",NULL,"village"
4345,60389,"Кърджали",NULL,"Житница",NULL,"village"
4346,60393,"Кърджали",NULL,"Жълти Рид",NULL,"village"
4347,60395,"Кърджали",NULL,"Жълтика",NULL,"village"
4348,60397,"Кърджали",NULL,"Жълтуша",NULL,"village"
4349,60401,"Кърджали",NULL,"Загорски",NULL,"village"
4350,60403,"Кърджали",NULL,"Загорско",NULL,"village"
4351,60405,"Кърджали",NULL,"Зайчино",NULL,"village"
4352,60407,"Кърджали",NULL,"Звездел",NULL,"village"
4353,60409,"Кърджали",NULL,"Звезделина",NULL,"village"
4354,60414,"Кърджали",NULL,"Звиница",NULL,"village"
4355,60416,"Кърджали",NULL,"Звънарка",NULL,"village"
4356,60419,"Кърджали",NULL,"Звъника",NULL,"village"
4357,60423,"Кърджали",NULL,"Здравчец",NULL,"village"
4358,60425,"Кърджали",NULL,"Зелениково",NULL,"village"
4359,60427,"Кърджали",NULL,"Зимзелен",NULL,"village"
4360,60429,"Кърджали",NULL,"Зиморница",NULL,"village"
4361,60431,"Кърджали",NULL,"Златолист",NULL,"village"
4362,60433,"Кърджали",NULL,"Зорница",NULL,"village"
4363,60435,"Кърджали",NULL,"Иванци",NULL,"village"
4364,60437,"Кърджали",NULL,"Илийско",NULL,"village"
4365,60439,"Кърджали",NULL,"Илиница",NULL,"village"
4366,60441,"Кърджали",NULL,"Искра",NULL,"village"
4367,60443,"Кърджали",NULL,"Йончово",NULL,"village"
4368,60445,"Кърджали",NULL,"Каблешково",NULL,"village"
4369,60447,"Кърджали",NULL,"Калайджиево",NULL,"village"
4370,60449,"Кърджали",NULL,"Калинка",NULL,"village"
4371,60451,"Кърджали",NULL,"Калоянци",NULL,"village"
4372,60453,"Кърджали",NULL,"Каменарци",NULL,"village"
4373,60455,"Кърджали",NULL,"Каменка",NULL,"village"
4374,60457,"Кърджали",NULL,"Кандилка",NULL,"village"
4375,60459,"Кърджали",NULL,"Каняк",NULL,"village"
4376,60461,"Кърджали",NULL,"Карамфил",NULL,"village"
4377,60463,"Кърджали",NULL,"Качулка",NULL,"village"
4378,60465,"Кърджали",NULL,"Каялоба",NULL,"village"
4379,60467,"Кърджали",NULL,"Китна",NULL,"village"
4380,60469,"Кърджали",NULL,"Китница",NULL,"village"
4381,60471,"Кърджали",NULL,"Кобиляне",NULL,"village"
4382,60473,"Кърджали",NULL,"Ковил",NULL,"village"
4383,60475,"Кърджали",NULL,"Кожухарци",NULL,"village"
4384,60477,"Кърджали",NULL,"Козица",NULL,"village"
4385,60479,"Кърджали",NULL,"Козлево",NULL,"village"
4386,60481,"Кърджали",NULL,"Кокиче",NULL,"village"
4387,60483,"Кърджали",NULL,"Кокошане",NULL,"village"
4388,60485,"Кърджали",NULL,"Комунига",NULL,"village"
4389,60494,"Кърджали",NULL,"Конево",NULL,"village"
4390,60496,"Кърджали",NULL,"Контил",NULL,"village"
4391,60498,"Кърджали",NULL,"Конче",NULL,"village"
4392,60500,"Кърджали",NULL,"Копитник",NULL,"village"
4393,60502,"Кърджали",NULL,"Кос",NULL,"village"
4394,60504,"Кърджали",NULL,"Костино",NULL,"village"
4395,60506,"Кърджали",NULL,"Котлари",NULL,"village"
4396,60508,"Кърджали",NULL,"Крайно Село",NULL,"village"
4397,60510,"Кърджали",NULL,"Кран",NULL,"village"
4398,60512,"Кърджали",NULL,"Красино",NULL,"village"
4399,60514,"Кърджали",NULL,"Кременец",NULL,"village"
4400,60516,"Кърджали",NULL,"Крин",NULL,"village"
4401,60518,"Кърджали",NULL,"Кроячево",NULL,"village"
4402,60520,"Кърджали",NULL,"Крушевска",NULL,"village"
4403,60522,"Кърджали",NULL,"Крушка",NULL,"village"
4404,60524,"Кърджали",NULL,"Кукуряк",NULL,"village"
4405,60526,"Кърджали",NULL,"Купците",NULL,"village"
4406,60528,"Кърджали",NULL,"Куцово",NULL,"village"
4407,60530,"Кърджали",NULL,"Къклица",NULL,"village"
4408,60532,"Кърджали",NULL,"Кърчовско",NULL,"village"
4409,60534,"Кърджали",NULL,"Кьосево",NULL,"village"
4410,60536,"Кърджали",NULL,"Лале",NULL,"village"
4411,60538,"Кърджали",NULL,"Латинка",NULL,"village"
4412,60540,"Кърджали",NULL,"Лебед",NULL,"village"
4413,60542,"Кърджали",NULL,"Ленище",NULL,"village"
4414,60544,"Кърджали",NULL,"Летовник",NULL,"village"
4415,60546,"Кърджали",NULL,"Лещарка",NULL,"village"
4416,60548,"Кърджали",NULL,"Лимец",NULL,"village"
4417,60550,"Кърджали",NULL,"Лисиците",NULL,"village"
4418,60552,"Кърджали",NULL,"Лозенградци",NULL,"village"
4419,60554,"Кърджали",NULL,"Луличка",NULL,"village"
4420,60556,"Кърджали",NULL,"Лъвово",NULL,"village"
4421,60558,"Кърджали",NULL,"Любино",NULL,"village"
4422,60560,"Кърджали",NULL,"Люляково",NULL,"village"
4423,60562,"Кърджали",NULL,"Лясково",NULL,"village"
4424,60564,"Кърджали",NULL,"Майсторово",NULL,"village"
4425,60566,"Кърджали",NULL,"Мак",NULL,"village"
4426,60568,"Кърджали",NULL,"Македонци",NULL,"village"
4427,60570,"Кърджали",NULL,"Малка Чинка",NULL,"village"
4428,60572,"Кърджали",NULL,"Малко Каменяне",NULL,"village"
4429,60574,"Кърджали",NULL,"Малкоч",NULL,"village"
4430,60576,"Кърджали",NULL,"Малък Девeсил",NULL,"village"
4431,60578,"Кърджали",NULL,"Мартино",NULL,"village"
4432,60580,"Кърджали",NULL,"Медевци",NULL,"village"
4433,60582,"Кърджали",NULL,"Метлика",NULL,"village"
4434,60584,"Кърджали",NULL,"Метличина",NULL,"village"
4435,60586,"Кърджали",NULL,"Метличка",NULL,"village"
4436,60588,"Кърджали",NULL,"Миладиново",NULL,"village"
4437,60590,"Кърджали",NULL,"Минзухар",NULL,"village"
4438,60592,"Кърджали",NULL,"Мишевско",NULL,"village"
4439,60595,"Кърджали",NULL,"Млечино",NULL,"village"
4440,60597,"Кърджали",NULL,"Могиляне",NULL,"village"
4441,60601,"Кърджали",NULL,"Момина Сълза",NULL,"village"
4442,60603,"Кърджали",NULL,"Морянци",NULL,"village"
4443,60605,"Кърджали",NULL,"Мост",NULL,"village"
4444,60608,"Кърджали",NULL,"Мрежичко",NULL,"village"
4445,60610,"Кърджали",NULL,"Мурга",NULL,"village"
4446,60612,"Кърджали",NULL,"Мургово",NULL,"village"
4447,60614,"Кърджали",NULL,"Мусево",NULL,"village"
4448,60616,"Кърджали",NULL,"Мъглене",NULL,"village"
4449,60618,"Кърджали",NULL,"Мъдрец",NULL,"village"
4450,60621,"Кърджали",NULL,"Нановица",NULL,"village"
4451,60623,"Кърджали",NULL,"Небеска",NULL,"village"
4452,60625,"Кърджали",NULL,"Невестино",NULL,"village"
4453,60627,"Кърджали",NULL,"Ненково",NULL,"village"
4454,60629,"Кърджали",NULL,"Неофит Бозвелиево",NULL,"village"
4455,60631,"Кърджали",NULL,"Нови Пазар",NULL,"village"
4456,60636,"Кърджали",NULL,"Новоселище",NULL,"village"
4457,60638,"Кърджали",NULL,"Ночево",NULL,"village"
4458,60640,"Кърджали",NULL,"Овчари",NULL,"village"
4459,60642,"Кърджали",NULL,"Овчево",NULL,"village"
4460,60644,"Кърджали",NULL,"Опълченско",NULL,"village"
4461,60653,"Кърджали",NULL,"Орешница",NULL,"village"
4462,60655,"Кърджали",NULL,"Орлица",NULL,"village"
4463,60657,"Кърджали",NULL,"Островец",NULL,"village"
4464,60659,"Кърджали",NULL,"Островица",NULL,"village"
4465,60662,"Кърджали",NULL,"Охлювец",NULL,"village"
4466,60664,"Кърджали",NULL,"Падало",NULL,"village"
4467,60666,"Кърджали",NULL,"Падина",NULL,"village"
4468,60670,"Кърджали",NULL,"Пазарци",NULL,"village"
4469,60672,"Кърджали",NULL,"Паничково",NULL,"village"
4470,60675,"Кърджали",NULL,"Панчево",NULL,"village"
4471,60677,"Кърджали",NULL,"Папрат",NULL,"village"
4472,60679,"Кърджали",NULL,"Паспал",NULL,"village"
4473,60681,"Кърджали",NULL,"Патица",NULL,"village"
4474,60683,"Кърджали",NULL,"Пашинци",NULL,"village"
4475,60685,"Кърджали",NULL,"Пелин",NULL,"village"
4476,60687,"Кърджали",NULL,"Пеньово",NULL,"village"
4477,60689,"Кърджали",NULL,"Пепелище",NULL,"village"
4478,60691,"Кърджали",NULL,"Перперек",NULL,"village"
4479,60693,"Кърджали",NULL,"Перуника",NULL,"village"
4480,60695,"Кърджали",NULL,"Песнопой",NULL,"village"
4481,60697,"Кърджали",NULL,"Петелово",NULL,"village"
4482,60699,"Кърджали",NULL,"Петлино",NULL,"village"
4483,60701,"Кърджали",NULL,"Пиявец",NULL,"village"
4484,60703,"Кърджали",NULL,"Пловка",NULL,"village"
4485,60705,"Кърджали",NULL,"Повет",NULL,"village"
4486,60707,"Кърджали",NULL,"Подкова",NULL,"village"
4487,60710,"Кърджали",NULL,"Подрумче",NULL,"village"
4488,60712,"Кърджали",NULL,"Полковник Желязово",NULL,"village"
4489,60714,"Кърджали",NULL,"Полянец",NULL,"village"
4490,60716,"Кърджали",NULL,"Постник",NULL,"village"
4491,60718,"Кърджали",NULL,"Поточарка",NULL,"village"
4492,60720,"Кърджали",NULL,"Поточница",NULL,"village"
4493,60722,"Кърджали",NULL,"Правдолюб",NULL,"village"
4494,60724,"Кърджали",NULL,"Пресека",NULL,"village"
4495,60726,"Кърджали",NULL,"Припек",NULL,"village"
4496,60734,"Кърджали",NULL,"Пропаст",NULL,"village"
4497,60736,"Кърджали",NULL,"Пряпорец",NULL,"village"
4498,60738,"Кърджали",NULL,"Птичар",NULL,"village"
4499,60740,"Кърджали",NULL,"Пчеларово",NULL,"village"
4500,60743,"Кърджали",NULL,"Пъдарци",NULL,"village"
4501,60745,"Кърджали",NULL,"Първенци",NULL,"village"
4502,60747,"Кърджали",NULL,"Първица",NULL,"village"
4503,60750,"Кърджали",NULL,"Равен",NULL,"village"
4504,60753,"Кърджали",NULL,"Ралица",NULL,"village"
4505,60755,"Кърджали",NULL,"Раличево",NULL,"village"
4506,60757,"Кърджали",NULL,"Рани Лист",NULL,"village"
4507,60759,"Кърджали",NULL,"Растник",NULL,"village"
4508,60769,"Кърджали",NULL,"Рибарци",NULL,"village"
4509,60771,"Кърджали",NULL,"Рибино",NULL,"village"
4510,60773,"Кърджали",NULL,"Ридино",NULL,"village"
4511,60775,"Кърджали",NULL,"Ридово",NULL,"village"
4512,60777,"Кърджали",NULL,"Рогач",NULL,"village"
4513,60779,"Кърджали",NULL,"Рогозари",NULL,"village"
4514,60781,"Кърджали",NULL,"Рогозче",NULL,"village"
4515,60783,"Кърджали",NULL,"Родопско",NULL,"village"
4516,60785,"Кърджали",NULL,"Рудина",NULL,"village"
4517,60787,"Кърджали",NULL,"Еньовче",NULL,"village"
4518,60789,"Кърджали",NULL,"Русалина",NULL,"village"
4519,60791,"Кърджали",NULL,"Русалско",NULL,"village"
4520,60793,"Кърджали",NULL,"Ручей",NULL,"village"
4521,60795,"Кърджали",NULL,"Садовица",NULL,"village"
4522,60797,"Кърджали",NULL,"Самовила",NULL,"village"
4523,60799,"Кърджали",NULL,"Самодива",NULL,"village"
4524,60801,"Кърджали",NULL,"Самокитка",NULL,"village"
4525,60803,"Кърджали",NULL,"Сбор",NULL,"village"
4526,60805,"Кърджали",NULL,"Сватбаре",NULL,"village"
4527,60807,"Кърджали",NULL,"Светлен",NULL,"village"
4528,60809,"Кърджали",NULL,"Светулка",NULL,"village"
4529,60811,"Кърджали",NULL,"Свободиново",NULL,"village"
4530,60813,"Кърджали",NULL,"Севдалина",NULL,"village"
4531,60815,"Кърджали",NULL,"Седефче",NULL,"village"
4532,60817,"Кърджали",NULL,"Седларци",NULL,"village"
4533,60819,"Кърджали",NULL,"Седловина",NULL,"village"
4534,60821,"Кърджали",NULL,"Секирка",NULL,"village"
4535,60823,"Кърджали",NULL,"Сестринско",NULL,"village"
4536,60825,"Кърджали",NULL,"Синделци",NULL,"village"
4537,60827,"Кърджали",NULL,"Синигер",NULL,"village"
4538,60829,"Кърджали",NULL,"Синчец",NULL,"village"
4539,60831,"Кърджали",NULL,"Сипей",NULL,"village"
4540,60833,"Кърджали",NULL,"Скалак",NULL,"village"
4541,60835,"Кърджали",NULL,"Скалина",NULL,"village"
4542,60837,"Кърджали",NULL,"Скалище",NULL,"village"
4543,60839,"Кърджали",NULL,"Скална Глава",NULL,"village"
4544,60841,"Кърджали",NULL,"Скърбино",NULL,"village"
4545,60843,"Кърджали",NULL,"Сладкодум",NULL,"village"
4546,60845,"Кърджали",NULL,"Сливарка",NULL,"village"
4547,60847,"Кърджали",NULL,"Снежинка",NULL,"village"
4548,60849,"Кърджали",NULL,"Соколино",NULL,"village"
4549,60851,"Кърджали",NULL,"Соколите",NULL,"village"
4550,60853,"Кърджали",NULL,"Соколско",NULL,"village"
4551,60855,"Кърджали",NULL,"Соколяне",NULL,"village"
4552,60857,"Кърджали",NULL,"Солище",NULL,"village"
4553,60859,"Кърджали",NULL,"Сполука",NULL,"village"
4554,60861,"Кърджали",NULL,"Срединка",NULL,"village"
4555,60863,"Кърджали",NULL,"Среднево",NULL,"village"
4556,60865,"Кърджали",NULL,"Средска",NULL,"village"
4557,60867,"Кърджали",NULL,"Средско",NULL,"village"
4558,60869,"Кърджали",NULL,"Срънско",NULL,"village"
4559,60871,"Кърджали",NULL,"Стар Читак",NULL,"village"
4560,60873,"Кърджали",NULL,"Старейшино",NULL,"village"
4561,60875,"Кърджали",NULL,"Стари Чал",NULL,"village"
4562,60877,"Кърджали",NULL,"Старо Място",NULL,"village"
4563,60879,"Кърджали",NULL,"Старово",NULL,"village"
4564,60881,"Кърджали",NULL,"Стоманци",NULL,"village"
4565,60883,"Кърджали",NULL,"Стояново",NULL,"village"
4566,60885,"Кърджали",NULL,"Стражевци",NULL,"village"
4567,60887,"Кърджали",NULL,"Стражец",NULL,"village"
4568,60889,"Кърджали",NULL,"Стражница",NULL,"village"
4569,60891,"Кърджали",NULL,"Странджево",NULL,"village"
4570,60893,"Кърджали",NULL,"Страхил Войвода",NULL,"village"
4571,60895,"Кърджали",NULL,"Стремово",NULL,"village"
4572,60897,"Кърджали",NULL,"Стремци",NULL,"village"
4573,60899,"Кърджали",NULL,"Стрижба",NULL,"village"
4574,60901,"Кърджали",NULL,"Студен Кладенец",NULL,"village"
4575,60903,"Кърджали",NULL,"Сухово",NULL,"village"
4576,60905,"Кърджали",NULL,"Сърнак",NULL,"village"
4577,60907,"Кърджали",NULL,"Татково",NULL,"village"
4578,60909,"Кърджали",NULL,"Татул",NULL,"village"
4579,60911,"Кърджали",NULL,"Теменуга",NULL,"village"
4580,60913,"Кърджали",NULL,"Тинтява",NULL,"village"
4581,60915,"Кърджали",NULL,"Тихомир",NULL,"village"
4582,60925,"Кърджали",NULL,"Токачка",NULL,"village"
4583,60927,"Кърджали",NULL,"Тополка",NULL,"village"
4584,60929,"Кърджали",NULL,"Тополчане",NULL,"village"
4585,60933,"Кърджали",NULL,"Три Могили",NULL,"village"
4586,60935,"Кърджали",NULL,"Търновци",NULL,"village"
4587,60937,"Кърджали",NULL,"Търносливка",NULL,"village"
4588,60939,"Кърджали",NULL,"Устрен",NULL,"village"
4589,60941,"Кърджали",NULL,"Фотиново",NULL,"village"
4590,60944,"Кърджали",NULL,"Хаджийско",NULL,"village"
4591,60946,"Кърджали",NULL,"Хисар село",NULL,"village"
4592,60952,"Кърджали",NULL,"Ходжовци",NULL,"village"
4593,60954,"Кърджали",NULL,"Храстово",NULL,"village"
4594,60956,"Кърджали",NULL,"Хромица",NULL,"village"
4595,60958,"Кърджали",NULL,"Царевец",NULL,"village"
4596,60960,"Кърджали",NULL,"Царино",NULL,"village"
4597,60962,"Кърджали",NULL,"Църквица",NULL,"village"
4598,60964,"Кърджали",NULL,"Чайка",NULL,"village"
4599,60967,"Кърджали",NULL,"Чакаларово",NULL,"village"
4600,60981,"Кърджали",NULL,"Чал",NULL,"village"
4601,60983,"Кърджали",NULL,"Чеганци",NULL,"village"
4602,60985,"Кърджали",NULL,"Черешица",NULL,"village"
4603,60987,"Кърджали",NULL,"Черна Нива",NULL,"village"
4604,60989,"Кърджали",NULL,"Черна Скала",NULL,"village"
4605,60991,"Кърджали",NULL,"Чернигово",NULL,"village"
4606,60993,"Кърджали",NULL,"Черничево",NULL,"village"
4607,60995,"Кърджали",NULL,"Чернооки",NULL,"village"
4608,60997,"Кърджали",NULL,"Черньовци",NULL,"village"
4609,60999,"Кърджали",NULL,"Чилик",NULL,"village"
4610,61001,"Кърджали",NULL,"Чифлик",NULL,"village"
4611,61003,"Кърджали",NULL,"Чичево",NULL,"village"
4612,61005,"Кърджали",NULL,"Чобанка",NULL,"village"
4613,61007,"Кърджали",NULL,"Чорбаджийско",NULL,"village"
4614,61020,"Кърджали",NULL,"Чубрика",NULL,"village"
4615,61022,"Кърджали",NULL,"Чуково",NULL,"village"
4616,61024,"Кърджали",NULL,"Шипок",NULL,"village"
4617,61026,"Кърджали",NULL,"Широко Поле",NULL,"village"
4618,61028,"Кърджали",NULL,"Шопци",NULL,"village"
4619,61030,"Кърджали",NULL,"Шумнатица",NULL,"village"
4620,61032,"Кърджали",NULL,"Щерна",NULL,"village"
4621,61034,"Кърджали",NULL,"Ябълковец",NULL,"village"
4622,61036,"Кърджали",NULL,"Ябълчени",NULL,"village"
4623,61038,"Кърджали",NULL,"Яворово",NULL,"village"
4624,61042,"Кърджали",NULL,"Яковица",NULL,"village"
4625,61044,"Кърджали",NULL,"Ямино",NULL,"village"
4626,61046,"Кърджали",NULL,"Янино",NULL,"village"
4627,61048,"Кърджали",NULL,"Яребица",NULL,"village"
4628,61050,"Кърджали",NULL,"Ястреб",NULL,"village"
4629,61053,"Кърджали",NULL,"Горско Дюлево",NULL,"village"
4630,61055,"Кърджали",NULL,"Манчево",NULL,"village"
4631,61057,"Кърджали",NULL,"Каменец",NULL,"village"
4632,61059,"Кърджали",NULL,"Нане",NULL,"village"
4633,61061,"Кърджали",NULL,"Обичник",NULL,"village"
4634,61065,"Кърджали",NULL,"Свобода",NULL,"village"
4635,61067,"Кърджали",NULL,"Седлари",NULL,"village"
4636,61069,"Кърджали",NULL,"Сенце",NULL,"village"
4637,61071,"Кърджали",NULL,"Сярци",NULL,"village"
4638,61073,"Кърджали",NULL,"Чомаково",NULL,"village"
4639,61075,"Кърджали",NULL,"Юнаци",NULL,"village"
4640,61077,"Кърджали",NULL,"Плазище",NULL,"village"
4641,61080,"Кърджали",NULL,"Казаците",NULL,"village"
4642,61082,"Кърджали",NULL,"Албанци",NULL,"village"
4643,61084,"Кърджали",NULL,"Вълкович",NULL,"village"
4644,61086,"Кърджали",NULL,"Каменяне",NULL,"village"
4645,61088,"Кърджали",NULL,"Подвръх",NULL,"village"
4646,61090,"Кърджали",NULL,"Поточе",NULL,"village"
4647,61092,"Кърджали",NULL,"Рът",NULL,"village"
4648,61094,"Кърджали",NULL,"Слънчоглед",NULL,"village"
4649,61096,"Кърджали",NULL,"Софийци",NULL,"village"
4650,61098,"Кърджали",NULL,"Телчарка",NULL,"village"
4651,61100,"Кърджали",NULL,"Тютюнче",NULL,"village"
4652,61102,"Кърджали",NULL,"Цвятово",NULL,"village"
4653,61104,"Кърджали",NULL,"Чакалци",NULL,"village"
4654,61108,"Кърджали",NULL,"Горно Кирково",NULL,"village"
4655,61112,"Кърджали",NULL,"Костурино",NULL,"village"
4656,61114,"Кърджали",NULL,"Кремен",NULL,"village"
4657,61116,"Кърджали",NULL,"Крилатица",NULL,"village"
4658,61118,"Кърджали",NULL,"Априлци",NULL,"village"
4659,61120,"Кърджали",NULL,"Богатино",NULL,"village"
4660,61122,"Кърджали",NULL,"Брегово",NULL,"village"
4661,61124,"Кърджали",NULL,"Брежана",NULL,"village"
4662,61126,"Кърджали",NULL,"Вълчанка",NULL,"village"
4663,61128,"Кърджали",NULL,"Главник",NULL,"village"
4664,61130,"Кърджали",NULL,"Дедино",NULL,"village"
4665,61132,"Кърджали",NULL,"Едрино",NULL,"village"
4666,61134,"Кърджали",NULL,"Завоя",NULL,"village"
4667,61140,"Кърджали",NULL,"Прилепци",NULL,"village"
4668,61142,"Кърджали",NULL,"Прогрес",NULL,"village"
4669,61144,"Кърджали",NULL,"Рожденско",NULL,"village"
4670,61146,"Кърджали",NULL,"Сипец",NULL,"village"
4671,61148,"Кърджали",NULL,"Търна",NULL,"village"
4672,61150,"Кърджали",NULL,"Червена Скала",NULL,"village"
4673,61152,"Кърджали",NULL,"Черешка",NULL,"village"
4674,62010,"Стара Загора",NULL,"Старозагорски Бани",NULL,"village"
4675,62305,"Стара Загора",NULL,"Горно Ботево",NULL,"village"
4676,62363,"Стара Загора",NULL,"Еленино",NULL,"village"
4677,62566,"Стара Загора",NULL,"Ковачево",NULL,"village"
4678,62589,"Стара Загора",NULL,"Медникарово",NULL,"village"
4679,62602,"Стара Загора",NULL,"Трояново",NULL,"village"
4680,62613,"Стара Загора",NULL,"Александрово",NULL,"village"
4681,62627,"Стара Загора",NULL,"Априлово",NULL,"village"
4682,62629,"Стара Загора",NULL,"Арнаутито",NULL,"village"
4683,62631,"Стара Загора",NULL,"Асен",NULL,"village"
4684,62634,"Стара Загора",NULL,"Бащино",NULL,"village"
4685,62636,"Стара Загора",NULL,"Бели Бряг",NULL,"village"
4686,62639,"Стара Загора",NULL,"Бенковски",NULL,"village"
4687,62642,"Стара Загора",NULL,"Боздуганово",NULL,"village"
4688,62644,"Стара Загора",NULL,"Борилово",NULL,"village"
4689,62646,"Стара Загора",NULL,"Борово",NULL,"village"
4690,62648,"Стара Загора",NULL,"Борущица",NULL,"village"
4691,62650,"Стара Загора",NULL,"Братя Даскалови",NULL,"village"
4692,62659,"Стара Загора",NULL,"Братя Кунчеви",NULL,"village"
4693,62661,"Стара Загора",NULL,"Брестова",NULL,"village"
4694,62663,"Стара Загора",NULL,"Бузовград",NULL,"village"
4695,62699,"Стара Загора",NULL,"Бъдеще",NULL,"village"
4696,62702,"Стара Загора",NULL,"Българене",NULL,"village"
4697,62704,"Стара Загора",NULL,"Бънзарето",NULL,"village"
4698,62706,"Стара Загора",NULL,"Бял Извор",NULL,"village"
4699,62709,"Стара Загора",NULL,"Бяло Поле",NULL,"village"
4700,62712,"Стара Загора",NULL,"Васил Левски",NULL,"village"
4701,62714,"Стара Загора",NULL,"Великово",NULL,"village"
4702,62716,"Стара Загора",NULL,"Венец",NULL,"village"
4703,62718,"Стара Загора",NULL,"Верен",NULL,"village"
4704,62720,"Стара Загора",NULL,"Ветрен",NULL,"village"
4705,62732,"Стара Загора",NULL,"Виден",NULL,"village"
4706,62734,"Стара Загора",NULL,"Винарово",NULL,"village"
4707,62736,"Стара Загора",NULL,"Воденичарово",NULL,"village"
4708,62738,"Стара Загора",NULL,"Воловарово",NULL,"village"
4709,62740,"Стара Загора",NULL,"Габарево",NULL,"village"
4710,62764,"Стара Загора",NULL,"Гита",NULL,"village"
4711,62768,"Стара Загора",NULL,"Главан",NULL,"village"
4712,62779,"Стара Загора",NULL,"Голям Дол",NULL,"village"
4713,62781,"Стара Загора",NULL,"Голямо Дряново",NULL,"village"
4714,62783,"Стара Загора",NULL,"Горно Белево",NULL,"village"
4715,62785,"Стара Загора",NULL,"Горно Изворово",NULL,"village"
4716,62787,"Стара Загора",NULL,"Горно Ново Село",NULL,"village"
4717,62789,"Стара Загора",NULL,"Горно Сахране",NULL,"village"
4718,62816,"Стара Загора",NULL,"Горно Черковище",NULL,"village"
4719,62830,"Стара Загора",NULL,"Гранит",NULL,"village"
4720,62833,"Стара Загора",NULL,"Даскал Атанасово",NULL,"village"
4721,62836,"Стара Загора",NULL,"Дворище",NULL,"village"
4722,62838,"Стара Загора",NULL,"Димитриево",NULL,"village"
4723,62840,"Стара Загора",NULL,"Димовци",NULL,"village"
4724,62842,"Стара Загора",NULL,"Диня",NULL,"village"
4725,62844,"Стара Загора",NULL,"Долно Изворово",NULL,"village"
4726,62847,"Стара Загора",NULL,"Долно Ново Село",NULL,"village"
4727,62849,"Стара Загора",NULL,"Долно Сахране",NULL,"village"
4728,62872,"Стара Загора",NULL,"Дунавци",NULL,"village"
4729,62883,"Стара Загора",NULL,"Дъбово",NULL,"village"
4730,62901,"Стара Загора",NULL,"Дълбоки",NULL,"village"
4731,62903,"Стара Загора",NULL,"Държава",NULL,"village"
4732,62905,"Стара Загора",NULL,"Държавен",NULL,"village"
4733,62907,"Стара Загора",NULL,"Едрево",NULL,"village"
4734,62909,"Стара Загора",NULL,"Елхово (Николаево)",NULL,"village"
4735,62911,"Стара Загора",NULL,"Елхово (Стара Загора)",NULL,"village"
4736,62913,"Стара Загора",NULL,"Енина",NULL,"village"
4737,62991,"Стара Загора",NULL,"Жълтопоп",NULL,"village"
4738,62993,"Стара Загора",NULL,"Загоре",NULL,"village"
4739,62999,"Стара Загора",NULL,"Землен",NULL,"village"
4740,63001,"Стара Загора",NULL,"Зетьово",NULL,"village"
4741,63016,"Стара Загора",NULL,"Зимница",NULL,"village"
4742,63020,"Стара Загора",NULL,"Златирът",NULL,"village"
4743,63022,"Стара Загора",NULL,"Златна Ливада",NULL,"village"
4744,63024,"Стара Загора",NULL,"Змейово",NULL,"village"
4745,63026,"Стара Загора",NULL,"Знаменосец",NULL,"village"
4746,63030,"Стара Загора",NULL,"Изворово",NULL,"village"
4747,63032,"Стара Загора",NULL,"Искрица",NULL,"village"
4748,63034,"Стара Загора",NULL,"Калитиново",NULL,"village"
4749,63036,"Стара Загора",NULL,"Калояновец",NULL,"village"
4750,63041,"Стара Загора",NULL,"Кирилово",NULL,"village"
4751,63043,"Стара Загора",NULL,"Княжевско",NULL,"village"
4752,63045,"Стара Загора",NULL,"Ковач",NULL,"village"
4753,63047,"Стара Загора",NULL,"Козаревец",NULL,"village"
4754,63049,"Стара Загора",NULL,"Коларово",NULL,"village"
4755,63052,"Стара Загора",NULL,"Колена",NULL,"village"
4756,63054,"Стара Загора",NULL,"Колю Мариново",NULL,"village"
4757,63056,"Стара Загора",NULL,"Конаре",NULL,"village"
4758,63059,"Стара Загора",NULL,"Константиновец",NULL,"village"
4759,63061,"Стара Загора",NULL,"Копринка",NULL,"village"
4760,63109,"Стара Загора",NULL,"Кравино",NULL,"village"
4761,63111,"Стара Загора",NULL,"Кънчево",NULL,"village"
4762,63125,"Стара Загора",NULL,"Ловец",NULL,"village"
4763,63127,"Стара Загора",NULL,"Любеново",NULL,"village"
4764,63130,"Стара Загора",NULL,"Люляк",NULL,"village"
4765,63132,"Стара Загора",NULL,"Лява Река",NULL,"village"
4766,63134,"Стара Загора",NULL,"Лясково",NULL,"village"
4767,63136,"Стара Загора",NULL,"Маджерито",NULL,"village"
4768,63138,"Стара Загора",NULL,"Малка Верея",NULL,"village"
4769,63142,"Стара Загора",NULL,"Малко Дряново",NULL,"village"
4770,63144,"Стара Загора",NULL,"Малко Кадиево",NULL,"village"
4771,63147,"Стара Загора",NULL,"Малко Тръново",NULL,"village"
4772,63149,"Стара Загора",NULL,"Манолово",NULL,"village"
4773,63153,"Стара Загора",NULL,"Марково",NULL,"village"
4774,63157,"Стара Загора",NULL,"Маца",NULL,"village"
4775,63159,"Стара Загора",NULL,"Медово",NULL,"village"
4776,63161,"Стара Загора",NULL,"Мирово",NULL,"village"
4777,63166,"Стара Загора",NULL,"Михайлово",NULL,"village"
4778,63168,"Стара Загора",NULL,"Могила",NULL,"village"
4779,63170,"Стара Загора",NULL,"Могилово",NULL,"village"
4780,63176,"Стара Загора",NULL,"Мусачево",NULL,"village"
4781,63179,"Стара Загора",NULL,"Мъдрец",NULL,"village"
4782,63185,"Стара Загора",NULL,"Найденово",NULL,"village"
4783,63217,"Стара Загора",NULL,"Нова Махала",NULL,"village"
4784,63219,"Стара Загора",NULL,"Обручище",NULL,"village"
4785,63257,"Стара Загора",NULL,"Овощник",NULL,"village"
4786,63282,"Стара Загора",NULL,"Опан",NULL,"village"
4787,63287,"Стара Загора",NULL,"Опълченец",NULL,"village"
4788,63289,"Стара Загора",NULL,"Оризово",NULL,"village"
4789,63303,"Стара Загора",NULL,"Оряховица",NULL,"village"
4790,63307,"Стара Загора",NULL,"Осетеново",NULL,"village"
4791,63326,"Стара Загора",NULL,"Осларка",NULL,"village"
4792,63328,"Стара Загора",NULL,"Памукчии",NULL,"village"
4793,63330,"Стара Загора",NULL,"Паничерево",NULL,"village"
4794,63345,"Стара Загора",NULL,"Партизанин",NULL,"village"
4795,63348,"Стара Загора",NULL,"Петрово",NULL,"village"
4796,63354,"Стара Загора",NULL,"Плодовитово",NULL,"village"
4797,63365,"Стара Загора",NULL,"Плоска Могила",NULL,"village"
4798,63368,"Стара Загора",NULL,"Подслон",NULL,"village"
4799,63371,"Стара Загора",NULL,"Полски Градец",NULL,"village"
4800,63374,"Стара Загора",NULL,"Помощник",NULL,"village"
4801,63377,"Стара Загора",NULL,"Православ",NULL,"village"
4802,63379,"Стара Загора",NULL,"Преславен",NULL,"village"
4803,63381,"Стара Загора",NULL,"Пчелиново",NULL,"village"
4804,63383,"Стара Загора",NULL,"Пшеничево",NULL,"village"
4805,63385,"Стара Загора",NULL,"Пъстрен",NULL,"village"
4806,63387,"Стара Загора",NULL,"Пъстрово",NULL,"village"
4807,63389,"Стара Загора",NULL,"Радунци",NULL,"village"
4808,63395,"Стара Загора",NULL,"Разделна",NULL,"village"
4809,63397,"Стара Загора",NULL,"Ракитница",NULL,"village"
4810,63400,"Стара Загора",NULL,"Рисиманово",NULL,"village"
4811,63402,"Стара Загора",NULL,"Розово",NULL,"village"
4812,63425,"Стара Загора",NULL,"Руманя",NULL,"village"
4813,63427,"Стара Загора",NULL,"Рупките",NULL,"village"
4814,63429,"Стара Загора",NULL,"Ръжена",NULL,"village"
4815,63446,"Стара Загора",NULL,"Самуилово",NULL,"village"
4816,63450,"Стара Загора",NULL,"Свобода",NULL,"village"
4817,63456,"Стара Загора",NULL,"Свободен",NULL,"village"
4818,63458,"Стара Загора",NULL,"Селце",NULL,"village"
4819,63460,"Стара Загора",NULL,"Скобелево",NULL,"village"
4820,63472,"Стара Загора",NULL,"Славянин",NULL,"village"
4821,63474,"Стара Загора",NULL,"Сладък Кладенец",NULL,"village"
4822,63476,"Стара Загора",NULL,"Сливито",NULL,"village"
4823,63478,"Стара Загора",NULL,"Средец",NULL,"village"
4824,63481,"Стара Загора",NULL,"Средно Градище",NULL,"village"
4825,63483,"Стара Загора",NULL,"Средногорово",NULL,"village"
4826,63485,"Стара Загора",NULL,"Столетово",NULL,"village"
4827,63487,"Стара Загора",NULL,"Стоян Заимово",NULL,"village"
4828,63489,"Стара Загора",NULL,"Стрелец",NULL,"village"
4829,63491,"Стара Загора",NULL,"Съединение",NULL,"village"
4830,63494,"Стара Загора",NULL,"Сърневец",NULL,"village"
4831,63496,"Стара Загора",NULL,"Сърнево",NULL,"village"
4832,63522,"Стара Загора",NULL,"Тихомирово",NULL,"village"
4833,63524,"Стара Загора",NULL,"Тополяне",NULL,"village"
4834,63526,"Стара Загора",NULL,"Тракия",NULL,"village"
4835,63528,"Стара Загора",NULL,"Трънково",NULL,"village"
4836,63530,"Стара Загора",NULL,"Тулово",NULL,"village"
4837,63548,"Стара Загора",NULL,"Турия",NULL,"village"
4838,63550,"Стара Загора",NULL,"Тъжа",NULL,"village"
4839,63580,"Стара Загора",NULL,"Хаджидимитрово",NULL,"village"
4840,63605,"Стара Загора",NULL,"Хан Аспарухово",NULL,"village"
4841,63607,"Стара Загора",NULL,"Християново",NULL,"village"
4842,63612,"Стара Загора",NULL,"Хрищени",NULL,"village"
4843,63631,"Стара Загора",NULL,"Целина",NULL,"village"
4844,63633,"Стара Загора",NULL,"Ценово",NULL,"village"
4845,63635,"Стара Загора",NULL,"Черганово",NULL,"village"
4846,63658,"Стара Загора",NULL,"Черна Гора",NULL,"village"
4847,63669,"Стара Загора",NULL,"Шаново",NULL,"village"
4848,63672,"Стара Загора",NULL,"Шейново",NULL,"village"
4849,63710,"Стара Загора",NULL,"Юлиево",NULL,"village"
4850,63712,"Стара Загора",NULL,"Яворовец",NULL,"village"
4851,63714,"Стара Загора",NULL,"Яворово",NULL,"village"
4852,63716,"Стара Загора",NULL,"Ягода",NULL,"village"
4853,63742,"Стара Загора",NULL,"Яздач",NULL,"village"
4854,63744,"Стара Загора",NULL,"Ясеново",NULL,"village"
4855,63754,"Стара Загора",NULL,"Ястребово",NULL,"village"
4856,63756,"Стара Загора",NULL,"Казанка",NULL,"village"
4857,63758,"Стара Загора",NULL,"Лозен",NULL,"village"
4858,63760,"Стара Загора",NULL,"Ново Село",NULL,"village"
4859,63762,"Стара Загора",NULL,"Остра Могила",NULL,"village"
4860,63764,"Стара Загора",NULL,"Пряпорец",NULL,"village"
4861,63766,"Стара Загора",NULL,"Сулица",NULL,"village"
4862,63768,"Стара Загора",NULL,"Богомилово",NULL,"village"
4863,63794,"Стара Загора",NULL,"Малък Дол",NULL,"village"
4864,63798,"Стара Загора",NULL,"Търничени",NULL,"village"
4865,64784,"Добрич",NULL,"Кранево",NULL,"village"
4866,64976,"Добрич",NULL,"Дуранкулак",NULL,"village"
4867,65001,"Добрич",NULL,"Крапец",NULL,"village"
4868,65030,"Добрич",NULL,"Оброчище",NULL,"village"
4869,65073,"Добрич",NULL,"Абрит",NULL,"village"
4870,65075,"Добрич",NULL,"Александрия",NULL,"village"
4871,65077,"Добрич",NULL,"Александър Стамболийски",NULL,"village"
4872,65080,"Добрич",NULL,"Алцек",NULL,"village"
4873,65082,"Добрич",NULL,"Ангеларий",NULL,"village"
4874,65084,"Добрич",NULL,"Балик",NULL,"village"
4875,65086,"Добрич",NULL,"Балканци",NULL,"village"
4876,65088,"Добрич",NULL,"Батово",NULL,"village"
4877,65095,"Добрич",NULL,"Бдинци",NULL,"village"
4878,65097,"Добрич",NULL,"Бежаново",NULL,"village"
4879,65100,"Добрич",NULL,"Безводица",NULL,"village"
4880,65102,"Добрич",NULL,"Безмер",NULL,"village"
4881,65112,"Добрич",NULL,"Белгун",NULL,"village"
4882,65117,"Добрич",NULL,"Бенковски",NULL,"village"
4883,65119,"Добрич",NULL,"Било",NULL,"village"
4884,65121,"Добрич",NULL,"Бистрец",NULL,"village"
4885,65123,"Добрич",NULL,"Бобовец",NULL,"village"
4886,65125,"Добрич",NULL,"Богдан",NULL,"village"
4887,65127,"Добрич",NULL,"Божан",NULL,"village"
4888,65132,"Добрич",NULL,"Божаново",NULL,"village"
4889,65135,"Добрич",NULL,"Божурец",NULL,"village"
4890,65141,"Добрич",NULL,"Божурово",NULL,"village"
4891,65143,"Добрич",NULL,"Бонево",NULL,"village"
4892,65145,"Добрич",NULL,"Бранище",NULL,"village"
4893,65151,"Добрич",NULL,"Брестница",NULL,"village"
4894,65154,"Добрич",NULL,"Брястово",NULL,"village"
4895,65156,"Добрич",NULL,"Българево",NULL,"village"
4896,65187,"Добрич",NULL,"Ваклино",NULL,"village"
4897,65192,"Добрич",NULL,"Василево",NULL,"village"
4898,65195,"Добрич",NULL,"Ведрина",NULL,"village"
4899,65197,"Добрич",NULL,"Великово",NULL,"village"
4900,65199,"Добрич",NULL,"Видно",NULL,"village"
4901,65202,"Добрич",NULL,"Вичово",NULL,"village"
4902,65204,"Добрич",NULL,"Владимирово",NULL,"village"
4903,65208,"Добрич",NULL,"Воднянци",NULL,"village"
4904,65210,"Добрич",NULL,"Войниково",NULL,"village"
4905,65212,"Добрич",NULL,"Вранино",NULL,"village"
4906,65220,"Добрич",NULL,"Вратарите",NULL,"village"
4907,65222,"Добрич",NULL,"Врачанци",NULL,"village"
4908,65224,"Добрич",NULL,"Габер",NULL,"village"
4909,65226,"Добрич",NULL,"Генерал Колево",NULL,"village"
4910,65229,"Добрич",NULL,"Гешаново",NULL,"village"
4911,65231,"Добрич",NULL,"Главанци",NULL,"village"
4912,65233,"Добрич",NULL,"Горица",NULL,"village"
4913,65236,"Добрич",NULL,"Горичане",NULL,"village"
4914,65238,"Добрич",NULL,"Горун",NULL,"village"
4915,65241,"Добрич",NULL,"Градини",NULL,"village"
4916,65243,"Добрич",NULL,"Градница",NULL,"village"
4917,65245,"Добрич",NULL,"Граничар",NULL,"village"
4918,65249,"Добрич",NULL,"Гурково",NULL,"village"
4919,65251,"Добрич",NULL,"Гуслар",NULL,"village"
4920,65253,"Добрич",NULL,"Дебрене",NULL,"village"
4921,65255,"Добрич",NULL,"Добрево",NULL,"village"
4922,65257,"Добрич",NULL,"Добрин",NULL,"village"
4923,65259,"Добрич",NULL,"Долина",NULL,"village"
4924,65261,"Добрич",NULL,"Дончево",NULL,"village"
4925,65271,"Добрич",NULL,"Драганово",NULL,"village"
4926,65273,"Добрич",NULL,"Дропла",NULL,"village"
4927,65276,"Добрич",NULL,"Дряновец",NULL,"village"
4928,65278,"Добрич",NULL,"Дъбовик",NULL,"village"
4929,65282,"Добрич",NULL,"Дъбрава",NULL,"village"
4930,65284,"Добрич",NULL,"Езерец",NULL,"village"
4931,65287,"Добрич",NULL,"Енево",NULL,"village"
4932,65289,"Добрич",NULL,"Ефрейтор Бакалово",NULL,"village"
4933,65291,"Добрич",NULL,"Жегларци",NULL,"village"
4934,65300,"Добрич",NULL,"Житен",NULL,"village"
4935,65302,"Добрич",NULL,"Житница",NULL,"village"
4936,65310,"Добрич",NULL,"Загорци",NULL,"village"
4937,65312,"Добрич",NULL,"Захари Стояново",NULL,"village"
4938,65317,"Добрич",NULL,"Земенци",NULL,"village"
4939,65319,"Добрич",NULL,"Зимница",NULL,"village"
4940,65321,"Добрич",NULL,"Златия",NULL,"village"
4941,65326,"Добрич",NULL,"Змеево",NULL,"village"
4942,65328,"Добрич",NULL,"Зограф",NULL,"village"
4943,65330,"Добрич",NULL,"Зърнево",NULL,"village"
4944,65342,"Добрич",NULL,"Изворово",NULL,"village"
4945,65344,"Добрич",NULL,"Иречек",NULL,"village"
4946,65346,"Добрич",NULL,"Йовково",NULL,"village"
4947,65349,"Добрич",NULL,"Каблешково",NULL,"village"
4948,65351,"Добрич",NULL,"Калина",NULL,"village"
4949,65354,"Добрич",NULL,"Камен",NULL,"village"
4950,65358,"Добрич",NULL,"Камен Бряг",NULL,"village"
4951,65361,"Добрич",NULL,"Капитан Димитрово",NULL,"village"
4952,65363,"Добрич",NULL,"Карапелит",NULL,"village"
4953,65371,"Добрич",NULL,"Карвуна",NULL,"village"
4954,65373,"Добрич",NULL,"Кардам",NULL,"village"
4955,65391,"Добрич",NULL,"Кладенци",NULL,"village"
4956,65393,"Добрич",NULL,"Козлодуйци",NULL,"village"
4957,65402,"Добрич",NULL,"Коларци",NULL,"village"
4958,65404,"Добрич",NULL,"Конаре",NULL,"village"
4959,65406,"Добрич",NULL,"Коритен",NULL,"village"
4960,65409,"Добрич",NULL,"Котленци",NULL,"village"
4961,65411,"Добрич",NULL,"Кочмар",NULL,"village"
4962,65414,"Добрич",NULL,"Крагулево",NULL,"village"
4963,65416,"Добрич",NULL,"Краище",NULL,"village"
4964,65418,"Добрич",NULL,"Красен",NULL,"village"
4965,65420,"Добрич",NULL,"Кремена",NULL,"village"
4966,65422,"Добрич",NULL,"Крупен",NULL,"village"
4967,65424,"Добрич",NULL,"Крушари",NULL,"village"
4968,65441,"Добрич",NULL,"Къпиново",NULL,"village"
4969,65444,"Добрич",NULL,"Ловчанци",NULL,"village"
4970,65450,"Добрич",NULL,"Лозенец",NULL,"village"
4971,65452,"Добрич",NULL,"Лозница",NULL,"village"
4972,65454,"Добрич",NULL,"Ломница",NULL,"village"
4973,65456,"Добрич",NULL,"Люляково",NULL,"village"
4974,65461,"Добрич",NULL,"Лясково",NULL,"village"
4975,65463,"Добрич",NULL,"Ляхово",NULL,"village"
4976,65468,"Добрич",NULL,"Мали Извор",NULL,"village"
4977,65470,"Добрич",NULL,"Малина",NULL,"village"
4978,65472,"Добрич",NULL,"Малка Смолница",NULL,"village"
4979,65474,"Добрич",NULL,"Медово",NULL,"village"
4980,65476,"Добрич",NULL,"Методиево",NULL,"village"
4981,65478,"Добрич",NULL,"Миладиновци",NULL,"village"
4982,65480,"Добрич",NULL,"Полковник Минково",NULL,"village"
4983,65482,"Добрич",NULL,"Могилище",NULL,"village"
4984,65484,"Добрич",NULL,"Нейково",NULL,"village"
4985,65486,"Добрич",NULL,"Нова Камена",NULL,"village"
4986,65488,"Добрич",NULL,"Ново Ботево",NULL,"village"
4987,65490,"Добрич",NULL,"Овчарово",NULL,"village"
4988,65494,"Добрич",NULL,"Огняново",NULL,"village"
4989,65496,"Добрич",NULL,"Огражден",NULL,"village"
4990,65498,"Добрич",NULL,"Одринци",NULL,"village"
4991,65500,"Добрич",NULL,"Одърци",NULL,"village"
4992,65503,"Добрич",NULL,"Оногур",NULL,"village"
4993,65505,"Добрич",NULL,"Опанец",NULL,"village"
4994,65508,"Добрич",NULL,"Орлова Могила",NULL,"village"
4995,65510,"Добрич",NULL,"Орляк",NULL,"village"
4996,65521,"Добрич",NULL,"Паскалево",NULL,"village"
4997,65530,"Добрич",NULL,"Петлешково",NULL,"village"
4998,65534,"Добрич",NULL,"Писарово",NULL,"village"
4999,65537,"Добрич",NULL,"Плачидол",NULL,"village"
5000,65544,"Добрич",NULL,"Пленимир",NULL,"village"
5001,65546,"Добрич",NULL,"Победа",NULL,"village"
5002,65557,"Добрич",NULL,"Подслон",NULL,"village"
5003,65559,"Добрич",NULL,"Полковник Дяково",NULL,"village"
5004,65562,"Добрич",NULL,"Полковник Иваново",NULL,"village"
5005,65564,"Добрич",NULL,"Полковник Савово",NULL,"village"
5006,65566,"Добрич",NULL,"Полковник Свещарово",NULL,"village"
5007,65568,"Добрич",NULL,"Попгригорово",NULL,"village"
5008,65570,"Добрич",NULL,"Попгруево",NULL,"village"
5009,65573,"Добрич",NULL,"Поручик Кърджиево",NULL,"village"
5010,65575,"Добрич",NULL,"Поручик Чунчево",NULL,"village"
5011,65577,"Добрич",NULL,"Преселенци",NULL,"village"
5012,65580,"Добрич",NULL,"Прилеп",NULL,"village"
5013,65582,"Добрич",NULL,"Приморци",NULL,"village"
5014,65584,"Добрич",NULL,"Присад",NULL,"village"
5015,65588,"Добрич",NULL,"Пролез",NULL,"village"
5016,65590,"Добрич",NULL,"Професор Златарски",NULL,"village"
5017,65592,"Добрич",NULL,"Преспа",NULL,"village"
5018,65595,"Добрич",NULL,"Пчеларово",NULL,"village"
5019,65598,"Добрич",NULL,"Пчелино",NULL,"village"
5020,65600,"Добрич",NULL,"Пчелник",NULL,"village"
5021,65602,"Добрич",NULL,"Равнец",NULL,"village"
5022,65605,"Добрич",NULL,"Раковски",NULL,"village"
5023,65609,"Добрич",NULL,"Рогачево",NULL,"village"
5024,65624,"Добрич",NULL,"Рогозина",NULL,"village"
5025,65626,"Добрич",NULL,"Росен",NULL,"village"
5026,65631,"Добрич",NULL,"Росеново",NULL,"village"
5027,65633,"Добрич",NULL,"Росица",NULL,"village"
5028,65635,"Добрич",NULL,"Самуилово",NULL,"village"
5029,65637,"Добрич",NULL,"Свобода",NULL,"village"
5030,65639,"Добрич",NULL,"Северняк",NULL,"village"
5031,65641,"Добрич",NULL,"Северци",NULL,"village"
5032,65645,"Добрич",NULL,"Селце",NULL,"village"
5033,65649,"Добрич",NULL,"Сенокос",NULL,"village"
5034,65664,"Добрич",NULL,"Септемврийци",NULL,"village"
5035,65667,"Добрич",NULL,"Сираково",NULL,"village"
5036,65669,"Добрич",NULL,"Славеево",NULL,"village"
5037,65671,"Добрич",NULL,"Сливенци",NULL,"village"
5038,65673,"Добрич",NULL,"Смин",NULL,"village"
5039,65675,"Добрич",NULL,"Смолница",NULL,"village"
5040,65679,"Добрич",NULL,"Сноп",NULL,"village"
5041,65681,"Добрич",NULL,"Снягово",NULL,"village"
5042,65684,"Добрич",NULL,"Соколник",NULL,"village"
5043,65686,"Добрич",NULL,"Соколово",NULL,"village"
5044,65701,"Добрич",NULL,"Спасово",NULL,"village"
5045,65712,"Добрич",NULL,"Средина",NULL,"village"
5046,65714,"Добрич",NULL,"Стаевци",NULL,"village"
5047,65716,"Добрич",NULL,"Стефан Караджа",NULL,"village"
5048,65721,"Добрич",NULL,"Стефаново",NULL,"village"
5049,65728,"Добрич",NULL,"Стожер",NULL,"village"
5050,65744,"Добрич",NULL,"Стражица",NULL,"village"
5051,65746,"Добрич",NULL,"Сърнец",NULL,"village"
5052,65748,"Добрич",NULL,"Сърнино",NULL,"village"
5053,65750,"Добрич",NULL,"Твърдица",NULL,"village"
5054,65752,"Добрич",NULL,"Телериг",NULL,"village"
5055,65755,"Добрич",NULL,"Топола",NULL,"village"
5056,65766,"Добрич",NULL,"Травник",NULL,"village"
5057,65768,"Добрич",NULL,"Тригорци",NULL,"village"
5058,65770,"Добрич",NULL,"Тюленово",NULL,"village"
5059,65773,"Добрич",NULL,"Тянево",NULL,"village"
5060,65777,"Добрич",NULL,"Узово",NULL,"village"
5061,65779,"Добрич",NULL,"Фелдфебел Дянково",NULL,"village"
5062,65782,"Добрич",NULL,"Хаджи Димитър",NULL,"village"
5063,65784,"Добрич",NULL,"Хитово",NULL,"village"
5064,65786,"Добрич",NULL,"Храброво",NULL,"village"
5065,65788,"Добрич",NULL,"Царевец",NULL,"village"
5066,65790,"Добрич",NULL,"Царичино",NULL,"village"
5067,65797,"Добрич",NULL,"Църква",NULL,"village"
5068,65808,"Добрич",NULL,"Челопечене",NULL,"village"
5069,65816,"Добрич",NULL,"Черна",NULL,"village"
5070,65818,"Добрич",NULL,"Черноморци",NULL,"village"
5071,65820,"Добрич",NULL,"Чернооково",NULL,"village"
5072,65822,"Добрич",NULL,"Честименско",NULL,"village"
5073,65824,"Добрич",NULL,"Свети Никола",NULL,"village"
5074,66484,"Разград",NULL,"Гецово",NULL,"village"
5075,66520,"Разград",NULL,"Балкански",NULL,"village"
5076,66522,"Разград",NULL,"Бели Лом",NULL,"village"
5077,66535,"Разград",NULL,"Белинци",NULL,"village"
5078,66537,"Разград",NULL,"Беловец",NULL,"village"
5079,66575,"Разград",NULL,"Бисерци",NULL,"village"
5080,66597,"Разград",NULL,"Благоево",NULL,"village"
5081,66605,"Разград",NULL,"Богданци",NULL,"village"
5082,66610,"Разград",NULL,"Богомилци",NULL,"village"
5083,66615,"Разград",NULL,"Божурово",NULL,"village"
5084,66623,"Разград",NULL,"Брестовене",NULL,"village"
5085,66670,"Разград",NULL,"Бърдоква",NULL,"village"
5086,66675,"Разград",NULL,"Вазово",NULL,"village"
5087,66680,"Разград",NULL,"Веселец",NULL,"village"
5088,66693,"Разград",NULL,"Веселина",NULL,"village"
5089,66706,"Разград",NULL,"Владимировци",NULL,"village"
5090,66724,"Разград",NULL,"Голям Извор",NULL,"village"
5091,66726,"Разград",NULL,"Голям Поровец",NULL,"village"
5092,66731,"Разград",NULL,"Голяма Вода",NULL,"village"
5093,66736,"Разград",NULL,"Горичево",NULL,"village"
5094,66744,"Разград",NULL,"Гороцвет",NULL,"village"
5095,66755,"Разград",NULL,"Градина",NULL,"village"
5096,66762,"Разград",NULL,"Делчево",NULL,"village"
5097,66767,"Разград",NULL,"Драгомъж",NULL,"village"
5098,66770,"Разград",NULL,"Дряновец",NULL,"village"
5099,66777,"Разград",NULL,"Духовец",NULL,"village"
5100,66779,"Разград",NULL,"Дянково",NULL,"village"
5101,66826,"Разград",NULL,"Езерче",NULL,"village"
5102,66857,"Разград",NULL,"Желязковец",NULL,"village"
5103,66864,"Разград",NULL,"Задруга",NULL,"village"
5104,66873,"Разград",NULL,"Звънарци",NULL,"village"
5105,66886,"Разград",NULL,"Здравец",NULL,"village"
5106,66890,"Разград",NULL,"Иван Шишманово",NULL,"village"
5107,66892,"Разград",NULL,"Йонково",NULL,"village"
5108,66903,"Разград",NULL,"Каменар",NULL,"village"
5109,66910,"Разград",NULL,"Каменово",NULL,"village"
5110,66920,"Разград",NULL,"Кара Михал",NULL,"village"
5111,66923,"Разград",NULL,"Китанчево",NULL,"village"
5112,66936,"Разград",NULL,"Киченица",NULL,"village"
5113,66952,"Разград",NULL,"Конево",NULL,"village"
5114,66954,"Разград",NULL,"Костанденец",NULL,"village"
5115,66961,"Разград",NULL,"Кривица",NULL,"village"
5116,66963,"Разград",NULL,"Крояч",NULL,"village"
5117,66967,"Разград",NULL,"Къпиновци",NULL,"village"
5118,66969,"Разград",NULL,"Липник",NULL,"village"
5119,66981,"Разград",NULL,"Ловско",NULL,"village"
5120,66990,"Разград",NULL,"Лудогорци",NULL,"village"
5121,66997,"Разград",NULL,"Лъвино",NULL,"village"
5122,67001,"Разград",NULL,"Малък Поровец",NULL,"village"
5123,67005,"Разград",NULL,"Манастирско",NULL,"village"
5124,67007,"Разград",NULL,"Манастирци",NULL,"village"
5125,67010,"Разград",NULL,"Медовене",NULL,"village"
5126,67021,"Разград",NULL,"Мортагоново",NULL,"village"
5127,67032,"Разград",NULL,"Мъдрево",NULL,"village"
5128,67044,"Разград",NULL,"Недоклан",NULL,"village"
5129,67050,"Разград",NULL,"Ножарово",NULL,"village"
5130,67055,"Разград",NULL,"Осенец",NULL,"village"
5131,67064,"Разград",NULL,"Острово",NULL,"village"
5132,67107,"Разград",NULL,"Островче",NULL,"village"
5133,67115,"Разград",NULL,"Печеница",NULL,"village"
5134,67117,"Разград",NULL,"Побит Камък",NULL,"village"
5135,67123,"Разград",NULL,"Подайва",NULL,"village"
5136,67130,"Разград",NULL,"Пороище",NULL,"village"
5137,67139,"Разград",NULL,"Прелез",NULL,"village"
5138,67153,"Разград",NULL,"Просторно",NULL,"village"
5139,67159,"Разград",NULL,"Пчелина",NULL,"village"
5140,67162,"Разград",NULL,"Равно",NULL,"village"
5141,67173,"Разград",NULL,"Радинград",NULL,"village"
5142,67178,"Разград",NULL,"Райнино",NULL,"village"
5143,67182,"Разград",NULL,"Раковски",NULL,"village"
5144,67236,"Разград",NULL,"Савин",NULL,"village"
5145,67248,"Разград",NULL,"Самуил",NULL,"village"
5146,67273,"Разград",NULL,"Свещари",NULL,"village"
5147,67284,"Разград",NULL,"Севар",NULL,"village"
5148,67318,"Разград",NULL,"Сейдол",NULL,"village"
5149,67328,"Разград",NULL,"Сеслав",NULL,"village"
5150,67339,"Разград",NULL,"Синя Вода",NULL,"village"
5151,67354,"Разград",NULL,"Средоселци",NULL,"village"
5152,67357,"Разград",NULL,"Старо Селище",NULL,"village"
5153,67361,"Разград",NULL,"Стражец",NULL,"village"
5154,67377,"Разград",NULL,"Студенец",NULL,"village"
5155,67379,"Разград",NULL,"Сушево",NULL,"village"
5156,67387,"Разград",NULL,"Тертер",NULL,"village"
5157,67396,"Разград",NULL,"Тодорово",NULL,"village"
5158,67400,"Разград",NULL,"Топчии",NULL,"village"
5159,67409,"Разград",NULL,"Точилари",NULL,"village"
5160,67421,"Разград",NULL,"Трапище",NULL,"village"
5161,67431,"Разград",NULL,"Тръбач",NULL,"village"
5162,67434,"Разград",NULL,"Ушинци",NULL,"village"
5163,67445,"Разград",NULL,"Хума",NULL,"village"
5164,67447,"Разград",NULL,"Хърсово",NULL,"village"
5165,67458,"Разград",NULL,"Черковна",NULL,"village"
5166,67462,"Разград",NULL,"Чудомир",NULL,"village"
5167,67465,"Разград",NULL,"Юпер",NULL,"village"
5168,67489,"Разград",NULL,"Яким Груево",NULL,"village"
5169,67496,"Разград",NULL,"Ясеновец",NULL,"village"
5170,67537,"Разград",NULL,"Малко Йонково",NULL,"village"
5171,31110,"Габрово",NULL,"Чукилите",NULL,"village"
5172,70276,"Пазарджик",NULL,"Цигов чарк",NULL,"village"
5173,70277,"Перник",NULL,"Кралев дол",NULL,"village"
5174,67858,"Русе",NULL,"Черешово",NULL,"village"
5175,34483,"Русе",NULL,"Брестовица",NULL,"village"
5176,69888,"Велико Търново",NULL,"Осенарите",NULL,"village"
5177,70246,"Благоевград",NULL,"Попови ливади",NULL,"village"
5178,69986,"Варна",NULL,"Дебелец",NULL,"village"
5179,70123,"Видин",NULL,"Подгоре",NULL,"village"
5180,59839,"Кърджали",NULL,"Резбарци",NULL,"village"
5181,8680,"София",NULL,"Панчарево",NULL,"village"
5182,70216,"Смолян",NULL,"Киселчово",NULL,"village"
5183,70217,"Смолян",NULL,"Кокорово",NULL,"village"
5184,70218,"Смолян",NULL,"Орешец",NULL,"village"
5185,8625,"София","София",NULL,"Челопечене","neighborhood"
5186,70243,"София","София",NULL,"м-ст Щъркелово гнездо","neighborhood"
5187,70241,"София","София",NULL,"В.З. Люлин","neighborhood"
5188,8556,"София","София",NULL,"Ботунец","neighborhood"
5189,1197,"Варна","Варна",NULL,"Свети Константин и Елена","neighborhood"
5190,2850,"Варна","Варна",NULL,"Прибой","neighborhood"
5191,2855,"Варна","Варна",NULL,"Фичоза","neighborhood"
5192,2858,"Варна","Варна",NULL,"Ракитника","neighborhood"
5193,2877,"Варна","Варна",NULL,"Боровец - Север","neighborhood"
5194,2879,"Варна","Варна",NULL,"к.к. Чайка","neighborhood"
5195,2886,"Варна","Варна",NULL,"Франга дере","neighborhood"
5196,2894,"Варна","Варна",NULL,"Добрева чешма","neighborhood"
5197,2896,"Варна","Варна",NULL,"Пчелина","neighborhood"
5198,2905,"Варна","Варна",NULL,"Сълзица","neighborhood"
5199,2907,"Варна","Варна",NULL,"Ален мак","neighborhood"
5200,70278,"София","София",NULL,"м-ст Мечката","neighborhood"
5201,2969,"Варна","Варна",NULL,"Слънчев ден","neighborhood"
5202,2972,"Варна","Варна",NULL,"Манастирски рид","neighborhood"
5203,70244,"Пазарджик","Пазарджик",NULL,"Идеален център","neighborhood"
5204,70245,"Пазарджик","Пазарджик",NULL,"Моста на лютата","neighborhood"
5205,31551,"Смолян","Смолян",NULL,"Невястата","neighborhood"
5206,8662,"София","София",NULL,"Република 2","neighborhood"
5207,70274,"Пазарджик","Пазарджик",NULL,"Царица Йоанна","neighborhood"
5208,25000,"Благоевград","Благоевград",NULL,"Запад","neighborhood"
5209,8622,"София","София",NULL,"Требич","neighborhood"
5210,25004,"Благоевград","Благоевград",NULL,"Ален мак","neighborhood"
5211,70251,"Благоевград","Благоевград",NULL,"Идеален център","neighborhood"
5212,24999,"Благоевград","Благоевград",NULL,"Освобождение","neighborhood"
5213,25006,"Благоевград","Благоевград",NULL,"Еленово 2","neighborhood"
5214,25001,"Благоевград","Благоевград",NULL,"Грамада","neighborhood"
5215,70249,"Благоевград","Благоевград",NULL,"Първа промишлена зона","neighborhood"
5216,70252,"Благоевград","Благоевград",NULL,"Широк център","neighborhood"
5217,25008,"Благоевград","Благоевград",NULL,"Орлова чука","neighborhood"
5218,25002,"Благоевград","Благоевград",NULL,"Струмско","neighborhood"
5219,44652,"Кюстендил","Кюстендил",NULL,"Колуша","neighborhood"
5220,44657,"Кюстендил","Кюстендил",NULL,"Осогово","neighborhood"
5221,70255,"Кюстендил","Кюстендил",NULL,"Никола Въжаров","neighborhood"
5222,70256,"Кюстендил","Кюстендил",NULL,"Върташево","neighborhood"
5223,70258,"Кюстендил","Кюстендил",NULL,"В.З. Север","neighborhood"
5224,70259,"Кюстендил","Кюстендил",NULL,"Христо Ботев","neighborhood"
5225,44656,"Кюстендил","Кюстендил",NULL,"Герена","neighborhood"
5226,70265,"Кюстендил","Кюстендил",NULL,"В.З. Юг","neighborhood"
5227,70275,"Бургас","Бургас",NULL,"Мадика","neighborhood"
5228,66091,"Разград","Разград",NULL,"Бели лом","neighborhood"
5229,66083,"Разград","Разград",NULL,"Варош","neighborhood"
5230,66086,"Разград","Разград",NULL,"Васил Левски","neighborhood"
5231,66084,"Разград","Разград",NULL,"Възраждане","neighborhood"
5232,66087,"Разград","Разград",NULL,"Житница","neighborhood"
5233,66082,"Разград","Разград",NULL,"Лудогорие","neighborhood"
5234,66080,"Разград","Разград",NULL,"Орел","neighborhood"
5235,66081,"Разград","Разград",NULL,"Освобождение","neighborhood"
5236,66093,"Разград","Разград",NULL,"Стражецки лозя","neighborhood"
5237,66092,"Разград","Разград",NULL,"Промишлена зона - Север","neighborhood"
5238,68651,"Разград","Разград",NULL,"Промишлена зона - Запад","neighborhood"
5239,68652,"Разград","Разград",NULL,"Промишлена зона","neighborhood"
5240,68653,"Разград","Разград",NULL,"Промишлена зона - Юг","neighborhood"
5241,68654,"Разград","Разград",NULL,"Абритус","neighborhood"
5242,68655,"Разград","Разград",NULL,"Стефан Караджа","neighborhood"
5243,68656,"Разград","Разград",NULL,"Център","neighborhood"
5244,68657,"Разград","Разград",NULL,"Добровски","neighborhood"
5245,68658,"Разград","Разград",NULL,"Оборище","neighborhood"
5246,68659,"Разград","Разград",NULL,"Хърсате","neighborhood"
5247,68660,"Разград","Разград",NULL,"Арменски лозя","neighborhood"
5248,28376,"Търговище","Търговище",NULL,"Въбел","neighborhood"
5249,28381,"Търговище","Търговище",NULL,"Калково","neighborhood"
5250,68671,"Търговище","Търговище",NULL,"Вароша","neighborhood"
5251,68672,"Търговище","Търговище",NULL,"Вилна зона","neighborhood"
5252,28388,"Търговище","Търговище",NULL,"Център","neighborhood"
5253,28377,"Търговище","Търговище",NULL,"Изток","neighborhood"
5254,28380,"Търговище","Търговище",NULL,"Бряг","neighborhood"
5255,28386,"Търговище","Търговище",NULL,"Кооперативен  пазар","neighborhood"
5256,28375,"Търговище","Търговище",NULL,"Запад-2","neighborhood"
5257,28384,"Търговище","Търговище",NULL,"Запад-1","neighborhood"
5258,28378,"Търговище","Търговище",NULL,"Малчо Малчев","neighborhood"
5259,28383,"Търговище","Търговище",NULL,"Запад-3","neighborhood"
5260,68673,"Търговище","Търговище",NULL,"Боровец","neighborhood"
5261,68944,"Търговище","Търговище",NULL,"Промишлена зона","neighborhood"
5262,69197,"Търговище","Търговище",NULL,"Юкя","neighborhood"
5263,33891,"Русе","Русе",NULL,"Възраждане","neighborhood"
5264,67872,"Русе","Русе",NULL,"Изход Русе - Варна","neighborhood"
5265,67871,"Русе","Русе",NULL,"Изход Русе - София","neighborhood"
5266,67779,"Русе","Русе",NULL,"Левента","neighborhood"
5267,33917,"Русе","Русе",NULL,"Промишлена зона - Изток","neighborhood"
5268,67766,"Русе","Русе",NULL,"Родина 3","neighborhood"
5269,67781,"Русе","Русе",NULL,"Русофили","neighborhood"
5270,67768,"Русе","Русе",NULL,"Сарая","neighborhood"
5271,67859,"Русе","Русе",NULL,"Селеметя","neighborhood"
5272,67783,"Русе","Русе",NULL,"Трите гълъба","neighborhood"
5273,67772,"Русе","Русе",NULL,"Пазара","neighborhood"
5274,67755,"Русе","Русе",NULL,"Алеи Възраждане","neighborhood"
5275,67757,"Русе","Русе",NULL,"Веждата","neighborhood"
5276,67888,"Русе","Русе",NULL,"ДЗС","neighborhood"
5277,33899,"Русе","Русе",NULL,"Долапите","neighborhood"
5278,33884,"Русе","Русе",NULL,"Дружба 1","neighborhood"
5279,33901,"Русе","Русе",NULL,"Дружба 2","neighborhood"
5280,33885,"Русе","Русе",NULL,"Дружба 3","neighborhood"
5281,67759,"Русе","Русе",NULL,"Захарна фабрика","neighborhood"
5282,33904,"Русе","Русе",NULL,"Здравец","neighborhood"
5283,33880,"Русе","Русе",NULL,"Здравец Изток","neighborhood"
5284,33892,"Русе","Русе",NULL,"Здравец Север 1","neighborhood"
5285,67760,"Русе","Русе",NULL,"Здравец Север 2","neighborhood"
5286,67873,"Русе","Русе",NULL,"Изход Русе - Силистра","neighborhood"
5287,67776,"Русе","Русе",NULL,"Касева Чешма","neighborhood"
5288,67777,"Русе","Русе",NULL,"Кръста","neighborhood"
5289,67780,"Русе","Русе",NULL,"Липака","neighborhood"
5290,67761,"Русе","Русе",NULL,"Мальовица","neighborhood"
5291,33915,"Русе","Русе",NULL,"Мидия Енос","neighborhood"
5292,67762,"Русе","Русе",NULL,"Нова промишлена зона","neighborhood"
5293,67763,"Русе","Русе",NULL,"Новата махала","neighborhood"
5294,67874,"Русе","Русе",NULL,"Образцов Чифлик","neighborhood"
5295,67764,"Русе","Русе",NULL,"Промишлена зона - Запад","neighborhood"
5296,33886,"Русе","Русе",NULL,"Родина 1","neighborhood"
5297,67765,"Русе","Русе",NULL,"Родина 2","neighborhood"
5298,67767,"Русе","Русе",NULL,"Родина 4","neighborhood"
5299,67782,"Русе","Русе",NULL,"Средна кула","neighborhood"
5300,67769,"Русе","Русе",NULL,"Товарна Гара","neighborhood"
5301,67770,"Русе","Русе",NULL,"Тракцията","neighborhood"
5302,67771,"Русе","Русе",NULL,"Търговия на едро","neighborhood"
5303,33912,"Русе","Русе",NULL,"Хъшове","neighborhood"
5304,33900,"Русе","Русе",NULL,"Цветница","neighborhood"
5305,33908,"Русе","Русе",NULL,"Централен южен район","neighborhood"
5306,33909,"Русе","Русе",NULL,"Център","neighborhood"
5307,33913,"Русе","Русе",NULL,"Чародейка - Север","neighborhood"
5308,33883,"Русе","Русе",NULL,"Чародейка - Юг","neighborhood"
5309,67773,"Русе","Русе",NULL,"Широк център","neighborhood"
5310,67774,"Русе","Русе",NULL,"Ялта","neighborhood"
5311,69854,"Шумен","Шумен",NULL,"Под манастира","neighborhood"
5312,69855,"Шумен","Шумен",NULL,"Чашка","neighborhood"
5313,69856,"Шумен","Шумен",NULL,"Дивизионна болница","neighborhood"
5314,19143,"Шумен","Шумен",NULL,"Боян Българанов 1","neighborhood"
5315,19430,"Шумен","Шумен",NULL,"Боян Българанов 2","neighborhood"
5316,19423,"Шумен","Шумен",NULL,"Гривица","neighborhood"
5317,69857,"Шумен","Шумен",NULL,"Куршун чешма","neighborhood"
5318,19112,"Шумен","Шумен",NULL,"Топхане","neighborhood"
5319,69858,"Шумен","Шумен",NULL,"Болницата","neighborhood"
5320,19436,"Шумен","Шумен",NULL,"Еверест","neighborhood"
5321,19437,"Шумен","Шумен",NULL,"Бялата пръст","neighborhood"
5322,69859,"Шумен","Шумен",NULL,"Пети полк","neighborhood"
5323,69860,"Шумен","Шумен",NULL,"Математическата гимназия","neighborhood"
5324,19417,"Шумен","Шумен",NULL,"Център","neighborhood"
5325,69861,"Шумен","Шумен",NULL,"Пожарната","neighborhood"
5326,69862,"Шумен","Шумен",NULL,"Смесе","neighborhood"
5327,69863,"Шумен","Шумен",NULL,"Пазара","neighborhood"
5328,19429,"Шумен","Шумен",NULL,"Херсон","neighborhood"
5329,69864,"Шумен","Шумен",NULL,"Военно училище","neighborhood"
5330,69865,"Шумен","Шумен",NULL,"Втори корпус","neighborhood"
5331,19438,"Шумен","Шумен",NULL,"Добруджански","neighborhood"
5332,19418,"Шумен","Шумен",NULL,"Тракия","neighborhood"
5333,19420,"Шумен","Шумен",NULL,"Дивдядово","neighborhood"
5334,19428,"Шумен","Шумен",NULL,"Промишлена зона - Запад","neighborhood"
5335,69866,"Шумен","Шумен",NULL,"Промишлена зона - Юг","neighborhood"
5336,19373,"Шумен","Шумен",NULL,"Мътница","neighborhood"
5337,19422,"Шумен","Шумен",NULL,"Макак","neighborhood"
5338,19672,"Шумен","Нови Пазар",NULL,"Нови Пазар","neighborhood"
5339,69867,"Шумен","Шумен",NULL,"Порек","neighborhood"
5340,69868,"Шумен","Шумен",NULL,"Томбул Джамия","neighborhood"
5341,69869,"Шумен","Шумен",NULL,"м-ст Сакарка","neighborhood"
5342,69870,"Силистра","Силистра",NULL,"Запад","neighborhood"
5343,69871,"Силистра","Силистра",NULL,"Изток","neighborhood"
5344,69872,"Силистра","Силистра",NULL,"Малчика","neighborhood"
5345,69873,"Силистра","Силистра",NULL,"Мджиди Табия","neighborhood"
5346,69874,"Силистра","Силистра",NULL,"Митница","neighborhood"
5347,69875,"Силистра","Силистра",NULL,"Промишлена зона - Запад","neighborhood"
5348,69876,"Силистра","Силистра",NULL,"Промишлена зона - Юг","neighborhood"
5349,69877,"Силистра","Силистра",NULL,"Триъгълниците","neighborhood"
5350,69878,"Силистра","Силистра",NULL,"Север","neighborhood"
5351,16756,"Силистра","Силистра",NULL,"Център","neighborhood"
5352,69879,"Силистра","Силистра",NULL,"Юг","neighborhood"
5353,46020,"Велико Търново","Велико Търново",NULL,"Чолаковци","neighborhood"
5354,46015,"Велико Търново","Велико Търново",NULL,"Картала","neighborhood"
5355,46021,"Велико Търново","Велико Търново",NULL,"Бузлуджа","neighborhood"
5356,46017,"Велико Търново","Велико Търново",NULL,"Акация","neighborhood"
5357,46025,"Велико Търново","Велико Търново",NULL,"Асенов","neighborhood"
5358,46028,"Велико Търново","Велико Търново",NULL,"Варуша","neighborhood"
5359,46024,"Велико Търново","Велико Търново",NULL,"Зона Б","neighborhood"
5360,46014,"Велико Търново","Велико Търново",NULL,"Колю Фичето","neighborhood"
5361,46018,"Велико Търново","Велико Търново",NULL,"Промишлена зона - Запад","neighborhood"
5362,69880,"Велико Търново","Велико Търново",NULL,"Промишлена зона - Юг","neighborhood"
5363,46016,"Велико Търново","Велико Търново",NULL,"Света Гора","neighborhood"
5364,69881,"Велико Търново","Велико Търново",NULL,"Стара част","neighborhood"
5365,46023,"Велико Търново","Велико Търново",NULL,"Център","neighborhood"
5366,46234,"Велико Търново","Горна Оряховица",NULL,"Пролет","neighborhood"
5367,69882,"Велико Търново","Горна Оряховица",NULL,"Гарата","neighborhood"
5368,46235,"Велико Търново","Горна Оряховица",NULL,"Калтинец","neighborhood"
5369,69886,"Велико Търново","Горна Оряховица",NULL,"Захарни заводи","neighborhood"
5370,46237,"Велико Търново","Горна Оряховица",NULL,"Арбанашко бърдо","neighborhood"
5371,29983,"Габрово","Габрово",NULL,"Беленци","neighborhood"
5372,29984,"Габрово","Габрово",NULL,"Бичкиня","neighborhood"
5373,29985,"Габрово","Габрово",NULL,"Бойката","neighborhood"
5374,69890,"Габрово","Габрово",NULL,"Болта","neighborhood"
5375,29986,"Габрово","Габрово",NULL,"Борово","neighborhood"
5376,29988,"Габрово","Габрово",NULL,"Велчевци","neighborhood"
5377,29989,"Габрово","Габрово",NULL,"Войново","neighborhood"
5378,29990,"Габрово","Габрово",NULL,"Гачевци","neighborhood"
5379,69891,"Габрово","Габрово",NULL,"Горни Бакойци","neighborhood"
5380,69892,"Габрово","Габрово",NULL,"Долни Бакойци","neighborhood"
5381,29991,"Габрово","Габрово",NULL,"Дядо Дянко","neighborhood"
5382,30030,"Габрово","Габрово",NULL,"Златари","neighborhood"
5383,69893,"Габрово","Габрово",NULL,"Илевци","neighborhood"
5384,30004,"Габрово","Габрово",NULL,"Йовчевци","neighborhood"
5385,30003,"Габрово","Габрово",NULL,"Киевци","neighborhood"
5386,30002,"Габрово","Габрово",NULL,"Кряковци","neighborhood"
5387,30001,"Габрово","Габрово",NULL,"Лисец","neighborhood"
5388,30013,"Габрово","Габрово",NULL,"Лютаци","neighborhood"
5389,29998,"Габрово","Габрово",NULL,"Младост","neighborhood"
5390,29999,"Габрово","Габрово",NULL,"Негенци","neighborhood"
5391,30031,"Габрово","Габрово",NULL,"Недевци","neighborhood"
5392,30005,"Габрово","Габрово",NULL,"Пройновци","neighborhood"
5393,69894,"Габрово","Габрово",NULL,"Промишлена зона-запад","neighborhood"
5394,30006,"Габрово","Габрово",NULL,"Русевци","neighborhood"
5395,30007,"Габрово","Габрово",NULL,"Сарани","neighborhood"
5396,30008,"Габрово","Габрово",NULL,"Сирмани","neighborhood"
5397,30009,"Габрово","Габрово",NULL,"Славовци","neighborhood"
5398,69895,"Габрово","Габрово",NULL,"Стойковци","neighborhood"
5399,30010,"Габрово","Габрово",NULL,"Тлъчници","neighborhood"
5400,69896,"Габрово","Габрово",NULL,"Тончевци","neighborhood"
5401,29993,"Габрово","Габрово",NULL,"Трендафил 1","neighborhood"
5402,29995,"Габрово","Габрово",NULL,"Търсиите","neighborhood"
5403,30029,"Габрово","Габрово",NULL,"Център","neighborhood"
5404,69897,"Габрово","Габрово",NULL,"Чехлевци","neighborhood"
5405,69898,"Велико Търново","Горна Оряховица",NULL,"Център","neighborhood"
5406,29996,"Габрово","Габрово",NULL,"Шенини","neighborhood"
5407,30020,"Габрово","Габрово",NULL,"Ябълка","neighborhood"
5408,69899,"Габрово","Габрово",NULL,"Рачевци","neighborhood"
5409,30027,"Габрово","Габрово",NULL,"Етъра","neighborhood"
5410,30012,"Габрово","Габрово",NULL,"Варчовци","neighborhood"
5411,30000,"Габрово","Габрово",NULL,"Нова Махала","neighborhood"
5412,30016,"Габрово","Габрово",NULL,"Радецки","neighborhood"
5413,29994,"Габрово","Габрово",NULL,"Трендафил 2","neighborhood"
5414,69900,"Варна","Варна",NULL,"Автогара","neighborhood"
5415,1020,"Варна","Варна",NULL,"Аспарухово","neighborhood"
5416,69901,"Варна","Варна",NULL,"Базар Левски","neighborhood"
5417,69902,"Варна","Варна",NULL,"Бизнес парк Варна","neighborhood"
5418,69903,"Варна","Варна",NULL,"Бизнес хотел","neighborhood"
5419,1028,"Варна","Варна",NULL,"Бриз","neighborhood"
5420,1025,"Варна","Варна",NULL,"Виница","neighborhood"
5421,69904,"Варна","Варна",NULL,"ВИНС - Червен площад","neighborhood"
5422,923,"Варна","Варна",NULL,"Възраждане 1","neighborhood"
5423,1018,"Варна","Варна",NULL,"Възраждане 2","neighborhood"
5424,69906,"Варна","Варна",NULL,"Възраждане 3","neighborhood"
5425,69907,"Варна","Варна",NULL,"Възраждане 4","neighborhood"
5426,1023,"Варна","Варна",NULL,"Галата","neighborhood"
5427,69908,"Варна","Варна",NULL,"Гранд Мол","neighborhood"
5428,69909,"Варна","Варна",NULL,"Гръцка махала","neighborhood"
5429,69911,"Варна","Варна",NULL,"ЖП Гара","neighborhood"
5430,1026,"Варна","Варна",NULL,"Завод Дружба","neighborhood"
5431,69912,"Варна","Варна",NULL,"Зимно кино Тракия","neighborhood"
5432,1019,"Варна","Варна",NULL,"Изгрев","neighborhood"
5433,1024,"Варна","Варна",NULL,"Кайсиева градина","neighborhood"
5434,69913,"Варна","Варна",NULL,"Колхозен пазар","neighborhood"
5435,69914,"Варна","Варна",NULL,"Конфуто","neighborhood"
5436,1013,"Варна","Варна",NULL,"Левски","neighborhood"
5437,69916,"Варна","Варна",NULL,"Летище","neighborhood"
5438,69917,"Варна","Варна",NULL,"Лятно кино Тракия","neighborhood"
5439,69918,"Варна","Варна",NULL,"Максуда","neighborhood"
5440,69919,"Варна","Варна",NULL,"Метро","neighborhood"
5441,1014,"Варна","Варна",NULL,"Младост 1","neighborhood"
5442,69920,"Варна","Варна",NULL,"Младост 2","neighborhood"
5443,69921,"Варна","Варна",NULL,"Окръжна болница - Генерали","neighborhood"
5444,69922,"Варна","Варна",NULL,"Операта","neighborhood"
5445,1015,"Варна","Варна",NULL,"Победа","neighborhood"
5446,69924,"Варна","Варна",NULL,"Погреби","neighborhood"
5447,69925,"Варна","Варна",NULL,"Пристанище Варна и крайбрежна зона","neighborhood"
5448,69927,"Варна","Варна",NULL,"Свети Никола","neighborhood"
5449,69928,"Варна","Варна",NULL,"Север","neighborhood"
5450,69929,"Варна","Варна",NULL,"Спортна зала","neighborhood"
5451,69930,"Варна","Варна",NULL,"Стадион Спартак","neighborhood"
5452,1022,"Варна","Варна",NULL,"Трошево","neighborhood"
5453,69932,"Варна","Варна",NULL,"ХЕИ","neighborhood"
5454,69933,"Варна","Варна",NULL,"Христо Ботев","neighborhood"
5455,1027,"Варна","Варна",NULL,"Цветен квартал","neighborhood"
5456,69934,"Варна","Варна",NULL,"Централна поща","neighborhood"
5457,1035,"Варна","Варна",NULL,"Център","neighborhood"
5458,69935,"Варна","Варна",NULL,"Чайка","neighborhood"
5459,69936,"Варна","Варна",NULL,"Чаталджа","neighborhood"
5460,718,"Варна","Варна",NULL,"Акчелар","neighborhood"
5461,824,"Варна","Варна",NULL,"Балам Дере","neighborhood"
5462,69940,"Варна","Варна",NULL,"Боровец - Юг","neighborhood"
5463,69942,"Варна","Варна",NULL,"Евксиноград","neighborhood"
5464,69943,"Варна","Варна",NULL,"Зеленика","neighborhood"
5465,69944,"Варна","Варна",NULL,"Кантара","neighborhood"
5466,710,"Варна","Варна",NULL,"Кочмар","neighborhood"
5467,69945,"Варна","Варна",NULL,"Крушките","neighborhood"
5468,69946,"Варна","Варна",NULL,"Лазур","neighborhood"
5469,69947,"Варна","Варна",NULL,"Ментешето","neighborhood"
5470,69949,"Варна","Варна",NULL,"Перчемлията","neighborhood"
5471,711,"Варна","Варна",NULL,"Планова","neighborhood"
5472,69950,"Варна","Варна",NULL,"Морска Градина","neighborhood"
5473,681,"Варна","Варна",NULL,"Сотира","neighborhood"
5474,1029,"Варна","Варна",NULL,"Промишлена зона - Запад","neighborhood"
5475,69952,"Габрово","Габрово",NULL,"Радичевец","neighborhood"
5476,69954,"Габрово","Габрово",NULL,"Стефановци","neighborhood"
5477,69958,"Варна","Варна",NULL,"Траката","neighborhood"
5478,69959,"Варна","Варна",NULL,"Владиславово","neighborhood"
5479,21412,"Бургас","Бургас",NULL,"Акациите","neighborhood"
5480,21442,"Бургас","Бургас",NULL,"Банево","neighborhood"
5481,21406,"Бургас","Бургас",NULL,"Братя Миладинови","neighborhood"
5482,21438,"Бургас","Бургас",NULL,"Ветрен","neighborhood"
5483,21408,"Бургас","Бургас",NULL,"Възраждане","neighborhood"
5484,21407,"Бургас","Бургас",NULL,"Горно Езерово","neighborhood"
5485,21403,"Бургас","Бургас",NULL,"Долно Езерово","neighborhood"
5486,21415,"Бургас","Бургас",NULL,"Зорница","neighborhood"
5487,21413,"Бургас","Бургас",NULL,"Изгрев","neighborhood"
5488,21416,"Бургас","Бургас",NULL,"Крайморие","neighborhood"
5489,21409,"Бургас","Бургас",NULL,"Лазур","neighborhood"
5490,21445,"Бургас","Бургас",NULL,"Летище Бургас","neighborhood"
5491,21410,"Бургас","Бургас",NULL,"Лозово","neighborhood"
5492,21404,"Бургас","Бургас",NULL,"Меден Рудник","neighborhood"
5493,69965,"Бургас","Бургас",NULL,"Пети километър","neighborhood"
5494,21414,"Бургас","Бургас",NULL,"Победа","neighborhood"
5495,69966,"Бургас","Бургас",NULL,"Пристанище Бургас","neighborhood"
5496,21434,"Бургас","Бургас",NULL,"Промишлена зона - Юг","neighborhood"
5497,69967,"Бургас","Бургас",NULL,"Промишлена зона - Север","neighborhood"
5498,69968,"Бургас","Бургас",NULL,"Промишлена зона - Лозово","neighborhood"
5499,21446,"Бургас","Бургас",NULL,"Рудник","neighborhood"
5500,21405,"Бургас","Бургас",NULL,"Сарафово","neighborhood"
5501,21411,"Бургас","Бургас",NULL,"Славейков","neighborhood"
5502,69970,"Бургас","Бургас",NULL,"Център","neighborhood"
5503,21447,"Бургас","Бургас",NULL,"Черно море","neighborhood"
5504,69971,"Добрич","Добрич",NULL,"Автогара","neighborhood"
5505,64161,"Добрич","Добрич",NULL,"Балик","neighborhood"
5506,69972,"Добрич","Добрич",NULL,"Градска болница","neighborhood"
5507,64041,"Добрич","Добрич",NULL,"Добротица - Албенска","neighborhood"
5508,64159,"Добрич","Добрич",NULL,"Добротица - Варненска","neighborhood"
5509,64324,"Добрич","Добрич",NULL,"Дружба 4","neighborhood"
5510,64321,"Добрич","Добрич",NULL,"Дружба 3","neighborhood"
5511,63871,"Добрич","Добрич",NULL,"Дружба 2","neighborhood"
5512,64160,"Добрич","Добрич",NULL,"Дружба 1","neighborhood"
5513,69973,"Добрич","Добрич",NULL,"Дунавите","neighborhood"
5514,69974,"Добрич","Добрич",NULL,"Енергоразпределение","neighborhood"
5515,64315,"Добрич","Добрич",NULL,"ЖП Гара","neighborhood"
5516,64316,"Добрич","Добрич",NULL,"Иглика","neighborhood"
5517,69975,"Добрич","Добрич",NULL,"Изгрев","neighborhood"
5518,64217,"Добрич","Добрич",NULL,"Йовково","neighborhood"
5519,69976,"Добрич","Добрич",NULL,"Кралска зона","neighborhood"
5520,69977,"Добрич","Добрич",NULL,"Пинета","neighborhood"
5521,64326,"Добрич","Добрич",NULL,"Промишлена зона - Север","neighborhood"
5522,69978,"Добрич","Добрич",NULL,"Промишлена зона - Запад","neighborhood"
5523,64163,"Добрич","Добрич",NULL,"Рилци","neighborhood"
5524,64327,"Добрич","Добрич",NULL,"Свети Георги","neighborhood"
5525,69979,"Добрич","Добрич",NULL,"Северен парк","neighborhood"
5526,64162,"Добрич","Добрич",NULL,"Строител","neighborhood"
5527,64164,"Добрич","Добрич",NULL,"Христо Ботев","neighborhood"
5528,64323,"Добрич","Добрич",NULL,"Център","neighborhood"
5529,69980,"Добрич","Добрич",NULL,"Червената пръст","neighborhood"
5530,69981,"Добрич","Добрич",NULL,"Лозята","neighborhood"
5531,69982,"Добрич","Добрич",NULL,"Гаази баба","neighborhood"
5532,69983,"Варна","Варна",NULL,"Нептун","neighborhood"
5533,69984,"Варна","Варна",NULL,"Общината","neighborhood"
5534,45971,"Велико Търново","Велико Търново",NULL,"Козлуджа","neighborhood"
5535,69988,"Плевен","Плевен",NULL,"Дружба 2","neighborhood"
5536,69989,"Плевен","Плевен",NULL,"Дружба 3","neighborhood"
5537,69990,"Плевен","Плевен",NULL,"Дружба 4","neighborhood"
5538,69991,"Плевен","Плевен",NULL,"Широк Център","neighborhood"
5539,69992,"Плевен","Плевен",NULL,"Идеален център","neighborhood"
5540,69993,"Плевен","Плевен",NULL,"Индустриална зона","neighborhood"
5541,69994,"Плевен","Плевен",NULL,"Индустриална зона - Запад","neighborhood"
5542,69995,"Плевен","Плевен",NULL,"Индустриална зона - Изток","neighborhood"
5543,69996,"Плевен","Плевен",NULL,"Кайлъка","neighborhood"
5544,69997,"Плевен","Плевен",NULL,"Мара Денчева","neighborhood"
5545,69998,"Плевен","Плевен",NULL,"Кожухарска чешма","neighborhood"
5546,69999,"Плевен","Плевен",NULL,"Мъртва долина","neighborhood"
5547,70000,"Плевен","Плевен",NULL,"Орлето","neighborhood"
5548,70001,"Плевен","Плевен",NULL,"Плочата","neighborhood"
5549,70003,"Плевен","Плевен",NULL,"Стражата","neighborhood"
5550,40570,"Плевен","Плевен",NULL,"Сторгозия","neighborhood"
5551,69987,"Плевен","Плевен",NULL,"Дружба 1","neighborhood"
5552,40572,"Плевен","Плевен",NULL,"9-ти квартал","neighborhood"
5553,70004,"Варна","Варна",NULL,"Широк Център","neighborhood"
5554,3583,"Сливен","Сливен",NULL,"Българка","neighborhood"
5555,3646,"Сливен","Сливен",NULL,"Даме Груев","neighborhood"
5556,3647,"Сливен","Сливен",NULL,"Дружба","neighborhood"
5557,3657,"Сливен","Сливен",NULL,"Клуцохор","neighborhood"
5558,3651,"Сливен","Сливен",NULL,"Колю Фичето","neighborhood"
5559,3637,"Сливен","Сливен",NULL,"Комлука","neighborhood"
5560,3654,"Сливен","Сливен",NULL,"Младост","neighborhood"
5561,3660,"Сливен","Сливен",NULL,"Надежда","neighborhood"
5562,3636,"Сливен","Сливен",NULL,"Ново Село","neighborhood"
5563,3648,"Сливен","Сливен",NULL,"Република","neighborhood"
5564,3640,"Сливен","Сливен",NULL,"Речица","neighborhood"
5565,3649,"Сливен","Сливен",NULL,"Сини камъни","neighborhood"
5566,3652,"Сливен","Сливен",NULL,"Стоян Заимов","neighborhood"
5567,70015,"Сливен","Сливен",NULL,"Център","neighborhood"
5568,3434,"Сливен","Сливен",NULL,"Промишлена зона","neighborhood"
5569,3643,"Сливен","Сливен",NULL,"Вилна зона","neighborhood"
5570,50493,"Ловеч","Ловеч",NULL,"Вароша","neighborhood"
5571,50491,"Ловеч","Ловеч",NULL,"Гозница","neighborhood"
5572,50620,"Ловеч","Ловеч",NULL,"Дръстене","neighborhood"
5573,50629,"Ловеч","Ловеч",NULL,"Здравец","neighborhood"
5574,50581,"Ловеч","Ловеч",NULL,"Младост","neighborhood"
5575,50618,"Ловеч","Ловеч",NULL,"Продимчец","neighborhood"
5576,70024,"Сливен","Сливен",NULL,"Руски","neighborhood"
5577,70026,"Ловеч","Ловеч",NULL,"Промишлена зона","neighborhood"
5578,70027,"Ловеч","Ловеч",NULL,"Промишлена зона - Изток","neighborhood"
5579,70028,"Ловеч","Ловеч",NULL,"Промишлена зона - Север","neighborhood"
5580,50630,"Ловеч","Ловеч",NULL,"Център","neighborhood"
5581,50580,"Ловеч","Ловеч",NULL,"Червен Бряг","neighborhood"
5582,70029,"Ловеч","Ловеч",NULL,"Широк център","neighborhood"
5583,70030,"Ловеч","Ловеч",NULL,"Бабаковец","neighborhood"
5584,70031,"Ловеч","Ловеч",NULL,"Синан тепе","neighborhood"
5585,3665,"Сливен","Сливен",NULL,"в.з. Асеновец","neighborhood"
5586,3641,"Сливен","Сливен",NULL,"Диньо Дачев","neighborhood"
5587,43183,"Ямбол","Ямбол",NULL,"Аврен","neighborhood"
5588,43217,"Ямбол","Ямбол",NULL,"Боровец","neighborhood"
5589,43203,"Ямбол","Ямбол",NULL,"Васил Левски","neighborhood"
5590,43085,"Ямбол","Ямбол",NULL,"Възраждане","neighborhood"
5591,43215,"Ямбол","Ямбол",NULL,"Ген. Владимир Заимов","neighborhood"
5592,43204,"Ямбол","Ямбол",NULL,"Георги Бенковски","neighborhood"
5593,43201,"Ямбол","Ямбол",NULL,"Граф Игнатиев","neighborhood"
5594,43205,"Ямбол","Ямбол",NULL,"Доктор Дончев","neighborhood"
5595,43200,"Ямбол","Ямбол",NULL,"Диана","neighborhood"
5596,43213,"Ямбол","Ямбол",NULL,"Златен рог","neighborhood"
5597,43202,"Ямбол","Ямбол",NULL,"Зорница","neighborhood"
5598,43214,"Ямбол","Ямбол",NULL,"Изток","neighborhood"
5599,43208,"Ямбол","Ямбол",NULL,"Каргон","neighborhood"
5600,43210,"Ямбол","Ямбол",NULL,"Райна Княгиня","neighborhood"
5601,43199,"Ямбол","Ямбол",NULL,"Хале","neighborhood"
5602,43108,"Ямбол","Ямбол",NULL,"Христо Ботев","neighborhood"
5603,54083,"Пловдив","Пловдив",NULL,"Каменица 1","neighborhood"
5604,54075,"Пловдив","Пловдив",NULL,"Изгрев","neighborhood"
5605,54072,"Пловдив","Пловдив",NULL,"Беломорски","neighborhood"
5606,54090,"Пловдив","Пловдив",NULL,"Гагарин","neighborhood"
5607,54078,"Пловдив","Пловдив",NULL,"Коматево","neighborhood"
5608,54087,"Пловдив","Пловдив",NULL,"Съдийски","neighborhood"
5609,54074,"Пловдив","Пловдив",NULL,"Прослав","neighborhood"
5610,54086,"Пловдив","Пловдив",NULL,"Остромила","neighborhood"
5611,53974,"Пловдив","Пловдив",NULL,"Тракия","neighborhood"
5612,54089,"Пловдив","Пловдив",NULL,"Мараша","neighborhood"
5613,54091,"Пловдив","Пловдив",NULL,"Столипиново","neighborhood"
5614,54095,"Пловдив","Пловдив",NULL,"Район Западен","neighborhood"
5615,70035,"Пловдив","Пловдив",NULL,"Център","neighborhood"
5616,54071,"Пловдив","Пловдив",NULL,"Кючук Париж","neighborhood"
5617,54079,"Пловдив","Пловдив",NULL,"Тракия-парк Лаута","neighborhood"
5618,54070,"Пловдив","Пловдив",NULL,"Христо Смирненски","neighborhood"
5619,54077,"Пловдив","Пловдив",NULL,"Захарна фабрика","neighborhood"
5620,54084,"Пловдив","Пловдив",NULL,"Капана","neighborhood"
5621,61675,"Стара Загора","Стара Загора",NULL,"Казански","neighborhood"
5622,61727,"Стара Загора","Стара Загора",NULL,"м-ст Голеш","neighborhood"
5623,61810,"Стара Загора","Стара Загора",NULL,"Ремиза","neighborhood"
5624,61798,"Стара Загора","Стара Загора",NULL,"Железник-изток","neighborhood"
5625,61694,"Стара Загора","Стара Загора",NULL,"Зора","neighborhood"
5626,61687,"Стара Загора","Стара Загора",NULL,"Лозенец","neighborhood"
5627,61808,"Стара Загора","Стара Загора",NULL,"АПК","neighborhood"
5628,61813,"Стара Загора","Стара Загора",NULL,"Дъбрава","neighborhood"
5629,61806,"Стара Загора","Стара Загора",NULL,"Самара-3","neighborhood"
5630,61804,"Стара Загора","Стара Загора",NULL,"Самара-1","neighborhood"
5631,61673,"Стара Загора","Стара Загора",NULL,"Кольо Ганчев","neighborhood"
5632,61805,"Стара Загора","Стара Загора",NULL,"Самара-2","neighborhood"
5633,61802,"Стара Загора","Стара Загора",NULL,"Казански-изток","neighborhood"
5634,61683,"Стара Загора","Стара Загора",NULL,"Три чучура-юг","neighborhood"
5635,61824,"Стара Загора","Стара Загора",NULL,"Южна промишлена зона","neighborhood"
5636,61800,"Стара Загора","Стара Загора",NULL,"Три чучура-север","neighborhood"
5637,61729,"Стара Загора","Стара Загора",NULL,"Три чучура-център","neighborhood"
5638,70037,"Варна","Варна",NULL,"Кабакум","neighborhood"
5639,70038,"Варна","Варна",NULL,"Електрон","neighborhood"
5640,70039,"Пловдив","Пловдив",NULL,"Въстанически","neighborhood"
5641,70040,"Пловдив","Пловдив",NULL,"Брезовско шосе","neighborhood"
5642,70041,"Пловдив","Пловдив",NULL,"Асеновградско шосе","neighborhood"
5643,70042,"Пловдив","Пловдив",NULL,"Гладно поле","neighborhood"
5644,70043,"Пловдив","Пловдив",NULL,"Голямоконарско шосе","neighborhood"
5645,70044,"Пловдив","Пловдив",NULL,"Гуджуците","neighborhood"
5646,70045,"Пловдив","Пловдив",NULL,"Западна Дъга","neighborhood"
5647,70046,"Стара Загора","Стара Загора",NULL,"Аязмото","neighborhood"
5648,70047,"Стара Загора","Стара Загора",NULL,"Била-1","neighborhood"
5649,70048,"Стара Загора","Стара Загора",NULL,"Загорка","neighborhood"
5650,70049,"Стара Загора","Стара Загора",NULL,"Македонски","neighborhood"
5651,70050,"Стара Загора","Стара Загора",NULL,"Никола Петков","neighborhood"
5652,70051,"Стара Загора","Стара Загора",NULL,"Математическа гимназия-МГ","neighborhood"
5653,70052,"Стара Загора","Стара Загора",NULL,"Опълченски","neighborhood"
5654,70053,"Стара Загора","Стара Загора",NULL,"Център","neighborhood"
5655,70054,"Стара Загора","Стара Загора",NULL,"Събореният мост","neighborhood"
5656,35712,"Враца","Враца",NULL,"Бистрец","neighborhood"
5657,70055,"Враца","Враца",NULL,"Вежен","neighborhood"
5658,35714,"Враца","Враца",NULL,"Дъбника","neighborhood"
5659,70056,"Враца","Враца",NULL,"Квартал 103","neighborhood"
5660,70057,"Враца","Враца",NULL,"Квартал 72","neighborhood"
5661,35717,"Враца","Враца",NULL,"Кулата","neighborhood"
5662,35721,"Враца","Враца",NULL,"Медковец","neighborhood"
5663,35727,"Враца","Враца",NULL,"Металург","neighborhood"
5664,35716,"Враца","Враца",NULL,"Младост","neighborhood"
5665,70059,"Враца","Враца",NULL,"Околчица","neighborhood"
5666,70060,"Враца","Враца",NULL,"Подбалканска","neighborhood"
5667,70063,"Враца","Враца",NULL,"Самуил","neighborhood"
5668,35556,"Враца","Враца",NULL,"Сениче","neighborhood"
5669,70064,"Враца","Враца",NULL,"Складова база","neighborhood"
5670,35662,"Враца","Враца",NULL,"Студентски Град","neighborhood"
5671,35724,"Враца","Враца",NULL,"Източна промишлена зона","neighborhood"
5672,70065,"Враца","Враца",NULL,"Център","neighborhood"
5673,70066,"Враца","Враца",NULL,"Хранително-вкусова зона","neighborhood"
5674,49191,"Монтана","Монтана",NULL,"Жерави","neighborhood"
5675,49159,"Монтана","Монтана",NULL,"Изгрев","neighborhood"
5676,49194,"Монтана","Монтана",NULL,"Кошарник","neighborhood"
5677,49188,"Монтана","Монтана",NULL,"Мала Кутловица","neighborhood"
5678,49197,"Монтана","Монтана",NULL,"Младост 1","neighborhood"
5679,49189,"Монтана","Монтана",NULL,"Младост 2","neighborhood"
5680,70070,"Монтана","Монтана",NULL,"Огоста","neighborhood"
5681,70071,"Монтана","Монтана",NULL,"Парта 1","neighborhood"
5682,70072,"Монтана","Монтана",NULL,"Парта 2","neighborhood"
5683,49196,"Монтана","Монтана",NULL,"Плиска","neighborhood"
5684,70073,"Монтана","Монтана",NULL,"Северна промишлена зона","neighborhood"
5685,49195,"Монтана","Монтана",NULL,"Пъстрина","neighborhood"
5686,70076,"Враца","Враца",NULL,"Кемера - художник","neighborhood"
5687,70077,"Враца","Враца",NULL,"Западна промишлена зона","neighborhood"
5688,61811,"Стара Загора","Стара Загора",NULL,"Индустриална Зона-изток","neighborhood"
5689,70096,"Монтана","Монтана",NULL,"Център","neighborhood"
5690,70097,"Пловдив","Пловдив",NULL,"Източна дъга","neighborhood"
5691,70086,"Пловдив","Пловдив",NULL,"Индустриална зона-Север","neighborhood"
5692,70088,"Пловдив","Пловдив",NULL,"Индустриална зона-Тракия","neighborhood"
5693,70087,"Пловдив","Пловдив",NULL,"Индустриална зона-Изток","neighborhood"
5694,70089,"Пловдив","Пловдив",NULL,"Индустриална зона-Юг","neighborhood"
5695,70098,"Пловдив","Пловдив",NULL,"Индустриална зона-Изгрев","neighborhood"
5696,70099,"Пловдив","Пловдив",NULL,"Марица север","neighborhood"
5697,70100,"Пловдив","Пловдив",NULL,"Каменица 2","neighborhood"
5698,70101,"Пловдив","Пловдив",NULL,"Карловско шосе","neighborhood"
5699,70102,"Пловдив","Пловдив",NULL,"Коматевски възел","neighborhood"
5700,70103,"Пловдив","Пловдив",NULL,"Коматевско шосе","neighborhood"
5701,70104,"Пловдив","Пловдив",NULL,"Кършияка","neighborhood"
5702,70105,"Пловдив","Пловдив",NULL,"Младежки хълм","neighborhood"
5703,70106,"Пловдив","Пловдив",NULL,"Отдих и култура","neighborhood"
5704,70107,"Пловдив","Пловдив",NULL,"Пазарджишко шосе","neighborhood"
5705,70108,"Пловдив","Пловдив",NULL,"Рогошко шосе","neighborhood"
5706,70109,"Пловдив","Пловдив",NULL,"Старият град","neighborhood"
5707,70110,"Пловдив","Пловдив",NULL,"Сточна гара","neighborhood"
5708,70111,"Пловдив","Пловдив",NULL,"Терзиите","neighborhood"
5709,70112,"Пловдив","Пловдив",NULL,"Филипово","neighborhood"
5710,70113,"Пловдив","Пловдив",NULL,"Цариградско шосе","neighborhood"
5711,70114,"Пловдив","Пловдив",NULL,"Централна гара","neighborhood"
5712,70115,"Пловдив","Пловдив",NULL,"Южна дъга","neighborhood"
5713,70116,"Ямбол","Ямбол",NULL,"Военен полигон Боровец","neighborhood"
5714,70083,"Ямбол","Ямбол",NULL,"Западна промишлена зона","neighborhood"
5715,70084,"Ямбол","Ямбол",NULL,"Център","neighborhood"
5716,70121,"Ямбол","Ямбол",NULL,"Яворов","neighborhood"
5717,18035,"Видин","Видин",NULL,"Александър Стамболийски","neighborhood"
5718,18073,"Видин","Видин",NULL,"Баба Тонка","neighborhood"
5719,18074,"Видин","Видин",NULL,"Бонония","neighborhood"
5720,18094,"Видин","Видин",NULL,"Васил Левски","neighborhood"
5721,18051,"Видин","Видин",NULL,"Вида 1","neighborhood"
5722,18076,"Видин","Видин",NULL,"Вида 2","neighborhood"
5723,18093,"Видин","Видин",NULL,"Възраждане","neighborhood"
5724,18077,"Видин","Видин",NULL,"Гео Милев","neighborhood"
5725,18089,"Видин","Видин",NULL,"Калето","neighborhood"
5726,18079,"Видин","Видин",NULL,"Крум Бъчваров","neighborhood"
5727,18088,"Видин","Видин",NULL,"Нов път","neighborhood"
5728,18080,"Видин","Видин",NULL,"Панония","neighborhood"
5729,18082,"Видин","Видин",NULL,"Плиска","neighborhood"
5730,70090,"Видин","Видин",NULL,"Промишлена зона-Север","neighborhood"
5731,70091,"Видин","Видин",NULL,"Промишлена зона-Запад","neighborhood"
5732,70092,"Видин","Видин",NULL,"Промишлена зона-Юг","neighborhood"
5733,70126,"Видин","Видин",NULL,"Промишлена зона","neighborhood"
5734,18090,"Видин","Видин",NULL,"Стефан Стамболов","neighborhood"
5735,18083,"Видин","Видин",NULL,"Строител","neighborhood"
5736,18084,"Видин","Видин",NULL,"Съединение","neighborhood"
5737,18085,"Видин","Видин",NULL,"Химик","neighborhood"
5738,18086,"Видин","Видин",NULL,"Христо Ботев","neighborhood"
5739,70127,"Видин","Видин",NULL,"Център","neighborhood"
5740,70128,"Враца","Враца",NULL,"Врачански лозя в.з.","neighborhood"
5741,10878,"Хасково","Хасково",NULL,"Бадема","neighborhood"
5742,10900,"Хасково","Хасково",NULL,"Болярово","neighborhood"
5743,10905,"Хасково","Хасково",NULL,"Воеводски","neighborhood"
5744,10890,"Хасково","Хасково",NULL,"Възраждане","neighborhood"
5745,10880,"Хасково","Хасково",NULL,"Дружба 1","neighborhood"
5746,10882,"Хасково","Хасково",NULL,"Каменни","neighborhood"
5747,10879,"Хасково","Хасково",NULL,"Куба","neighborhood"
5748,10881,"Хасково","Хасково",NULL,"Любен Каравелов","neighborhood"
5749,10889,"Хасково","Хасково",NULL,"Македонски","neighborhood"
5750,10886,"Хасково","Хасково",NULL,"Младежки хълм","neighborhood"
5751,10776,"Хасково","Хасково",NULL,"Овчарски","neighborhood"
5752,10877,"Хасково","Хасково",NULL,"Орфей","neighborhood"
5753,10750,"Хасково","Хасково",NULL,"Веспрем","neighborhood"
5754,70129,"Хасково","Хасково",NULL,"Поройни","neighborhood"
5755,70093,"Хасково","Хасково",NULL,"Промишлена зона-Изток","neighborhood"
5756,70095,"Хасково","Хасково",NULL,"Промишлена зона-Север","neighborhood"
5757,70094,"Хасково","Хасково",NULL,"Промишлена зона-Юг","neighborhood"
5758,10902,"Хасково","Хасково",NULL,"Република","neighborhood"
5759,10888,"Хасково","Хасково",NULL,"Тракийски","neighborhood"
5760,10885,"Хасково","Хасково",NULL,"Училищни","neighborhood"
5761,10887,"Хасково","Хасково",NULL,"Хисаря","neighborhood"
5762,70130,"Хасково","Хасково",NULL,"Център","neighborhood"
5763,70131,"Хасково","Хасково",NULL,"В.З. Хасково","neighborhood"
5764,70132,"Стара Загора","Стара Загора",NULL,"Железник-център","neighborhood"
5765,70133,"Стара Загора","Стара Загора",NULL,"Индустриална зона-запад","neighborhood"
5766,70134,"Стара Загора","Стара Загора",NULL,"МБАЛ Иван Рилски","neighborhood"
5767,70135,"Стара Загора","Стара Загора",NULL,"Метро","neighborhood"
5768,70136,"Стара Загора","Стара Загора",NULL,"ОРБ","neighborhood"
5769,70137,"Стара Загора","Стара Загора",NULL,"Студентско градче","neighborhood"
5770,64512,"Добрич","Балчик",NULL,"Балчик","neighborhood"
5771,70139,"Варна","Варна",NULL,"Промишлена зона - Север","neighborhood"
5772,10884,"Хасково","Хасково",NULL,"Войводски","neighborhood"
5773,10883,"Хасково","Хасково",NULL,"Червена стена","neighborhood"
5774,59834,"Кърджали","Кърджали",NULL,"Байкал","neighborhood"
5775,70140,"Кърджали","Кърджали",NULL,"Боровец","neighborhood"
5776,59829,"Кърджали","Кърджали",NULL,"Веселчане","neighborhood"
5777,59832,"Кърджали","Кърджали",NULL,"Възрожденци","neighborhood"
5778,59828,"Кърджали","Кърджали",NULL,"Гледка","neighborhood"
5779,59760,"Кърджали","Кърджали",NULL,"Горна гледка","neighborhood"
5780,59837,"Кърджали","Кърджали",NULL,"Прилепци","neighborhood"
5781,59830,"Кърджали","Кърджали",NULL,"Промишлена зона-изток","neighborhood"
5782,70141,"Кърджали","Кърджали",NULL,"Промишлена зона-юг","neighborhood"
5783,70142,"Кърджали","Кърджали",NULL,"Промишлена зона-А","neighborhood"
5784,70143,"Кърджали","Кърджали",NULL,"Промишлена зона-Б","neighborhood"
5785,59831,"Кърджали","Кърджали",NULL,"Студен кладенец","neighborhood"
5786,70144,"Кърджали","Кърджали",NULL,"Център","neighborhood"
5787,70145,"Бургас","Несебър",NULL,"Нов град","neighborhood"
5788,22818,"Бургас","Несебър",NULL,"Черно море","neighborhood"
5789,70146,"Бургас","Несебър",NULL,"Стар град","neighborhood"
5790,70147,"Бургас","Созопол",NULL,"Стар Град","neighborhood"
5791,70148,"Бургас","Созопол",NULL,"Център","neighborhood"
5792,70149,"Бургас","Созопол",NULL,"Света Марина","neighborhood"
5793,70150,"Бургас","Созопол",NULL,"Буджака","neighborhood"
5794,70151,"Бургас","Созопол",NULL,"Созополис","neighborhood"
5795,70152,"Бургас","Бургас",NULL,"Лахана","neighborhood"
5796,37811,"Пазарджик","Пазарджик",NULL,"Запад","neighborhood"
5797,37817,"Пазарджик","Пазарджик",NULL,"Център","neighborhood"
5798,37802,"Пазарджик","Пазарджик",NULL,"Младост","neighborhood"
5799,70153,"Пазарджик","Пазарджик",NULL,"Изток","neighborhood"
5800,70154,"Пазарджик","Пазарджик",NULL,"Промишлена зона","neighborhood"
5801,70155,"Пазарджик","Пазарджик",NULL,"Промишлена зона-изток","neighborhood"
5802,70156,"Пазарджик","Пазарджик",NULL,"Окръжна болница","neighborhood"
5803,70157,"Пазарджик","Пазарджик",NULL,"Руски","neighborhood"
5804,70158,"Пазарджик","Пазарджик",NULL,"Ставропол","neighborhood"
5805,70160,"Пазарджик","Пазарджик",NULL,"Устрем","neighborhood"
5806,37812,"Пазарджик","Пазарджик",NULL,"Ябълките","neighborhood"
5807,37818,"Пазарджик","Пазарджик",NULL,"Лагера","neighborhood"
5808,70161,"Габрово","Габрово",NULL,"Падало","neighborhood"
5809,70162,"Габрово","Габрово",NULL,"Промишлена зона-север","neighborhood"
5810,70163,"Габрово","Габрово",NULL,"Илиевци","neighborhood"
5811,70165,"Шумен","Шумен",NULL,"Шуменски Университет","neighborhood"
5812,70166,"Шумен","Шумен",NULL,"Трети участък","neighborhood"
5813,70168,"Велико Търново","Велико Търново",NULL,"Запад","neighborhood"
5814,70169,"Велико Търново","Велико Търново",NULL,"Качица","neighborhood"
5815,70170,"Велико Търново","Велико Търново",NULL,"Индустриална зона","neighborhood"
5816,70171,"Велико Търново","Велико Търново",NULL,"Велико Търново Хилс","neighborhood"
5817,70172,"Велико Търново","Велико Търново",NULL,"Широк Център","neighborhood"
5818,3663,"Сливен","Сливен",NULL,"Слънчев Бряг","neighborhood"
5819,70173,"Ямбол","Ямбол",NULL,"Южна промишлена зона","neighborhood"
5820,70175,"Пловдив","Пловдив",NULL,"Южен","neighborhood"
5821,70176,"Пловдив","Пловдив",NULL,"Шекер махала","neighborhood"
5822,70177,"Пловдив","Пловдив",NULL,"Харман махала","neighborhood"
5823,70180,"Добрич","Добрич",NULL,"Север 1","neighborhood"
5824,70181,"Добрич","Добрич",NULL,"Север 3","neighborhood"
5825,70182,"Сливен","Сливен",NULL,"Военно поделение","neighborhood"
5826,3644,"Сливен","Сливен",NULL,"Звездите","neighborhood"
5827,70183,"Враца","Враца",NULL,"Река Лева","neighborhood"
5828,70184,"Враца","Враца",NULL,"Промишлена зона","neighborhood"
5829,50631,"Ловеч","Ловеч",NULL,"Изгрев","neighborhood"
5830,70185,"Монтана","Монтана",NULL,"Южна промишлена зона","neighborhood"
5831,70186,"Монтана","Монтана",NULL,"Аугуста","neighborhood"
5832,70187,"Монтана","Монтана",NULL,"Сипеите","neighborhood"
5833,70188,"Видин","Видин",NULL,"Нов квартал","neighborhood"
5834,70189,"Видин","Видин",NULL,"в.з. Нов квартал","neighborhood"
5835,70190,"София","София",NULL,"Център","neighborhood"
5836,8324,"София","София",NULL,"Манастирски ливади-Изток","neighborhood"
5837,8660,"София","София",NULL,"Манастирски ливади-Запад","neighborhood"
5838,8621,"София","София",NULL,"Лозенец","neighborhood"
5839,8618,"София","София",NULL,"Гоце Делчев","neighborhood"
5840,8604,"София","София",NULL,"Градина","neighborhood"
5841,8541,"София","София",NULL,"Дианабад","neighborhood"
5842,8587,"София","София",NULL,"Студентски град","neighborhood"
5843,8629,"София","София",NULL,"Дървеница","neighborhood"
5844,8631,"София","София",NULL,"Мусагеница","neighborhood"
5845,8544,"София","София",NULL,"Изток","neighborhood"
5846,8574,"София","София",NULL,"Младост-1А","neighborhood"
5847,8538,"София","София",NULL,"Младост-2","neighborhood"
5848,8539,"София","София",NULL,"Младост-3","neighborhood"
5849,8537,"София","София",NULL,"Младост-1","neighborhood"
5850,70191,"София","София",NULL,"НПЗ Изток","neighborhood"
5851,8540,"София","София",NULL,"Младост-4","neighborhood"
5852,8542,"София","София",NULL,"Горубляне","neighborhood"
5853,70192,"София","София",NULL,"7-ми 11-ти километър","neighborhood"
5854,8602,"София","София",NULL,"Полигона","neighborhood"
5855,70193,"София","София",NULL,"НПЗ Искър","neighborhood"
5856,8608,"София","София",NULL,"В.З. Врана-Лозен Триъгълника","neighborhood"
5857,8536,"София","София",NULL,"Слатина","neighborhood"
5858,8617,"София","София",NULL,"Редута","neighborhood"
5859,70194,"София","София",NULL,"Оборище","neighborhood"
5860,8688,"София","София",NULL,"Подуяне","neighborhood"
5861,8553,"София","София",NULL,"Банишора","neighborhood"
5862,8588,"София","София",NULL,"Света Троица","neighborhood"
5863,8559,"София","София",NULL,"Гео Милев","neighborhood"
5864,8560,"София","София",NULL,"Гевгелийски","neighborhood"
5865,8563,"София","София",NULL,"Западен парк","neighborhood"
5866,8592,"София","София",NULL,"Разсадника","neighborhood"
5867,8565,"София","София",NULL,"Зона Б-18","neighborhood"
5868,8566,"София","София",NULL,"Зона Б-19","neighborhood"
5869,8567,"София","София",NULL,"Зона Б-5","neighborhood"
5870,8571,"София","София",NULL,"Красна поляна-1","neighborhood"
5871,8598,"София","София",NULL,"Факултета","neighborhood"
5872,8661,"София","София",NULL,"Овча Купел 1","neighborhood"
5873,70195,"София","София",NULL,"Овча Купел","neighborhood"
5874,8589,"София","София",NULL,"Славия","neighborhood"
5875,8612,"София","София",NULL,"Павлово","neighborhood"
5876,8614,"София","София",NULL,"Бъкстон","neighborhood"
5877,8626,"София","София",NULL,"Красно село","neighborhood"
5878,8620,"София","София",NULL,"Борово","neighborhood"
5879,8549,"София","София",NULL,"Стрелбище","neighborhood"
5880,8551,"София","София",NULL,"Хиподрума","neighborhood"
5881,70196,"София","София",NULL,"НПЗ Средец","neighborhood"
5882,8590,"София","София",NULL,"Сердика","neighborhood"
5883,8572,"София","София",NULL,"Лагера","neighborhood"
5884,8650,"София","София",NULL,"Медицинска академия","neighborhood"
5885,8605,"София","София",NULL,"Фондови жилища","neighborhood"
5886,8564,"София","София",NULL,"Захарна фабрика","neighborhood"
5887,8624,"София","София",NULL,"Модерно Предградие","neighborhood"
5888,70197,"София","София",NULL,"СПЗ Модерно Предградие","neighborhood"
5889,8582,"София","София",NULL,"Обеля 1","neighborhood"
5890,8581,"София","София",NULL,"Обеля","neighborhood"
5891,8583,"София","София",NULL,"Обеля 2","neighborhood"
5892,8633,"София","София",NULL,"Люлин-1","neighborhood"
5893,8635,"София","София",NULL,"Люлин-3","neighborhood"
5894,8628,"София","София",NULL,"Люлин-4","neighborhood"
5895,8637,"София","София",NULL,"Люлин-6","neighborhood"
5896,8636,"София","София",NULL,"Люлин-5","neighborhood"
5897,8638,"София","София",NULL,"Люлин-7","neighborhood"
5898,70198,"София","София",NULL,"Люлин-център","neighborhood"
5899,8630,"София","София",NULL,"Люлин-8","neighborhood"
5900,8639,"София","София",NULL,"Люлин-9","neighborhood"
5901,8640,"София","София",NULL,"Люлин-10","neighborhood"
5902,8593,"София","София",NULL,"Република","neighborhood"
5903,8600,"София","София",NULL,"Връбница-1","neighborhood"
5904,8601,"София","София",NULL,"Връбница-2","neighborhood"
5905,8577,"София","София",NULL,"Надежда 3","neighborhood"
5906,8579,"София","София",NULL,"Надежда 4","neighborhood"
5907,8575,"София","София",NULL,"Надежда 1","neighborhood"
5908,8576,"София","София",NULL,"Надежда 2","neighborhood"
5909,8597,"София","София",NULL,"Триъгълника-Надежда","neighborhood"
5910,8596,"София","София",NULL,"Толстой","neighborhood"
5911,8613,"София","София",NULL,"Свобода","neighborhood"
5912,8569,"София","София",NULL,"Илиянци","neighborhood"
5913,8664,"София","София",NULL,"Промишлена зона Военна рампа","neighborhood"
5914,8586,"София","София",NULL,"Орландовци","neighborhood"
5915,8609,"София","София",NULL,"Промишлена зона Илиянци","neighborhood"
5916,8555,"София","София",NULL,"Бенковски","neighborhood"
5917,8573,"София","София",NULL,"Малашевци","neighborhood"
5918,8552,"София","София",NULL,"Хаджи Димитър","neighborhood"
5919,8689,"София","София",NULL,"Стефан Караджа","neighborhood"
5920,70199,"София","София",NULL,"НПЗ Хаджи Димитър","neighborhood"
5921,8645,"София","София",NULL,"Яворов","neighborhood"
5922,8627,"София","София",NULL,"Сухата река","neighborhood"
5923,70200,"София","София",NULL,"СПЗ Слатина","neighborhood"
5924,8653,"София","София",NULL,"Христо Ботев","neighborhood"
5925,8678,"София","София",NULL,"летище София Север","neighborhood"
5926,8558,"София","София",NULL,"Враждебна","neighborhood"
5927,8619,"София","София",NULL,"Левски-Г","neighborhood"
5928,8615,"София","София",NULL,"Левски","neighborhood"
5929,8616,"София","София",NULL,"Левски-В","neighborhood"
5930,8643,"София","София",NULL,"Абдовица","neighborhood"
5931,8591,"София","София",NULL,"Димитър Миленков","neighborhood"
5932,8623,"София","София",NULL,"Витоша","neighborhood"
5933,8652,"София","София",NULL,"Кръстова вада","neighborhood"
5934,8562,"София","София",NULL,"Драгалевци","neighborhood"
5935,8557,"София","София",NULL,"Бояна","neighborhood"
5936,8648,"София","София",NULL,"Красна поляна-3","neighborhood"
5937,8647,"София","София",NULL,"Красна поляна-2","neighborhood"
5938,8561,"София","София",NULL,"Горна Баня","neighborhood"
5939,8646,"София","София",NULL,"Карпузица","neighborhood"
5940,8570,"София","София",NULL,"Княжево","neighborhood"
5941,8690,"София","София",NULL,"Малинова Долина","neighborhood"
5942,8595,"София","София",NULL,"Симеоново","neighborhood"
5943,8373,"София","София",NULL,"В.З. Симеоново-Драгалевци","neighborhood"
5944,70201,"София","София",NULL,"В.З. Малинова Долина","neighborhood"
5945,70203,"София","София",NULL,"В.З. Бункера","neighborhood"
5946,8632,"София","София",NULL,"Камбаните","neighborhood"
5947,8656,"София","София",NULL,"София Вилидж","neighborhood"
5948,70205,"София","София",NULL,"м-ст Подлозище","neighborhood"
5949,8599,"София","София",NULL,"Филиповци","neighborhood"
5950,8655,"София","София",NULL,"Зона Б-5-3","neighborhood"
5951,8607,"София","София",NULL,"Южен парк","neighborhood"
5952,8550,"София","София",NULL,"Хладилника","neighborhood"
5953,8634,"София","София",NULL,"Люлин-2","neighborhood"
5954,8568,"София","София",NULL,"Илинден","neighborhood"
5955,8554,"София","София",NULL,"Белите брези","neighborhood"
5956,8548,"София","София",NULL,"Иван Вазов","neighborhood"
5957,8671,"София","София",NULL,"жг Зоопарк","neighborhood"
5958,8543,"София","София",NULL,"Изгрев","neighborhood"
5959,8545,"София","София",NULL,"Дружба-1","neighborhood"
5960,8546,"София","София",NULL,"Дружба-2","neighborhood"
5961,70207,"София","София",NULL,"В.З. Гърдова глава","neighborhood"
5962,70211,"София","София",NULL,"м-ст Мала кория","neighborhood"
5963,70212,"София","София",NULL,"В.З. Черния кос","neighborhood"
5964,8685,"София","София",NULL,"Експериментален","neighborhood"
5965,8547,"София","София",NULL,"Овча Купел 2","neighborhood"
5966,70215,"София","София",NULL,"В.З. Киноцентъра","neighborhood"
5967,8669,"София","София",NULL,"В.З. Американски колеж","neighborhood"
5968,31550,"Смолян","Смолян",NULL,"Нов Център","neighborhood"
5969,31523,"Смолян","Смолян",NULL,"Стар Център","neighborhood"
5970,70219,"Смолян","Смолян",NULL,"Станевска Махала","neighborhood"
5971,70220,"Смолян","Смолян",NULL,"Средок","neighborhood"
5972,31549,"Смолян","Смолян",NULL,"Каптажа","neighborhood"
5973,70221,"Смолян","Смолян",NULL,"В.З. Смолян","neighborhood"
5974,31546,"Смолян","Смолян",NULL,"Езерово","neighborhood"
5975,31553,"Смолян","Смолян",NULL,"Промишлена зона-Север","neighborhood"
5976,31548,"Смолян","Смолян",NULL,"Горно Райково","neighborhood"
5977,70222,"Смолян","Смолян",NULL,"Долно Райково","neighborhood"
5978,58645,"Перник","Перник",NULL,"Байкушева махала","neighborhood"
5979,58643,"Перник","Перник",NULL,"Бела вода","neighborhood"
5980,58646,"Перник","Перник",NULL,"Варош","neighborhood"
5981,58686,"Перник","Перник",NULL,"Васил Левски","neighborhood"
5982,58600,"Перник","Перник",NULL,"Димова махала","neighborhood"
5983,58648,"Перник","Перник",NULL,"Драгановец","neighborhood"
5984,70223,"Смолян","Смолян",NULL,"Пром. зона-Трандевица","neighborhood"
5985,70224,"Перник","Перник",NULL,"Захаринова махала","neighborhood"
5986,58659,"Перник","Перник",NULL,"Изток","neighborhood"
5987,58649,"Перник","Перник",NULL,"Калкас","neighborhood"
5988,58650,"Перник","Перник",NULL,"Каменина","neighborhood"
5989,58653,"Перник","Перник",NULL,"Клепало","neighborhood"
5990,70226,"Перник","Перник",NULL,"Кошаревска махала","neighborhood"
5991,58688,"Перник","Перник",NULL,"Красно село","neighborhood"
5992,58675,"Перник","Перник",NULL,"Кристал","neighborhood"
5993,58655,"Перник","Перник",NULL,"Куциян","neighborhood"
5994,70227,"Перник","Перник",NULL,"Ладовица","neighborhood"
5995,58651,"Перник","Перник",NULL,"Могиличе","neighborhood"
5996,58676,"Перник","Перник",NULL,"Мошино","neighborhood"
5997,31544,"Смолян","Смолян",NULL,"Устово","neighborhood"
5998,70229,"Смолян","Смолян",NULL,"Петровица","neighborhood"
5999,70231,"Перник","Перник",NULL,"Пригаров район","neighborhood"
6000,31554,"Смолян","Смолян",NULL,"Горно Влахово","neighborhood"
6001,70232,"Перник","Перник",NULL,"Промишлена зона","neighborhood"
6002,58670,"Перник","Перник",NULL,"Проучване","neighborhood"
6003,58652,"Перник","Перник",NULL,"Ралица","neighborhood"
6004,58689,"Перник","Перник",NULL,"Рено","neighborhood"
6005,58668,"Перник","Перник",NULL,"Рудничар","neighborhood"
6006,70233,"Перник","Перник",NULL,"Селото","neighborhood"
6007,70234,"Перник","Перник",NULL,"Стара Тева","neighborhood"
6008,70235,"Перник","Перник",NULL,"Табана","neighborhood"
6009,58453,"Перник","Перник",NULL,"Твърди Ливади","neighborhood"
6010,58644,"Перник","Перник",NULL,"Тева","neighborhood"
6011,70236,"Перник","Перник",NULL,"Христо Ботев","neighborhood"
6012,58660,"Перник","Перник",NULL,"Христо Смирненски","neighborhood"
6013,58669,"Перник","Перник",NULL,"Хумни дол","neighborhood"
6014,70237,"Перник","Перник",NULL,"Център","neighborhood"
6015,58658,"Перник","Перник",NULL,"Църква","neighborhood"
6016,70240,"София","София",NULL,"м-ст яз. Искър","neighborhood"
6017,70247,"Благоевград","Благоевград",NULL,"Втора промишлена зона","neighborhood"
6018,70248,"Благоевград","Благоевград",NULL,"Бялата висота","neighborhood"
6019,70250,"Благоевград","Благоевград",NULL,"Баларбаши","neighborhood"
6020,25009,"Благоевград","Благоевград",NULL,"Вароша","neighborhood"
6021,24849,"Благоевград","Благоевград",NULL,"Еленово 1","neighborhood"
6022,70253,"Кюстендил","Кюстендил",NULL,"Румена Войвода","neighborhood"
6023,44662,"Кюстендил","Кюстендил",NULL,"Запад","neighborhood"
6024,70254,"Кюстендил","Кюстендил",NULL,"Център","neighborhood"
6025,44653,"Кюстендил","Кюстендил",NULL,"Могилата","neighborhood"
6026,70257,"Кюстендил","Кюстендил",NULL,"Промишлена зона-Север","neighborhood"
6027,44658,"Кюстендил","Кюстендил",NULL,"Бузлуджа","neighborhood"
6028,70260,"Кюстендил","Кюстендил",NULL,"Ильо Войвода","neighborhood"
6029,70261,"Кюстендил","Кюстендил",NULL,"Бял Камък","neighborhood"
6030,70263,"Кюстендил","Кюстендил",NULL,"Промишлена зона-Изток","neighborhood"
6031,44649,"Кюстендил","Кюстендил",NULL,"Изток","neighborhood"
6032,10894,"Хасково","Хасково",NULL,"В.З. Кенана","neighborhood"
6033,70268,"Стара Загора","Стара Загора",NULL,"БКП","neighborhood"
6034,70269,"Стара Загора","Стара Загора",NULL,"Мол галерия","neighborhood"
6035,8585,"София","София",NULL,"Суходол","neighborhood"
